id,url,media,score,title,author,edited,is_self,over_18,preview,spoiler,selftext,stickied,permalink,subreddit,created_utc,num_comments,upvote_ratio,link_flair_text
1n95tm2,https://v.redd.it/e1lbz70focnf1,"{'reddit_video': {'width': 1280, 'height': 720, 'is_gif': False, 'hls_url': 'https://v.redd.it/e1lbz70focnf1/HLSPlaylist.m3u8?a=1759672802%2CY2JlOWYxMzM3NGQzYWExZjk3MGI3YzZhZGYxZDU1MDAwZWJjMzg0OWRmMmQwMjE0MmFjMDUxZWZiNzk2YzY2Yg%3D%3D&v=1&f=sd', 'dash_url': 'https://v.redd.it/e1lbz70focnf1/DASHPlaylist.mpd?a=1759672802%2CZGU2ZDhlNmU5MjI4NjA0ZTg2NzJkMTljN2EzNjk0MTZiMDhkM2EzYmY4YjEzMzc5MmNmYTYzYWY0Yzc5NTI4Zg%3D%3D&v=1&f=sd', 'duration': 225, 'has_audio': True, 'bitrate_kbps': 2400, 'fallback_url': 'https://v.redd.it/e1lbz70focnf1/DASH_720.mp4?source=fallback', 'scrubber_media_url': 'https://v.redd.it/e1lbz70focnf1/DASH_96.mp4', 'transcoding_status': 'completed'}}",1,BF1 was pretty dang fun!,TenDency2Cry,False,False,False,"{'images': [{'id': 'd243bXg3MGZvY25mMYAO247HfCX7vpuBKOZIYxT-n5WsYjo9ZzszuPwq3yuT', 'source': {'url': 'https://external-preview.redd.it/d243bXg3MGZvY25mMYAO247HfCX7vpuBKOZIYxT-n5WsYjo9ZzszuPwq3yuT.png?format=pjpg&auto=webp&s=c73c9d5a0a353d007581a861206f65ae90e37acb', 'width': 1280, 'height': 720}, 'variants': {}, 'resolutions': [{'url': 'https://external-preview.redd.it/d243bXg3MGZvY25mMYAO247HfCX7vpuBKOZIYxT-n5WsYjo9ZzszuPwq3yuT.png?width=108&crop=smart&format=pjpg&auto=webp&s=608212abd91fca958e08cb07512dd64d02b302b6', 'width': 108, 'height': 60}, {'url': 'https://external-preview.redd.it/d243bXg3MGZvY25mMYAO247HfCX7vpuBKOZIYxT-n5WsYjo9ZzszuPwq3yuT.png?width=216&crop=smart&format=pjpg&auto=webp&s=ebf12a4bf1d05a87524106423a7db8e22e6d4a4d', 'width': 216, 'height': 121}, {'url': 'https://external-preview.redd.it/d243bXg3MGZvY25mMYAO247HfCX7vpuBKOZIYxT-n5WsYjo9ZzszuPwq3yuT.png?width=320&crop=smart&format=pjpg&auto=webp&s=00abfe88dd44ab52785507508f33f5ee4fd42ad4', 'width': 320, 'height': 180}, {'url': 'https://external-preview.redd.it/d243bXg3MGZvY25mMYAO247HfCX7vpuBKOZIYxT-n5WsYjo9ZzszuPwq3yuT.png?width=640&crop=smart&format=pjpg&auto=webp&s=852f56a0b0388ab80cc738a3f626dd056982cc53', 'width': 640, 'height': 360}, {'url': 'https://external-preview.redd.it/d243bXg3MGZvY25mMYAO247HfCX7vpuBKOZIYxT-n5WsYjo9ZzszuPwq3yuT.png?width=960&crop=smart&format=pjpg&auto=webp&s=36545e4018ca0d8b54fe963843847ea4cab3d08a', 'width': 960, 'height': 540}, {'url': 'https://external-preview.redd.it/d243bXg3MGZvY25mMYAO247HfCX7vpuBKOZIYxT-n5WsYjo9ZzszuPwq3yuT.png?width=1080&crop=smart&format=pjpg&auto=webp&s=edd308f4ff2c60118e676d5309a152ae0d769a26', 'width': 1080, 'height': 607}]}], 'enabled': False}",False,"Looking back at old vids because the BF6 beta. Fun times on 1, that was a very very good game. ",False,/r/Battlefield/comments/1n95tm2/bf1_was_pretty_dang_fun/,Battlefield,1757080232.0,0,1.0,Battlefield 1
1n95rnt,https://v.redd.it/f2oumdn2pcnf1,"{'reddit_video': {'width': 854, 'height': 448, 'is_gif': False, 'hls_url': 'https://v.redd.it/f2oumdn2pcnf1/HLSPlaylist.m3u8?a=1759672802%2CNjQ4ZTMxNmYxYWM5NzIzYWM3MjQxZThjYjk0ZWU5YjQxMjU5ODE2YjVkZGEyMjgzNGIwNzc4MzI2NDkwYWE2MQ%3D%3D&v=1&f=sd', 'dash_url': 'https://v.redd.it/f2oumdn2pcnf1/DASHPlaylist.mpd?a=1759672802%2CNzZlN2EzZjkxZTUxY2Q2MGNjOWZlMmQ3MzVhNzlmYTI2ZDUyNzllYzcwNmRhNDFiZTE4Njk2OTI4MTA1ODhmYg%3D%3D&v=1&f=sd', 'duration': 11, 'has_audio': True, 'bitrate_kbps': 1200, 'fallback_url': 'https://v.redd.it/f2oumdn2pcnf1/DASH_480.mp4?source=fallback', 'scrubber_media_url': 'https://v.redd.it/f2oumdn2pcnf1/DASH_96.mp4', 'transcoding_status': 'completed'}}",3,Can we have these animations for crouching and prone back in BF6? In Beta they felt instant/too fast.,Sumeribag,False,False,False,"{'images': [{'id': 'Y240MGRkbjJwY25mMak183_7yGGts6cKvacJws1RXk6JSwmVCnrLAocIQaqR', 'source': {'url': 'https://external-preview.redd.it/Y240MGRkbjJwY25mMak183_7yGGts6cKvacJws1RXk6JSwmVCnrLAocIQaqR.png?format=pjpg&auto=webp&s=eb45148b5efe784b09837eeb544ac913acae349f', 'width': 1280, 'height': 672}, 'variants': {}, 'resolutions': [{'url': 'https://external-preview.redd.it/Y240MGRkbjJwY25mMak183_7yGGts6cKvacJws1RXk6JSwmVCnrLAocIQaqR.png?width=108&crop=smart&format=pjpg&auto=webp&s=8d196692e2ab513d5487ba9b1fcc29a40ff0cff6', 'width': 108, 'height': 56}, {'url': 'https://external-preview.redd.it/Y240MGRkbjJwY25mMak183_7yGGts6cKvacJws1RXk6JSwmVCnrLAocIQaqR.png?width=216&crop=smart&format=pjpg&auto=webp&s=d098ffb57de5cd58345edca1250e71967e56e221', 'width': 216, 'height': 113}, {'url': 'https://external-preview.redd.it/Y240MGRkbjJwY25mMak183_7yGGts6cKvacJws1RXk6JSwmVCnrLAocIQaqR.png?width=320&crop=smart&format=pjpg&auto=webp&s=a4db70549b1e3ef23fa9215ca19c1138c997d2cb', 'width': 320, 'height': 168}, {'url': 'https://external-preview.redd.it/Y240MGRkbjJwY25mMak183_7yGGts6cKvacJws1RXk6JSwmVCnrLAocIQaqR.png?width=640&crop=smart&format=pjpg&auto=webp&s=8af795c7d393e961b65bb24c05287c16ee2209d6', 'width': 640, 'height': 336}, {'url': 'https://external-preview.redd.it/Y240MGRkbjJwY25mMak183_7yGGts6cKvacJws1RXk6JSwmVCnrLAocIQaqR.png?width=960&crop=smart&format=pjpg&auto=webp&s=22c062045ce0c65bb56740d96d32ac03004acd9b', 'width': 960, 'height': 504}, {'url': 'https://external-preview.redd.it/Y240MGRkbjJwY25mMak183_7yGGts6cKvacJws1RXk6JSwmVCnrLAocIQaqR.png?width=1080&crop=smart&format=pjpg&auto=webp&s=8815cbf7ab4a14b4ad788688a9873942662385c2', 'width': 1080, 'height': 567}]}], 'enabled': False}",False,,False,/r/Battlefield/comments/1n95rnt/can_we_have_these_animations_for_crouching_and/,Battlefield,1757080094.0,1,0.8,Battlefield 6
1n95jz8,https://www.reddit.com/r/BattlefieldDominicano/comments/1n95jz8/discussion_battlefield_6_br_portal_custom/,,1,"[Discussion] Battlefield 6 BR + Portal = Custom Resurgence-style maps, air support tweaks & endless possibilities",jryacr,False,True,False,,False,"So I’ve been reading the leaks about Battlefield 6 getting a Battle Royale mode, and honestly it sounds interesting. The part that stood out to me is how it might connect with Portal. From what I understand, Portal in BF6 will let people build custom maps and modes, almost like Forge in Halo. PC players will be the ones making the maps, but console players can still play them. Since servers can stay up even when empty, the community could actually keep certain maps alive for a long time.

Here’s what I think would be cool:

A Resurgence-type map like COD’s Rebirth Island, but with Battlefield’s destruction and vehicles.

Air support changes, like balancing UAVs or orbital strikes so they aren’t too overpowered, maybe tying them to objectives instead of random drops.

A mix of BR and Conquest, where you fight for flags while the circle closes in.

I also wonder if this could be really good for streamers and the community. Imagine if someone builds a map that ends up being the most played and gets a lot of attention online. That could make Battlefield feel fresh for a long time.

Personally, I’d like to see a small, fast-paced Battlefield BR map with nonstop fights, similar to Rebirth but with tanks, helis, and destruction added in.

 

What do you think—should custom BR maps go full chaos with big air support, or keep it simple and more focused like Resurgence?",False,/r/BattlefieldDominicano/comments/1n95jz8/discussion_battlefield_6_br_portal_custom/,BattlefieldDominicano,1757079570.0,0,1.0,
1n95icu,https://www.reddit.com/r/buildapc/comments/1n95icu/ultrawide_gaming_upgrade_to_9800x3d_and_5080/,,0,Ultrawide gaming upgrade to 9800x3d and 5080?,Zinjifrah,False,True,False,,False,"Would love people’s thoughts on an upgrade. I’m gaming on an Alienware UW OLED that goes to 165hz so trying to nearly match that (without going overboard).  Gaming-wise, it's for ""everything"", from CP77 to BF6 to AOW4 to Civ7 to Balatro (hear those GPU fans roar!).

**What I’m Carrying Over**

* Alienware 34” UW monitor (AW3423DWF)
* Corsair iCUE 5000X RGB ATX Mid Tower Case
* 3 M.2 SSDs (7GB combined and not PCIE5) and a ‘Cuda HD for bulk storage
* EVGA SuperNOVA 1000 P5 1000 W 80+ Platinum

**What I’m Upgrading (approx $2K all-in)**

* AMD 9800X3D (from my 12700K and feel zero need to deal with Intel’s current issues) - $480
* ASUS Tuf B850 mobo - $226
* G.SKILL Trident Z5 Neo Series DDR5 RAM (2x32GB) - $215 (yes, it’s “too much” RAM but I'm the king of alt-tab)
* ASUS Prime RTX5080 (from my 3080) - $1000

**What I’m Probably Not Changing**

* My current (3 year old) ARCTIC Liquid Freezer II 280 AIO
   * I assume I should just stick with this but in the scheme of things but…
   * Pro’s
      * I already have it (but not an AM5 bracket) so Free!
      * It’s nice and quiet.
   * Con's
      * Air simpler in the long term. 
      * Don’t need as much cooling with this CPU vs OC’d 12700k
      * I’ll need to buy a mounting adapter for the AM5 (oh no, $10)

Anything I screwed up? Any changes you’d make?",False,/r/buildapc/comments/1n95icu/ultrawide_gaming_upgrade_to_9800x3d_and_5080/,buildapc,1757079455.0,2,0.5,Build Help
1n94uuf,https://www.reddit.com/r/Battlefield/comments/1n94uuf/dear_dice_please_take_bfvs_approach_to_spotting/,,17,Dear DICE: Please take BFV’s approach to spotting into BF6,bob_jacket09,1757080018.0,True,False,,False,"So I recently got back into Battlefield after a long break. My journey started with BC2, then BF3, and after more than 10 years away I jumped back in with the BF6 Open Beta. While waiting for the full release, I’ve been spending time in BF1, and more recently, BFV.

There’s one thing they all share: 3D spotting. But in BFV I really noticed how much better the gameplay feels when that mechanic is toned down. Fewer random enemy encounters, people actually use cover more, and getting kills feels way harder.

But that added difficulty makes every kill so much more satisfying. No more “shooting flying Doritos” without ever seeing the enemy. No more spraying through smoke or debris just because a red triangle told you to.

On top of that, Recon is given a specific role within the game. It can spot enemies with a shot or binoculars, and that gives the class an actual unique role. From what I can tell, DICE’s current approach is to give each class some kind of “OP gadget/skill” now that the open weapons system is the norm. Making Recon the dedicated spotting class fits perfectly with that philosophy — and maybe would make the class more popular (since in the Beta, Recon was by far the least used).

So yeah, to sum it up, BFV’s system gives us:
- More deliberate gameplay, less “SEE RED DOT, SHOOT” 
- Kills that actually feel earned
- Recon with a unique and valuable role

It honestly feels strange to me how DICE nailed this balance in BFV after 15+ years of 3D spotting… and then just went back to the old system in the BF6 Beta.

DICE, please, take some notes from BFV when tuning spotting in BF6 — the game could benefit a lot from it.",False,/r/Battlefield/comments/1n94uuf/dear_dice_please_take_bfvs_approach_to_spotting/,Battlefield,1757077793.0,5,0.79,Discussion
1n94crp,https://youtube.com/watch?v=I5y3YCEL9BQ&si=m9Uk8YEofmNboj1T,"{'type': 'youtube.com', 'oembed': {'html': '<iframe width=""356"" height=""200"" src=""https://www.youtube.com/embed/I5y3YCEL9BQ?feature=oembed&enablejsapi=1"" frameborder=""0"" allow=""accelerometer; autoplay; clipboard-write; encrypted-media; gyroscope; picture-in-picture; web-share"" referrerpolicy=""strict-origin-when-cross-origin"" allowfullscreen title=""AUC3I - Daily Briefing  09-05-2025  On the WAR in Ukraine""></iframe>', 'type': 'video', 'title': 'AUC3I - Daily Briefing  09-05-2025  On the WAR in Ukraine', 'width': 356, 'height': 200, 'version': '1.0', 'author_url': 'https://www.youtube.com/@CobraCommans', 'author_name': 'AUC3I - Daily Briefing ', 'provider_url': 'https://www.youtube.com/', 'provider_name': 'YouTube', 'thumbnail_url': 'https://i.ytimg.com/vi/I5y3YCEL9BQ/hqdefault.jpg', 'thumbnail_width': 480, 'thumbnail_height': 360}}",1,AUC3I - Daily Briefing  09-05-2025  On the WAR in Ukraine,AUC3I_SEC525,False,False,False,"{'images': [{'id': 'XMTgoPTKKWK2R8a6FVTQI5b7urPb2n7pyEZTwfNvgiY', 'source': {'url': 'https://external-preview.redd.it/XMTgoPTKKWK2R8a6FVTQI5b7urPb2n7pyEZTwfNvgiY.jpeg?auto=webp&s=91dcc68deff910c12dd615f7e2f56deb99193ce0', 'width': 480, 'height': 360}, 'variants': {}, 'resolutions': [{'url': 'https://external-preview.redd.it/XMTgoPTKKWK2R8a6FVTQI5b7urPb2n7pyEZTwfNvgiY.jpeg?width=108&crop=smart&auto=webp&s=75e1517b3472a217f168337c0da224c9a464e1d6', 'width': 108, 'height': 81}, {'url': 'https://external-preview.redd.it/XMTgoPTKKWK2R8a6FVTQI5b7urPb2n7pyEZTwfNvgiY.jpeg?width=216&crop=smart&auto=webp&s=9ba9a941ccfe16e30650eac89754f5016fab073f', 'width': 216, 'height': 162}, {'url': 'https://external-preview.redd.it/XMTgoPTKKWK2R8a6FVTQI5b7urPb2n7pyEZTwfNvgiY.jpeg?width=320&crop=smart&auto=webp&s=d66a384dcdff2c3f75c407bcbf3ecf97bc725948', 'width': 320, 'height': 240}]}], 'enabled': False}",False,"Understanding The War In Europe \_ Analyzing the situation on the ground with by way of an introduction, 3 points, and a conclusion #militaryanalysis #militaryoperations #blackops 



Combat Briefing Number 1289



""From:"" Colonel A.C. Oguntoye, Infantry Officer

""Subject:"" Operational Progress Report – August 30 to September 5, 2025

""Classification:"" Strategic Briefing / Analyst Summary

 

\### Situation Overview



Between August 30 and September 5, Russian forces executed ""four major precision strike group operations"" using long-range air-, sea-based systems, and UAVs. Key targets included ""Ukraine’s military-industrial complex, fuel, transport, and port infrastructure"", as well as military airfields, UAV production facilities, arsenals, and temporary deployment points of Ukrainian formations, foreign mercenaries, and nationalist units. Critical systems destroyed included a ""HIMARS launch unit"" and a ""U.S.-made Patriot missile launch unit"". Air defense units remained highly active, shooting down ""12 guided aerial bombs, 13 HIMARS projectiles, and 1,513 UAVs"". Six high-speed unmanned boats were also neutralized in the northwestern Black Sea.

 

\### Ground Operations



"" ""North Group (Sumy & Kharkiv):"" Advanced positions and inflicted heavy losses on tank, mechanized, airborne, assault, and territorial brigades. Ukrainian losses exceeded ""1,170 personnel"", three tanks, 11 armored vehicles, and 20 artillery pieces. ""Thirteen EW/counter-battery stations"" and ""49 depots"" were destroyed.



"" ""West Group (Kharkiv, Luhansk, Donetsk):"" Secured stronger lines, defeating mechanized, airmobile, airborne assault, and territorial brigades. Ukraine lost ""1,680 personnel"", two tanks, 33 armored vehicles (13 NATO-supplied), and 23 artillery guns. ""53 EW/counter-battery systems"" and ""31 depots"" were neutralized.



"" ""South Group (Donetsk):"" Liberated ""Fedorovka and Markovo"", striking mechanized, airmobile, mountain assault, marine, territorial, and National Guard formations. Ukrainian casualties totaled ""1,460 personnel"", 13 armored vehicles, and 19 artillery pieces. ""Nine EW stations"" and ""23 depots"" were destroyed.



"" ""Center Group (Donetsk):"" Continued deep advances against mechanized, airborne, assault, marine, and National Guard brigades. Reported Ukrainian losses were ""up to 2,970 personnel"", four tanks, 27 armored vehicles, and 17 artillery guns.



"" ""East Group (Donetsk, Zaporizhzhia, Dnipropetrovsk):"" Captured ""Kamyshevakha, Novoselivka"", and declared the ""complete liberation of Donetsk territory"" in their sector. Ukrainian losses: ""1,590 personnel"", a tank, five armored vehicles, 12 artillery systems, and 70 cars.



"" ""Dnepr Group (Zaporizhzhia & Kherson):"" Engaged mechanized, mountain assault, coastal defense, and territorial brigades. Losses inflicted: ""450 personnel"", armored vehicles, artillery, and 70 cars. ""33 EW/counter-battery stations"" and ""24 depots"" were destroyed.

  

\### Operational Analysis & Implications



1. ""Strategic Strikes:"" The destruction of HIMARS and Patriot units demonstrates Russia’s ability to neutralize advanced Western-supplied systems, undermining Ukraine’s strike reach and layered air defense credibility.



2. ""Attritional Pressure:"" Ukrainian weekly losses across all fronts exceeded ""9,300 personnel"", along with tanks, artillery, and vehicles. This reflects continued implementation of a ""systematic depletion strategy"" designed to exhaust reserves.



3. ""EW & Radar Suppression:"" Across multiple axes, over ""110 EW/counter-battery stations"" were destroyed, severely degrading Ukraine’s situational awareness, artillery coordination, and defensive cohesion.



4. ""Territorial Consolidation:"" The liberation of Fedorovka, Markovo, Kamyshevakha, and Novoselivka, coupled with the declaration of full control over Donetsk, strengthens Russian depth and secures staging grounds for further operations westward.



5. ""Air & Maritime Denial:"" With more than ""1,500 UAVs and multiple HIMARS projectiles intercepted in one week"", Russia reinforced its layered defense dominance, constraining Ukraine’s ability to conduct effective reconnaissance-strike operations.

 

\### Strategic Outlook



The August 30–September 5 reporting period highlights a ""dual-track operational design"": attrition through sustained manpower and equipment losses, and interdiction through systemic strikes on Ukraine’s logistics, industry, and advanced systems. The completion of Donetsk’s liberation, coupled with deep strikes against industrial nodes, indicates a consolidation of the current battlespace and preparation for westward expansion into Zaporizhzhia and Dnipropetrovsk. Ukraine faces mounting difficulty in sustaining coherent defenses under simultaneous ""personnel depletion, logistical denial, and technological attrition"".

 

\#MilitaryAnalysis #UkraineConflict #CombatBriefing #OperationalUpdate #Donetsk #Zaporizhzhia #Kherson #Sumy #Kharkiv #StrategicDoctrine #bf6",False,/r/auc3i/comments/1n94crp/auc3i_daily_briefing_09052025_on_the_war_in/,auc3i,1757076478.0,0,1.0,
1n94c80,https://youtube.com/watch?v=I5y3YCEL9BQ&si=m9Uk8YEofmNboj1T,"{'type': 'youtube.com', 'oembed': {'html': '<iframe width=""356"" height=""200"" src=""https://www.youtube.com/embed/I5y3YCEL9BQ?feature=oembed&enablejsapi=1"" frameborder=""0"" allow=""accelerometer; autoplay; clipboard-write; encrypted-media; gyroscope; picture-in-picture; web-share"" referrerpolicy=""strict-origin-when-cross-origin"" allowfullscreen title=""AUC3I - Daily Briefing  09-05-2025  On the WAR in Ukraine""></iframe>', 'type': 'video', 'title': 'AUC3I - Daily Briefing  09-05-2025  On the WAR in Ukraine', 'width': 356, 'height': 200, 'version': '1.0', 'author_url': 'https://www.youtube.com/@CobraCommans', 'author_name': 'AUC3I - Daily Briefing ', 'provider_url': 'https://www.youtube.com/', 'provider_name': 'YouTube', 'thumbnail_url': 'https://i.ytimg.com/vi/I5y3YCEL9BQ/hqdefault.jpg', 'thumbnail_width': 480, 'thumbnail_height': 360}}",1,AUC3I - Daily Briefing  09-05-2025  On the WAR in Ukraine,AUC3I_SEC525,False,False,False,"{'images': [{'id': 'XMTgoPTKKWK2R8a6FVTQI5b7urPb2n7pyEZTwfNvgiY', 'source': {'url': 'https://external-preview.redd.it/XMTgoPTKKWK2R8a6FVTQI5b7urPb2n7pyEZTwfNvgiY.jpeg?auto=webp&s=91dcc68deff910c12dd615f7e2f56deb99193ce0', 'width': 480, 'height': 360}, 'variants': {}, 'resolutions': [{'url': 'https://external-preview.redd.it/XMTgoPTKKWK2R8a6FVTQI5b7urPb2n7pyEZTwfNvgiY.jpeg?width=108&crop=smart&auto=webp&s=75e1517b3472a217f168337c0da224c9a464e1d6', 'width': 108, 'height': 81}, {'url': 'https://external-preview.redd.it/XMTgoPTKKWK2R8a6FVTQI5b7urPb2n7pyEZTwfNvgiY.jpeg?width=216&crop=smart&auto=webp&s=9ba9a941ccfe16e30650eac89754f5016fab073f', 'width': 216, 'height': 162}, {'url': 'https://external-preview.redd.it/XMTgoPTKKWK2R8a6FVTQI5b7urPb2n7pyEZTwfNvgiY.jpeg?width=320&crop=smart&auto=webp&s=d66a384dcdff2c3f75c407bcbf3ecf97bc725948', 'width': 320, 'height': 240}]}], 'enabled': False}",False,"Understanding The War In Europe \_ Analyzing the situation on the ground with by way of an introduction, 3 points, and a conclusion #militaryanalysis #militaryoperations #blackops 



Combat Briefing Number 1289



""From:"" Colonel A.C. Oguntoye, Infantry Officer

""Subject:"" Operational Progress Report – August 30 to September 5, 2025

""Classification:"" Strategic Briefing / Analyst Summary

 

\### Situation Overview



Between August 30 and September 5, Russian forces executed ""four major precision strike group operations"" using long-range air-, sea-based systems, and UAVs. Key targets included ""Ukraine’s military-industrial complex, fuel, transport, and port infrastructure"", as well as military airfields, UAV production facilities, arsenals, and temporary deployment points of Ukrainian formations, foreign mercenaries, and nationalist units. Critical systems destroyed included a ""HIMARS launch unit"" and a ""U.S.-made Patriot missile launch unit"". Air defense units remained highly active, shooting down ""12 guided aerial bombs, 13 HIMARS projectiles, and 1,513 UAVs"". Six high-speed unmanned boats were also neutralized in the northwestern Black Sea.

 

\### Ground Operations



"" ""North Group (Sumy & Kharkiv):"" Advanced positions and inflicted heavy losses on tank, mechanized, airborne, assault, and territorial brigades. Ukrainian losses exceeded ""1,170 personnel"", three tanks, 11 armored vehicles, and 20 artillery pieces. ""Thirteen EW/counter-battery stations"" and ""49 depots"" were destroyed.



"" ""West Group (Kharkiv, Luhansk, Donetsk):"" Secured stronger lines, defeating mechanized, airmobile, airborne assault, and territorial brigades. Ukraine lost ""1,680 personnel"", two tanks, 33 armored vehicles (13 NATO-supplied), and 23 artillery guns. ""53 EW/counter-battery systems"" and ""31 depots"" were neutralized.



"" ""South Group (Donetsk):"" Liberated ""Fedorovka and Markovo"", striking mechanized, airmobile, mountain assault, marine, territorial, and National Guard formations. Ukrainian casualties totaled ""1,460 personnel"", 13 armored vehicles, and 19 artillery pieces. ""Nine EW stations"" and ""23 depots"" were destroyed.



"" ""Center Group (Donetsk):"" Continued deep advances against mechanized, airborne, assault, marine, and National Guard brigades. Reported Ukrainian losses were ""up to 2,970 personnel"", four tanks, 27 armored vehicles, and 17 artillery guns.



"" ""East Group (Donetsk, Zaporizhzhia, Dnipropetrovsk):"" Captured ""Kamyshevakha, Novoselivka"", and declared the ""complete liberation of Donetsk territory"" in their sector. Ukrainian losses: ""1,590 personnel"", a tank, five armored vehicles, 12 artillery systems, and 70 cars.



"" ""Dnepr Group (Zaporizhzhia & Kherson):"" Engaged mechanized, mountain assault, coastal defense, and territorial brigades. Losses inflicted: ""450 personnel"", armored vehicles, artillery, and 70 cars. ""33 EW/counter-battery stations"" and ""24 depots"" were destroyed.

  

\### Operational Analysis & Implications



1. ""Strategic Strikes:"" The destruction of HIMARS and Patriot units demonstrates Russia’s ability to neutralize advanced Western-supplied systems, undermining Ukraine’s strike reach and layered air defense credibility.



2. ""Attritional Pressure:"" Ukrainian weekly losses across all fronts exceeded ""9,300 personnel"", along with tanks, artillery, and vehicles. This reflects continued implementation of a ""systematic depletion strategy"" designed to exhaust reserves.



3. ""EW & Radar Suppression:"" Across multiple axes, over ""110 EW/counter-battery stations"" were destroyed, severely degrading Ukraine’s situational awareness, artillery coordination, and defensive cohesion.



4. ""Territorial Consolidation:"" The liberation of Fedorovka, Markovo, Kamyshevakha, and Novoselivka, coupled with the declaration of full control over Donetsk, strengthens Russian depth and secures staging grounds for further operations westward.



5. ""Air & Maritime Denial:"" With more than ""1,500 UAVs and multiple HIMARS projectiles intercepted in one week"", Russia reinforced its layered defense dominance, constraining Ukraine’s ability to conduct effective reconnaissance-strike operations.

 

\### Strategic Outlook



The August 30–September 5 reporting period highlights a ""dual-track operational design"": attrition through sustained manpower and equipment losses, and interdiction through systemic strikes on Ukraine’s logistics, industry, and advanced systems. The completion of Donetsk’s liberation, coupled with deep strikes against industrial nodes, indicates a consolidation of the current battlespace and preparation for westward expansion into Zaporizhzhia and Dnipropetrovsk. Ukraine faces mounting difficulty in sustaining coherent defenses under simultaneous ""personnel depletion, logistical denial, and technological attrition"".

 

\#MilitaryAnalysis #UkraineConflict #CombatBriefing #OperationalUpdate #Donetsk #Zaporizhzhia #Kherson #Sumy #Kharkiv #StrategicDoctrine #bf6",False,/r/u_AUC3I_SEC525/comments/1n94c80/auc3i_daily_briefing_09052025_on_the_war_in/,u_AUC3I_SEC525,1757076438.0,0,1.0,
1n941p0,https://www.reddit.com/r/ShouldIbuythisgame/comments/1n941p0/which_game_should_i_buy/,,0,Which game should I buy?,Helheim66,False,True,False,,False,"Hi everyone! I’m a bit stuck on what to get next: Space Marine 2 or wait a few weeks for Battlefield 6.

I already played through the SM2 story thanks to a friend, and while I liked it, I was a bit let down by how short it felt. If I bought it, it would mainly be for the PvE and PvP. That said, I’m a big Warhammer 40k fan, so even with its flaws I’d probably still enjoy it.

At the same time, I’ve been a Battlefield fan for years. I’ve played almost every title since the original 1942 (aside from a couple console exclusives like 1943), and the series has consistently been a blast for me. I also had a great time with the BF6 beta, so waiting for that is definitely tempting.

What’s making the decision harder is that Space Marine 2 is already on sale on Steam, which makes it appealing to grab now. I’d likely just go for the base edition, since I’m not sure it’s worth paying extra just for skins, even if they look nice. The only real concern I keep seeing is that SM2 can get repetitive after a while, and I’d love to hear people’s thoughts on that.

So, what do you think? is it worth picking up Space Marine 2 now, or should I just hold out for Battlefield 6?",False,/r/ShouldIbuythisgame/comments/1n941p0/which_game_should_i_buy/,ShouldIbuythisgame,1757075654.0,0,0.5,[PC]
1n93sxs,https://www.reddit.com/r/GamingLaptops/comments/1n93sxs/asus_rog_zephyrus_vs_lenovo_loq_build_quality/,,3,Asus Rog Zephyrus vs Lenovo Loq build quality?,Downloading_Bungee,False,True,False,,False,"I have an older rog Zephyrus thats ive been looking to upgrade for more modern games (the finals, bf6, heavily modded fallout ect) and the loq laptops are quite affordable. Wondering how the build quality is compared to the Rogs? I just dont want something that is overly ""gamery"".",False,/r/GamingLaptops/comments/1n93sxs/asus_rog_zephyrus_vs_lenovo_loq_build_quality/,GamingLaptops,1757074998.0,2,1.0,Recommendation
1n9387i,https://i.redd.it/y769x4k95cnf1.jpeg,,11,Pontiac Grand Prix Japanese Advert,HunterNoceda6321,False,False,False,"{'images': [{'id': 'qisb1V4sfjM6iBA9CdzEhIfypBU_sdGMCGAlPcxU6r4', 'source': {'url': 'https://preview.redd.it/y769x4k95cnf1.jpeg?auto=webp&s=ae04b4cbf28812cd1fcf20900dd9a4ef41ea4773', 'width': 736, 'height': 1080}, 'variants': {}, 'resolutions': [{'url': 'https://preview.redd.it/y769x4k95cnf1.jpeg?width=108&crop=smart&auto=webp&s=4900d6bd6fbea70181fcaa01eafd79724f34d436', 'width': 108, 'height': 158}, {'url': 'https://preview.redd.it/y769x4k95cnf1.jpeg?width=216&crop=smart&auto=webp&s=41457cb85aa64837c2ae856c35fe346964ca2254', 'width': 216, 'height': 316}, {'url': 'https://preview.redd.it/y769x4k95cnf1.jpeg?width=320&crop=smart&auto=webp&s=0081fa9908ac9cecb44924e60d53940bafe818f2', 'width': 320, 'height': 469}, {'url': 'https://preview.redd.it/y769x4k95cnf1.jpeg?width=640&crop=smart&auto=webp&s=57fac8f428a0fe81b92bd0c658890c4d3b1b3348', 'width': 640, 'height': 939}]}], 'enabled': True}",False,,False,/r/regularcarreviews/comments/1n9387i/pontiac_grand_prix_japanese_advert/,regularcarreviews,1757073380.0,3,1.0,Car Pic
1n92r7i,https://www.reddit.com/r/buildapc/comments/1n92r7i/bought_a_second_hand_pcair_flow_issue/,,0,Bought a second hand PC-air flow issue,Automatic-Show-5530,1757073505.0,True,False,"{'images': [{'id': '2Hxki7zG-ozGU252uordsDfCfK8KaRHZZ-Q3HBd0m5c', 'source': {'url': 'https://external-preview.redd.it/OD2U7eDOnmu--3pSfvxLZ3SrvIaqymOOxJytZfUSh5M.jpg?auto=webp&s=76515cea87191b8cfa2ab135b59d4dda5f8861d6', 'width': 3226, 'height': 2419}, 'variants': {}, 'resolutions': [{'url': 'https://external-preview.redd.it/OD2U7eDOnmu--3pSfvxLZ3SrvIaqymOOxJytZfUSh5M.jpg?width=108&crop=smart&auto=webp&s=cdb02ae67e0144a096f256f746965ab89e806482', 'width': 108, 'height': 80}, {'url': 'https://external-preview.redd.it/OD2U7eDOnmu--3pSfvxLZ3SrvIaqymOOxJytZfUSh5M.jpg?width=216&crop=smart&auto=webp&s=8299d2265c18cfe7248f3461a38e89e875046649', 'width': 216, 'height': 161}, {'url': 'https://external-preview.redd.it/OD2U7eDOnmu--3pSfvxLZ3SrvIaqymOOxJytZfUSh5M.jpg?width=320&crop=smart&auto=webp&s=ad6be929cfddc651a94aedfed7957754e12f1252', 'width': 320, 'height': 239}, {'url': 'https://external-preview.redd.it/OD2U7eDOnmu--3pSfvxLZ3SrvIaqymOOxJytZfUSh5M.jpg?width=640&crop=smart&auto=webp&s=894f9d36a4ec7ff9cade01f47c2207084213115d', 'width': 640, 'height': 479}, {'url': 'https://external-preview.redd.it/OD2U7eDOnmu--3pSfvxLZ3SrvIaqymOOxJytZfUSh5M.jpg?width=960&crop=smart&auto=webp&s=5eba4de88a1801f487e3e8e4c00ba6eeaa8cfb20', 'width': 960, 'height': 719}, {'url': 'https://external-preview.redd.it/OD2U7eDOnmu--3pSfvxLZ3SrvIaqymOOxJytZfUSh5M.jpg?width=1080&crop=smart&auto=webp&s=e8ea47207da99723103a42ec37f4a09dd7cda2e2', 'width': 1080, 'height': 809}]}], 'enabled': False}",False,"Hi,

I've recently bought a gaming PC after a long break in gaming so yeah, my pc knowledge is quite rusty.

But, after few weeks of decent gaming (mostly BF6 beta), I've noticed something strange with fans and their sound. 

It looks to me that the shop/or the old owner put all fans to exhaust. Isn't that like wrong?

I guess I would need to turn the bottom ones to intake as they are the only ones with the dust filter.

Any other ideas/reasons that this might be like this?

Pls help 😆

https://imgur.com/a/T0031iR

Edit: just found on youtube that the bottom ones are ""reverse"" fans",False,/r/buildapc/comments/1n92r7i/bought_a_second_hand_pcair_flow_issue/,buildapc,1757071930.0,7,0.5,Troubleshooting
1n92pf2,https://www.reddit.com/r/pcmasterrace/comments/1n92pf2/bf6_build_5070ti_7600x3d/,,1,Bf6 build - 5070ti & 7600x3d,OneViewers,False,True,False,,False,Is this a good price/performance pair for bf6?,False,/r/pcmasterrace/comments/1n92pf2/bf6_build_5070ti_7600x3d/,pcmasterrace,1757071779.0,2,1.0,Hardware
1n92n8w,https://www.reddit.com/r/computadores/comments/1n92n8w/uma_configuração_pra_rodar_battlefield_6_com/,,1,Uma configuração pra rodar battlefield 6 com qualidade satisfatória?,saidaraujo,False,True,False,,False,"
Hoje tenho um i59400f e gtx 1650 com 16gb de ram. Mas esta abandonado pq comprei um ps5 por causa da praticidade.

Com o lançamento to bf6 quero voltar pro pc, mas nao estou disposto a gastar 6-7 mil num computador pra jogar.

Queria algo que rodasse bf6 pelo menos no ""recomendado"".",False,/r/computadores/comments/1n92n8w/uma_configuração_pra_rodar_battlefield_6_com/,computadores,1757071593.0,2,0.67,Windows
1n91lyw,https://www.reddit.com/r/radeon/comments/1n91lyw/is_fsr_terrible_6700xt/,,1,Is FSR terrible? (6700XT),Historical_Fold787,False,True,False,,False,"Hello,

I'm building a PC that is going to use a 5700x and 6700xt combo for 1440p gaming, mainly BF6.

From what I've seen on YouTube, people average around 70fps on high settings and around 90 with FSR Quality enabled.

Can someone explain FSR to me and what it does to the image?
How does 1440p with FSR compare to just going back to 1080p for the sake frames without FSR?

Cheers",False,/r/radeon/comments/1n91lyw/is_fsr_terrible_6700xt/,radeon,1757068241.0,20,0.54,
1n91jyg,https://www.reddit.com/r/Battlefield/comments/1n91jyg/so_what_is_the_consensus_on_the_bf6_maps_so_far/,,0,So What Is The Consensus On The BF6 Maps So Far?,ElyarSol,False,True,False,,False,"Now I don’t know if it’s just me looking fondly back on BF4 with rose-tinted glasses or not but I have never played BF1 or 5 because I typically prefer modern combat over the older eras, so BF4 is really the last one I played before 2042. I always felt the maps in BF4 were quite varied, featured good urban combat, lots of variable terrain and not just flat open empty expanses. The only map I can think of that was like that was Golmud and that was fine because it was just that one. In 2042 though I felt like the maps were a bit samey, too flat, too small and empty. So I’m wondering if anyone could offer some insights from the recent betas regarding what the BF6 maps will be like in comparison. Are they actually suitably large enough for big conquests? Is there variation not just in climates but in elevation and stuff, i.e. not just big chunks of wide flat open expanses of nothingness with just a couple buildings chucked in for good measure? I would also ask if levelution is back but I know better than to expect a true return to form these days sadly…",False,/r/Battlefield/comments/1n91jyg/so_what_is_the_consensus_on_the_bf6_maps_so_far/,Battlefield,1757068049.0,24,0.17,Battlefield 6
1n91e1n,https://i.redd.it/oizx8xmpnbnf1.png,,0,"Are these specs good enough to play new games like BF6 and wukong/ Elden Ring smoothly on? (I have no idea about computers, I usually play on lowest graphics settings. My current laptop is on fire and melting the desk playing bo6)",Dear_Air9938,False,False,False,"{'images': [{'id': 'ru4UdbavP-vTBl5QBPTFK2JzYxoD25cCV2LKdm2znGo', 'source': {'url': 'https://preview.redd.it/oizx8xmpnbnf1.png?auto=webp&s=863c7fabd56de35c0f9412932174a2e49523b8a9', 'width': 1080, 'height': 2272}, 'variants': {}, 'resolutions': [{'url': 'https://preview.redd.it/oizx8xmpnbnf1.png?width=108&crop=smart&auto=webp&s=3fd0b63900c91803efe1a5bb55645457f21ac0ca', 'width': 108, 'height': 216}, {'url': 'https://preview.redd.it/oizx8xmpnbnf1.png?width=216&crop=smart&auto=webp&s=4d779994db305da451767d858444b97558505606', 'width': 216, 'height': 432}, {'url': 'https://preview.redd.it/oizx8xmpnbnf1.png?width=320&crop=smart&auto=webp&s=b00db2594effcf44e5beed29df9c282a27755b5b', 'width': 320, 'height': 640}, {'url': 'https://preview.redd.it/oizx8xmpnbnf1.png?width=640&crop=smart&auto=webp&s=833e2fac16b1dbec0869d9d3aa14a232823d9186', 'width': 640, 'height': 1280}, {'url': 'https://preview.redd.it/oizx8xmpnbnf1.png?width=960&crop=smart&auto=webp&s=308ddb6676ed56324da00d7c7f1209620842f637', 'width': 960, 'height': 1920}, {'url': 'https://preview.redd.it/oizx8xmpnbnf1.png?width=1080&crop=smart&auto=webp&s=02bd69794b60cbe154ae227b004490758eba0935', 'width': 1080, 'height': 2160}]}], 'enabled': True}",False,,False,/r/computers/comments/1n91e1n/are_these_specs_good_enough_to_play_new_games/,computers,1757067476.0,3,0.33,
1n91dne,https://v.redd.it/xd8bfiq6nbnf1,"{'reddit_video': {'width': 1280, 'height': 530, 'is_gif': False, 'hls_url': 'https://v.redd.it/xd8bfiq6nbnf1/HLSPlaylist.m3u8?a=1759672802%2COTBkMTBlODc1ZDg3MzhlYTZkZWQzMzg1MTE2Zjk1YWQzNjY5NTk4MGRiNGU1NzFiZjJkNmEzNDAzOTg2MzRkNA%3D%3D&v=1&f=sd', 'dash_url': 'https://v.redd.it/xd8bfiq6nbnf1/DASHPlaylist.mpd?a=1759672802%2CMjI3NWFjMjQwYTU3MjdkZjQ4YjhlNGM2ZTQ5MGJkMmYzOGJiMjk3YTJlMTQ5Y2ZmZWUyYzhlOGUwMWQ2ZWUxNA%3D%3D&v=1&f=sd', 'duration': 527, 'has_audio': True, 'bitrate_kbps': 2400, 'fallback_url': 'https://v.redd.it/xd8bfiq6nbnf1/DASH_720.mp4?source=fallback', 'scrubber_media_url': 'https://v.redd.it/xd8bfiq6nbnf1/DASH_96.mp4', 'transcoding_status': 'completed'}}",1030,BF6 BR map destruction,Fit-Support2256,False,False,False,"{'images': [{'id': 'aGRrazdwdDZuYm5mMZhSMdAMf-gtm-x22UJT9qMFsAxdzQXC6RmobHFwyWjm', 'source': {'url': 'https://external-preview.redd.it/aGRrazdwdDZuYm5mMZhSMdAMf-gtm-x22UJT9qMFsAxdzQXC6RmobHFwyWjm.png?format=pjpg&auto=webp&s=9b8fc3bbd48cc923307c1086ca233364e7707bac', 'width': 1440, 'height': 595}, 'variants': {}, 'resolutions': [{'url': 'https://external-preview.redd.it/aGRrazdwdDZuYm5mMZhSMdAMf-gtm-x22UJT9qMFsAxdzQXC6RmobHFwyWjm.png?width=108&crop=smart&format=pjpg&auto=webp&s=5d8e4d3700a346bc35bbc2d12d89150f19aad7c5', 'width': 108, 'height': 44}, {'url': 'https://external-preview.redd.it/aGRrazdwdDZuYm5mMZhSMdAMf-gtm-x22UJT9qMFsAxdzQXC6RmobHFwyWjm.png?width=216&crop=smart&format=pjpg&auto=webp&s=b1d91a8f6cd6dc8e79d8f881dbc1bedac6212832', 'width': 216, 'height': 89}, {'url': 'https://external-preview.redd.it/aGRrazdwdDZuYm5mMZhSMdAMf-gtm-x22UJT9qMFsAxdzQXC6RmobHFwyWjm.png?width=320&crop=smart&format=pjpg&auto=webp&s=51fb0529f81a55040adf31dcb91d929863606096', 'width': 320, 'height': 132}, {'url': 'https://external-preview.redd.it/aGRrazdwdDZuYm5mMZhSMdAMf-gtm-x22UJT9qMFsAxdzQXC6RmobHFwyWjm.png?width=640&crop=smart&format=pjpg&auto=webp&s=35a1586b073fd2d591750b75d85707cfeb670dc6', 'width': 640, 'height': 264}, {'url': 'https://external-preview.redd.it/aGRrazdwdDZuYm5mMZhSMdAMf-gtm-x22UJT9qMFsAxdzQXC6RmobHFwyWjm.png?width=960&crop=smart&format=pjpg&auto=webp&s=4471c553c44b4d72a44171c3cf534f1519b1cf2b', 'width': 960, 'height': 396}, {'url': 'https://external-preview.redd.it/aGRrazdwdDZuYm5mMZhSMdAMf-gtm-x22UJT9qMFsAxdzQXC6RmobHFwyWjm.png?width=1080&crop=smart&format=pjpg&auto=webp&s=8e6b660f75b6fc2bfc6726f70b124eb86b5ec29d', 'width': 1080, 'height': 446}]}], 'enabled': False}",False,Video showing the destruction in the BF6 BR game mode.,False,/r/Battlefield/comments/1n91dne/bf6_br_map_destruction/,Battlefield,1757067438.0,209,0.97,Battlefield 6
1n8zxe1,https://v.redd.it/z7wx38jd7bnf1,"{'reddit_video': {'width': 1920, 'height': 1080, 'is_gif': False, 'hls_url': 'https://v.redd.it/z7wx38jd7bnf1/HLSPlaylist.m3u8?a=1759672802%2CNjE5ZWQ4NmMxOGU4M2I2OGZmZDk3OTIwODU3MjZiNDZmM2UwMDMwNmU1MmRlNTM5ZTk1YTY4N2Q2NWQ0M2M2Yg%3D%3D&v=1&f=sd', 'dash_url': 'https://v.redd.it/z7wx38jd7bnf1/DASHPlaylist.mpd?a=1759672802%2CNzE1ZmIwZWM1MmMwY2UxOTQ2NmVkMzcyZTVkMzgxOGU4NTNlODBlYTVjNmZmYzc3ZjJmYzQyMjRhMDczMTQyYQ%3D%3D&v=1&f=sd', 'duration': 20, 'has_audio': True, 'bitrate_kbps': 5000, 'fallback_url': 'https://v.redd.it/z7wx38jd7bnf1/DASH_1080.mp4?source=fallback', 'scrubber_media_url': 'https://v.redd.it/z7wx38jd7bnf1/DASH_96.mp4', 'transcoding_status': 'completed'}}",2,BF6 release confirmed for October 10th 2025. Hope EA doesn't mess this up,bananarightsactivist,False,False,False,"{'images': [{'id': 'empucWQ3a2Q3Ym5mMeoDWwG93rTfaRY943yui0Rkx3_CcGFYXJv887ZMBRZf', 'source': {'url': 'https://external-preview.redd.it/empucWQ3a2Q3Ym5mMeoDWwG93rTfaRY943yui0Rkx3_CcGFYXJv887ZMBRZf.png?format=pjpg&auto=webp&s=a2800636e26d914bc715a9d51a1bc00711d7f8a8', 'width': 1080, 'height': 607}, 'variants': {}, 'resolutions': [{'url': 'https://external-preview.redd.it/empucWQ3a2Q3Ym5mMeoDWwG93rTfaRY943yui0Rkx3_CcGFYXJv887ZMBRZf.png?width=108&crop=smart&format=pjpg&auto=webp&s=77ed449305d0dae9268f21e5f7613e0a060dcea6', 'width': 108, 'height': 60}, {'url': 'https://external-preview.redd.it/empucWQ3a2Q3Ym5mMeoDWwG93rTfaRY943yui0Rkx3_CcGFYXJv887ZMBRZf.png?width=216&crop=smart&format=pjpg&auto=webp&s=b6139eaa802cd0981e7b991038254194c6abf5c0', 'width': 216, 'height': 121}, {'url': 'https://external-preview.redd.it/empucWQ3a2Q3Ym5mMeoDWwG93rTfaRY943yui0Rkx3_CcGFYXJv887ZMBRZf.png?width=320&crop=smart&format=pjpg&auto=webp&s=7b1f44cbf6de40d7d8762eda7326e00f91654dd3', 'width': 320, 'height': 179}, {'url': 'https://external-preview.redd.it/empucWQ3a2Q3Ym5mMeoDWwG93rTfaRY943yui0Rkx3_CcGFYXJv887ZMBRZf.png?width=640&crop=smart&format=pjpg&auto=webp&s=85474b4f6fb382817f79378023da9ac81f5543f4', 'width': 640, 'height': 359}, {'url': 'https://external-preview.redd.it/empucWQ3a2Q3Ym5mMeoDWwG93rTfaRY943yui0Rkx3_CcGFYXJv887ZMBRZf.png?width=960&crop=smart&format=pjpg&auto=webp&s=1bb7ca95672542ac9eb48c9ee264ea8a2ce340c2', 'width': 960, 'height': 539}, {'url': 'https://external-preview.redd.it/empucWQ3a2Q3Ym5mMeoDWwG93rTfaRY943yui0Rkx3_CcGFYXJv887ZMBRZf.png?width=1080&crop=smart&format=pjpg&auto=webp&s=431dadf980f5e7916ab99b66456abed6f36df55a', 'width': 1080, 'height': 607}]}], 'enabled': False}",False,,False,/r/IndianGaming/comments/1n8zxe1/bf6_release_confirmed_for_october_10th_2025_hope/,IndianGaming,1757061985.0,1,0.67,Gameplay
1n8zkzk,https://www.reddit.com/r/Battlefield/comments/1n8zkzk/really_want_to_get_into_battlefield/,,0,Really want to get into Battlefield.,JANKULA87666,False,True,False,,False,"Games look really fun. At the moment I have a weaker PC which can handle Battlefield 3 and 4 very well (played the campaigns only), but I do plan to upgrade in the next few months, so might get into BF1, 5 or even 6.

Are 3 and 4 in a solid state right now, and a good starting ground for a beginner? Do you think they'll keep them alive with BF6 at the corner? Or should I wait it out for 1 and the newer titles?

(Sorry if this has been asked before, thanks in advance)

 ",False,/r/Battlefield/comments/1n8zkzk/really_want_to_get_into_battlefield/,Battlefield,1757060604.0,3,0.4,Question
1n8zdc4,https://www.reddit.com/r/Battlefield/comments/1n8zdc4/bf6_engineer_av_mine_balancing_issue/,,0,BF6 Engineer AV Mine Balancing Issue,kejdurapa,False,True,False,,False,"I think this is the most unfair powerful device in the game. While fighting a tank, the bell rang and I went to check the door. When I returned, my AV sensor mine had blown up the tank, and I had placed it in a very bad place.  
  
Perhaps we could slow down the mine's attack speed and the missile's trajectory. Vehicles need to have time to defend themselves. Small vehicles don't stand a chance anyway, but a skilled player can detect AT mines on the ground and maneuver against them. However, against an AV mine, small vehicles can't escape, no matter how hard they maneuver.  
  
Or, the AV mine won't attack vehicles like ATVs or jeeps. This is the most logical option.  
After all, what would an AV mine's sensor be focused on on a simple jeep?

AV mines also provide a significant advantage in breakthrough.  
For example, in Liberation Peak, engineers can carry two AV mines. Imagine a few engineers placing AV mines behind trenches or mountains. No armored vehicles can enter the areas, and the game ends in the first area. We experienced this frequently in the beta.  
  
These mines absolutely need to be balanced.  
Attack speed, trajectory speed, and lock-on distance all need to be reduced. I used mines frequently in the beta, and using them doesn't really require any skill. While engineers are sitting at their PCs, the AV mine will be working for them, like an AFK farming device.",False,/r/Battlefield/comments/1n8zdc4/bf6_engineer_av_mine_balancing_issue/,Battlefield,1757059751.0,4,0.5,Battlefield 6
1n8z6cy,https://www.reddit.com/r/bf6tr/comments/1n8z6cy/bu_redditte_bf6_oynayacak_kitle_yok_galiba/,,1,Bu reddit'te BF6 oynayacak kitle yok galiba,BattleGamesHD,False,True,False,,False,,False,/r/bf6tr/comments/1n8z6cy/bu_redditte_bf6_oynayacak_kitle_yok_galiba/,bf6tr,1757058973.0,0,1.0,
1n8z53b,https://www.reddit.com/r/bf6tr/comments/1n8z53b/bf6_çıkmasını_bekleyenler_kimler/,,1,BF6 çıkmasını bekleyenler kimler?,BattleGamesHD,False,True,False,,False,,False,/r/bf6tr/comments/1n8z53b/bf6_çıkmasını_bekleyenler_kimler/,bf6tr,1757058830.0,0,1.0,Soru?
1n8z4xy,https://www.reddit.com/r/Battlefield/comments/1n8z4xy/seeing_a_lot_of_people_excited_for_multiplayerbut/,,0,"Seeing a lot of people excited for multiplayer,but here i am after 12 years waiting for an ACTUAL story driven campaign.",LeSeriousPancake,False,True,False,,False,"Dont get me wrong,of course im buying BF6 for the multiplayer,but i always enjoyed the singleplayer as well,it somehow made me feel more connected to the online aspect of the game,like yeah,im fighting on this multiplayer map because in singleplayer there was this big conflict over child exploitation and slavery,im fighting in Manhattan because the russians launched an ICBM strike etc etc.  
So yeah,im pretty pumped up for both campaign and online.",False,/r/Battlefield/comments/1n8z4xy/seeing_a_lot_of_people_excited_for_multiplayerbut/,Battlefield,1757058813.0,6,0.5,Battlefield 6
1n8z0g8,https://www.reddit.com/r/PcBuild/comments/1n8z0g8/any_suggestions_for_a_budget_build/,,1,Any suggestions for a Budget Build?,wat_the_slime_doin,1757065135.0,True,False,,False,"TL:DR: I'd like suggestions for a build that'll be able to run BF6 at mid-high graphics at a decent framerate (60+), possibly some games like RDR2 or Cyberpunk 2077

Hey guys, I'm looking to get back into building my own PC after many, many years of not really working on a PC. I have a budget of around 750$-800$ (after tax), maybe a bit more, but I'll have to wait and see on that. 

I've checked with Grok and watched multiple videos by different creators on YouTube (like Zach's Tech Turf, PC Builder,...), did some research on Reddit, and at this point, I'm more confused than anything really, not knowing what to get and worry about compatibility (which pcpartpicker helps a lot)

Any suggestions for a build? I would like to be able to play BF6 when it comes out at mid - high graphics with decent fps if possible and a couple of other games like WuWa, Cyberpunk 2077, and Elden Ring. I'm not looking for 4k graphics. 1440p is my goal, but i'd be happy with 1080p as long as the games run well. I'd also be using the pc for light video editing and possibly streaming a little bit.

I know that's a lot to ask for for that price range, I was just wondering if any of you have some suggestions because my laptop is cooked and either has massive stutter problems or shuts off in the middle of games.

Thank you in advance!",False,/r/PcBuild/comments/1n8z0g8/any_suggestions_for_a_budget_build/,PcBuild,1757058318.0,3,1.0,Question
1n8yh6p,https://www.reddit.com/r/buildapc/comments/1n8yh6p/9600x_9070_vs_7800x3d_9060xt/,,3,9600x + 9070 vs 7800x3d + 9060xt,namiaiman,False,True,False,,False,"Currently saving up money to built a new pc (previously a r3 3100 + gtx 1660), my main games are Apex, CS2, BF1, planning to buy BF6, also doing PS2 emulation on PCSX2. So curious which would be better for me in the 3-4 years",False,/r/buildapc/comments/1n8yh6p/9600x_9070_vs_7800x3d_9060xt/,buildapc,1757056155.0,3,0.64,Discussion
1n8ybd8,https://www.reddit.com/r/joinsquad/comments/1n8ybd8/what_to_play_now_if_u_cant_run_ue5/,,2,What to play now if u cant run UE5?,karvajalkaa,False,True,False,,False,"Serious question. What game has same kind of teamwork and pace.

I tried Arma Reforger but it felt so different, maybe I need to put in more hours. What you guys playing for now?

BF6 is coming in october but it felt like brainless run-shoot-die repeat game after squad.",False,/r/joinsquad/comments/1n8ybd8/what_to_play_now_if_u_cant_run_ue5/,joinsquad,1757055560.0,26,0.6,Question
1n8y1cp,https://www.reddit.com/r/Battlefield/comments/1n8y1cp/graphics_card_support/,,0,Graphics card support,timzorr36,False,True,False,,False,"Hello there, new to this forum.

I'm wondering, does anyone know if BF6 is gonna support the old Vega GPU's? 

Running a Vega 64 nitro+ atm and had some hussle making the Beta work as it didn't support the Vega card so it has made me suspect the final release won't support it either.

Sure it's old, but it runs great. Would suck if i had to spend another $950 on top of the $120 for the game to make it work lol

Greetings from Sweden and happy gaming! 🇸🇪

",False,/r/Battlefield/comments/1n8y1cp/graphics_card_support/,Battlefield,1757054500.0,7,0.5,Battlefield 6
1n8xpmp,https://www.reddit.com/r/Battlefield/comments/1n8xpmp/bf_2042_battlepass/,,1,Bf 2042 battlepass,Karlvonbahnhofff,False,True,False,,False,"Hello guys, I have a question, I almost conpleted battlepass on bf 2042 which I bought on EA play, but I want to buy Bf 6 on steam, do I still get the rewards from pass or I need to buy bf6 on EA play, thanks for help 😀",False,/r/Battlefield/comments/1n8xpmp/bf_2042_battlepass/,Battlefield,1757053275.0,2,0.67,Battlefield 6
1n8xhg4,/r/Battlefield/comments/1n8xh3r/bf6s_assaults_signature_gadget/,,3,BF6’s Assault’s signature gadget,_Shocktrooper,False,False,False,,False,,False,/r/Battlefield6/comments/1n8xhg4/bf6s_assaults_signature_gadget/,Battlefield6,1757052425.0,0,0.8,Discussion
1n8xh3r,https://www.reddit.com/r/Battlefield/comments/1n8xh3r/bf6s_assaults_signature_gadget/,,0,BF6’s Assault’s signature gadget,_Shocktrooper,False,True,False,,False,I hardly noticed any difference using the adrenaline shot in the beta i know they removed the health regeneration from it to allow for less self sustainability. I was thinking instead to give Assault a reworked adrenaline shot to reduce damage taken to the torso by 10% which would simply add one additional shot to kill at least in close range for the amount of time its active. Assault only has 2 adrenaline shots maximum so i don’t think it’ll cause a lot of problems and will need to rely on support to get them back. Alternatively i was thinking of BF Hardline’s armor insert gadget to be the signature gadget which can be countered by AP ammunition like in BF Hardline.,False,/r/Battlefield/comments/1n8xh3r/bf6s_assaults_signature_gadget/,Battlefield,1757052387.0,5,0.41,Discussion
1n8xggr,https://www.reddit.com/gallery/1n8xfy5,,0,"Seen a lot of people on X only asking for Sieg of Shanghai and /or metro, So here's my top 4 pick for remastered maps in BF6 (yeah I'm biased for Desert maps)",LordZorddan,False,False,False,,False,,False,/r/Battlefield6/comments/1n8xggr/seen_a_lot_of_people_on_x_only_asking_for_sieg_of/,Battlefield6,1757052323.0,10,0.43,Image/Gif
1n8xfy5,https://www.reddit.com/gallery/1n8xfy5,,1,"Seen a lot of people on X only asking for Sieg of Shanghai and /or metro, So here's my top 4 pick for remastered maps in BF6 (yeah I'm biased for Desert maps)",LordZorddan,False,False,False,,False,,False,/r/Battlefield/comments/1n8xfy5/seen_a_lot_of_people_on_x_only_asking_for_sieg_of/,Battlefield,1757052271.0,15,0.51,Discussion
1n8x0ub,https://v.redd.it/rn76nehds8nf1,,1,BF6 Assault'taki merdiveni gördünüz mü,BattleGamesHD,False,False,False,"{'images': [{'id': 'OGZpcWZya2RzOG5mMVlhQhwvzGJzmI_z5fSpP3JF7D_9E8akkDjRoHuOQGys', 'source': {'url': 'https://external-preview.redd.it/OGZpcWZya2RzOG5mMVlhQhwvzGJzmI_z5fSpP3JF7D_9E8akkDjRoHuOQGys.png?auto=webp&s=c9ea9730fc9701203aff5df9d16a3681960e11d1', 'width': 1080, 'height': 1350}, 'variants': {}, 'resolutions': [{'url': 'https://external-preview.redd.it/OGZpcWZya2RzOG5mMVlhQhwvzGJzmI_z5fSpP3JF7D_9E8akkDjRoHuOQGys.png?width=108&crop=smart&auto=webp&s=9a451b7868513ca6bb6bea8b110d8b6cdde42e4d', 'width': 108, 'height': 135}, {'url': 'https://external-preview.redd.it/OGZpcWZya2RzOG5mMVlhQhwvzGJzmI_z5fSpP3JF7D_9E8akkDjRoHuOQGys.png?width=216&crop=smart&auto=webp&s=9a43afd30f825bacb5910b339ca23c0b35996f93', 'width': 216, 'height': 270}, {'url': 'https://external-preview.redd.it/OGZpcWZya2RzOG5mMVlhQhwvzGJzmI_z5fSpP3JF7D_9E8akkDjRoHuOQGys.png?width=320&crop=smart&auto=webp&s=98085340d1f5d0cb7bda765a0692f4806f3b1e97', 'width': 320, 'height': 400}, {'url': 'https://external-preview.redd.it/OGZpcWZya2RzOG5mMVlhQhwvzGJzmI_z5fSpP3JF7D_9E8akkDjRoHuOQGys.png?width=640&crop=smart&auto=webp&s=b8648d1e26018d2f7ec7e26dbf95bdb9d5167922', 'width': 640, 'height': 800}, {'url': 'https://external-preview.redd.it/OGZpcWZya2RzOG5mMVlhQhwvzGJzmI_z5fSpP3JF7D_9E8akkDjRoHuOQGys.png?width=960&crop=smart&auto=webp&s=23ac36ce76868dd99c6ac44e62f63c72817e0d78', 'width': 960, 'height': 1200}, {'url': 'https://external-preview.redd.it/OGZpcWZya2RzOG5mMVlhQhwvzGJzmI_z5fSpP3JF7D_9E8akkDjRoHuOQGys.png?width=1080&crop=smart&auto=webp&s=ce36846d43fe5c2f1a4656a8b766bf92e3158a61', 'width': 1080, 'height': 1350}]}], 'enabled': False}",False,,False,/r/kesfet/comments/1n8x0ub/bf6_assaulttaki_merdiveni_gördünüz_mü/,kesfet,1757050755.0,0,1.0,Oyun
1n8x0rb,https://www.reddit.com/r/Battlefield/comments/1n8x0rb/while_the_attachment_system_in_bf6_is_new_and/,,2,"While the attachment system in BF6 is new and fresh, I will always miss the simpler times",MushyHandles,False,True,False,,False,"https://preview.redd.it/vjyyf7wu9anf1.png?width=1920&format=png&auto=webp&s=fcef84548e9f5d01b5466a176e8155b8533df301

Hard to go wrong with the basic 4",False,/r/Battlefield/comments/1n8x0rb/while_the_attachment_system_in_bf6_is_new_and/,Battlefield,1757050747.0,13,0.56,Discussion
1n8wwzb,https://www.reddit.com/r/PCBaumeister/comments/1n8wwzb/neuer_gaming_pc_bauen_o_fertigkauf/,,1,Neuer Gaming PC - Bauen o Fertigkauf?,sebisno2104,1757051044.0,True,False,,False,"Ich habe einen ca 10 Jahre alten PC, der noch ganz okay ist aber nicht optimal.
Bspw: neues Bf (Demo) ließ sich spielen aber mit low settings.
Bf4 geht auf Ultra.
Sowas wie The Isle (Evrima) hat bei mir bei hoher Spieleranzahl 4fps. - Nicht spielbar.

Ich zocke gelegentlich auch Strategiespiele.
---------

Ich bin kein großer Experte, habe mir damals den PC zusammenstellen lassen.

Nun möchte ich zeitnah einen neuen. Gut genug um neue Spiele (bspw Bf6) oder kommende GTA6 auch auf Ultra spielen zu können.

______
Frage:
Lohnt es sich immer noch mehr, sich einen PC zusammenzustellen/ bauen? (Ich bräuchte da definitiv jemanden der mich berät und am Ende müsste ich es von jmd zusammenbauen lassen)

Oder gibt's auch fertige PCs in der Richtung, die preislich vergleichbar mit einem zusammengebauten sind? Das wäre für mich deutlich komfortabler.

Falls ja, was schlagt ihr mir vor?


Einzelheiten:
Budget ist flexibel.
Ich denke eher an so um die 1500 Euro.
Ich möchte allerdings auch high end Strategiespiele o bspw Gta 6 auf max Einstellungen spielen können (wenn dann richtig)
Ich bin also bereit, deutlich mehr zu zahlen, wobei 3k die maximale Obergrenze wäre.

Danke schon mal!",False,/r/PCBaumeister/comments/1n8wwzb/neuer_gaming_pc_bauen_o_fertigkauf/,PCBaumeister,1757050365.0,5,1.0,Kaufberatung
1n8wehq,https://www.reddit.com/r/Battlefield/comments/1n8wehq/will_there_be_multiple_helicopters_and_jets_per/,,5,Will there be multiple helicopters and jets per team on bigger maps?,AnonymousForALittle,False,True,False,,False,"Like in 2042 or BF4, where big maps have a couple vehicles. Some transfer vehicles and two attack choppers, two jets at a time. 

Is there any info on whether that’ll be the case in BF6? ",False,/r/Battlefield/comments/1n8wehq/will_there_be_multiple_helicopters_and_jets_per/,Battlefield,1757048554.0,1,1.0,Battlefield 6
1n8w3mq,https://v.redd.it/mkgf34kd0anf1,"{'reddit_video': {'width': 1920, 'height': 1080, 'is_gif': False, 'hls_url': 'https://v.redd.it/mkgf34kd0anf1/HLSPlaylist.m3u8?a=1759672802%2CYWU3MmM1NzZmMmFiY2JlOTVmYTljMDg0MTc1ZjFkMzAwYzdjNWQzMmQ2YjQ4ZTAzYTJjNGY5MTMyNWE3NDFiMQ%3D%3D&v=1&f=sd', 'dash_url': 'https://v.redd.it/mkgf34kd0anf1/DASHPlaylist.mpd?a=1759672802%2CYmY5Yzk2ZGUwNGEwMmU4ZjNiOWIzYTZiMDljY2NmNDFkZDI5MzE2YzBkYzc5Y2FlNWU2ZmE5MDU3OTYxYTA4NQ%3D%3D&v=1&f=sd', 'duration': 35, 'has_audio': True, 'bitrate_kbps': 5000, 'fallback_url': 'https://v.redd.it/mkgf34kd0anf1/DASH_1080.mp4?source=fallback', 'scrubber_media_url': 'https://v.redd.it/mkgf34kd0anf1/DASH_96.mp4', 'transcoding_status': 'completed'}}",0,bf6,Neves_95,False,False,False,"{'images': [{'id': 'OXQyNzVuYWQwYW5mMZLAVzDKPd_Do0Awi_ZomrZwzqE-UPFnC8_emkSd2eeq', 'source': {'url': 'https://external-preview.redd.it/OXQyNzVuYWQwYW5mMZLAVzDKPd_Do0Awi_ZomrZwzqE-UPFnC8_emkSd2eeq.png?format=pjpg&auto=webp&s=a40e783252a669572c5d09a2b19223e0d4719dfa', 'width': 720, 'height': 405}, 'variants': {}, 'resolutions': [{'url': 'https://external-preview.redd.it/OXQyNzVuYWQwYW5mMZLAVzDKPd_Do0Awi_ZomrZwzqE-UPFnC8_emkSd2eeq.png?width=108&crop=smart&format=pjpg&auto=webp&s=f296ce3cd90af35c3d150cc651f99b5513104c70', 'width': 108, 'height': 60}, {'url': 'https://external-preview.redd.it/OXQyNzVuYWQwYW5mMZLAVzDKPd_Do0Awi_ZomrZwzqE-UPFnC8_emkSd2eeq.png?width=216&crop=smart&format=pjpg&auto=webp&s=66b5756d7e7cab7214ed377a21d391f8a68845de', 'width': 216, 'height': 121}, {'url': 'https://external-preview.redd.it/OXQyNzVuYWQwYW5mMZLAVzDKPd_Do0Awi_ZomrZwzqE-UPFnC8_emkSd2eeq.png?width=320&crop=smart&format=pjpg&auto=webp&s=01e18b28bc1c4da3ace0796170e20acffbf0af12', 'width': 320, 'height': 180}, {'url': 'https://external-preview.redd.it/OXQyNzVuYWQwYW5mMZLAVzDKPd_Do0Awi_ZomrZwzqE-UPFnC8_emkSd2eeq.png?width=640&crop=smart&format=pjpg&auto=webp&s=146a5c20ff3e7c75985c0984724bf2561285fa8d', 'width': 640, 'height': 360}]}], 'enabled': False}",False,"sou a favor disso voltar no BF6, tirar a paz dos camper, fora que é muito divertido.",False,/r/Battlefield6/comments/1n8w3mq/bf6/,Battlefield6,1757047539.0,0,0.31,Video
1n8vvae,https://www.reddit.com/r/Battlefield6/comments/1n8vvae/i_hardly_play_pvp_anymore_but_reddit_clips_got_me/,,9,I hardly play PvP anymore but Reddit clips got me intrigued in this game. Is it worth a try?,SleepyGamer1992,False,True,False,,False,"I never got around to playing the beta but I’ve seen lots of cool clips of this game on Reddit. I tried 2042 but spent most of my time dying and then I uninstalled after the game crashed. This game sounds like it has a lot of potential and the guns look really awesome, but my multiplayer heyday was Black Ops 1 in the early 2010s so I’m kinda nervous. 

What modes of BF6 would be best for someone who doesn’t play much PvP? I think I played Conquest CQC in 2042 IIRC. I just hate how multiplayer these days require you to only play a single game consistently in order to get good enough to have fun. CS2 seems to be an exception to this since I can jump on for a few minutes and still manage to have some fun, but the guns, graphics, and realism of BF6 looks more appealing. I just don’t wanna get this and spend most of my time getting sniped in the head by Gen Alpha kids on Monster IV drips who never miss their shots. 🙈 ",False,/r/Battlefield6/comments/1n8vvae/i_hardly_play_pvp_anymore_but_reddit_clips_got_me/,Battlefield6,1757046758.0,20,0.72,Discussion
1n8vdl6,https://www.reddit.com/r/Battlefield/comments/1n8vdl6/what_rank_do_i_have_to_be_right_now_to_only_do/,,0,What rank do I have to be right now to only do weeklies from now on to complete the Free battlepass?,Daft-SKULL-FACE,False,True,False,,False,I know people were saying rank 27 by week one? But I'm barely at 28 and its week three.... can anyone help me out here? I'm just trying to grind it out right before BF6 launches man haha Thanks! ,False,/r/Battlefield/comments/1n8vdl6/what_rank_do_i_have_to_be_right_now_to_only_do/,Battlefield,1757045143.0,6,0.5,Battlefield 2042
1n8ukc5,https://v.redd.it/nb2c0n1nl9nf1,"{'reddit_video': {'width': 640, 'height': 360, 'is_gif': False, 'hls_url': 'https://v.redd.it/nb2c0n1nl9nf1/HLSPlaylist.m3u8?a=1759672802%2CYzA5MzFjMzI2MTFhY2E0YmQzMjAyZDNmNmQ1NWNlZjQ3NmVjYmJkNTZjMTUzYWM2MTJiM2ExMWQxZjAwN2I4YQ%3D%3D&v=1&f=sd', 'dash_url': 'https://v.redd.it/nb2c0n1nl9nf1/DASHPlaylist.mpd?a=1759672802%2CZTc5YWRjNmQ3NmY5YTdiMzRmNmRkMmU0ZWYwNzRkNDM1YTUzYjRhNzhkMDVmOTlhMjBjN2Y0ZDZhOWMyZjRkMg%3D%3D&v=1&f=sd', 'duration': 42, 'has_audio': True, 'bitrate_kbps': 800, 'fallback_url': 'https://v.redd.it/nb2c0n1nl9nf1/DASH_360.mp4?source=fallback', 'scrubber_media_url': 'https://v.redd.it/nb2c0n1nl9nf1/DASH_96.mp4', 'transcoding_status': 'completed'}}",4,bf6_KahLIL.mp2a,Dangerous-Boot9353,False,False,False,"{'images': [{'id': 'MTc3cXh0MG5sOW5mMd4j1CTxq-vPFWrEsnnQJUqMU_mno-3Y3hOE3_S9IE9m', 'source': {'url': 'https://external-preview.redd.it/MTc3cXh0MG5sOW5mMd4j1CTxq-vPFWrEsnnQJUqMU_mno-3Y3hOE3_S9IE9m.png?format=pjpg&auto=webp&s=c576494255a1a9cf291c4287f0eb49edf801b154', 'width': 640, 'height': 360}, 'variants': {}, 'resolutions': [{'url': 'https://external-preview.redd.it/MTc3cXh0MG5sOW5mMd4j1CTxq-vPFWrEsnnQJUqMU_mno-3Y3hOE3_S9IE9m.png?width=108&crop=smart&format=pjpg&auto=webp&s=0feef82234bedcae0b89fa83af95480eb703102f', 'width': 108, 'height': 60}, {'url': 'https://external-preview.redd.it/MTc3cXh0MG5sOW5mMd4j1CTxq-vPFWrEsnnQJUqMU_mno-3Y3hOE3_S9IE9m.png?width=216&crop=smart&format=pjpg&auto=webp&s=5eb136805b1251d94e69cb3a10086084871ec879', 'width': 216, 'height': 121}, {'url': 'https://external-preview.redd.it/MTc3cXh0MG5sOW5mMd4j1CTxq-vPFWrEsnnQJUqMU_mno-3Y3hOE3_S9IE9m.png?width=320&crop=smart&format=pjpg&auto=webp&s=a05d7efcd36dc76c292b3cbc94f410af61eb3d06', 'width': 320, 'height': 180}, {'url': 'https://external-preview.redd.it/MTc3cXh0MG5sOW5mMd4j1CTxq-vPFWrEsnnQJUqMU_mno-3Y3hOE3_S9IE9m.png?width=640&crop=smart&format=pjpg&auto=webp&s=6771a073091e521a69c650cedd6fe33c85919011', 'width': 640, 'height': 360}]}], 'enabled': False}",False,,False,/r/PRYudiposting/comments/1n8ukc5/bf6_kahlilmp2a/,PRYudiposting,1757042607.0,1,1.0,Random PR Content
1n8tuf5,https://www.reddit.com/r/IntelArc/comments/1n8tuf5/newegg_intel_bundle_update/,,19,Newegg Intel Bundle update,js8call,False,True,False,,False,"Finally, Intel did good..They honored me the first Intel Gamers Day og bundle offer after sending proof of purchase on August 25. I got the email today and rn dling AC Shadows and BF6 Phantom is available to dl Oct 3..",False,/r/IntelArc/comments/1n8tuf5/newegg_intel_bundle_update/,IntelArc,1757040437.0,4,1.0,Discussion
1n8tk1z,https://v.redd.it/u715o7crc9nf1,"{'reddit_video': {'width': 1920, 'height': 1080, 'is_gif': False, 'hls_url': 'https://v.redd.it/u715o7crc9nf1/HLSPlaylist.m3u8?a=1759672802%2CNmE4ZmE2MTFkNmUyYTc0NDFlMWJjYjc1YWQyMDNkODgwMWMwNTQ2OTc4YjIxYzMwNGNiOWQwYjllMmQyMmNlYQ%3D%3D&v=1&f=sd', 'dash_url': 'https://v.redd.it/u715o7crc9nf1/DASHPlaylist.mpd?a=1759672802%2CMDMzNzZjNDRiOTA1Nzk4M2M0ZDNmMzJiM2E4YjlkN2ZmOTU3ZTlmMzY0MWU2NmRjMmFhMjk2OGMwZWM1YjhmMA%3D%3D&v=1&f=sd', 'duration': 29, 'has_audio': True, 'bitrate_kbps': 5000, 'fallback_url': 'https://v.redd.it/u715o7crc9nf1/DASH_1080.mp4?source=fallback', 'scrubber_media_url': 'https://v.redd.it/u715o7crc9nf1/DASH_96.mp4', 'transcoding_status': 'completed'}}",5,How I reached LVL 20 in the BF6 beta,LahoriLegend,False,False,False,"{'images': [{'id': 'YXR5OHl1ZHJjOW5mMWpecRQ27li2LmwSYncTUlMT970vDf35oa4ghpIc-h0q', 'source': {'url': 'https://external-preview.redd.it/YXR5OHl1ZHJjOW5mMWpecRQ27li2LmwSYncTUlMT970vDf35oa4ghpIc-h0q.png?format=pjpg&auto=webp&s=02b48a71505bfa8ce61d229a4dfee3b1e6f8cf30', 'width': 1080, 'height': 607}, 'variants': {}, 'resolutions': [{'url': 'https://external-preview.redd.it/YXR5OHl1ZHJjOW5mMWpecRQ27li2LmwSYncTUlMT970vDf35oa4ghpIc-h0q.png?width=108&crop=smart&format=pjpg&auto=webp&s=d17a23b11b956282f9d81d5b88c5076710b6e8cf', 'width': 108, 'height': 60}, {'url': 'https://external-preview.redd.it/YXR5OHl1ZHJjOW5mMWpecRQ27li2LmwSYncTUlMT970vDf35oa4ghpIc-h0q.png?width=216&crop=smart&format=pjpg&auto=webp&s=3953e01c2ed25fcce83aa3ed7529daf367004963', 'width': 216, 'height': 121}, {'url': 'https://external-preview.redd.it/YXR5OHl1ZHJjOW5mMWpecRQ27li2LmwSYncTUlMT970vDf35oa4ghpIc-h0q.png?width=320&crop=smart&format=pjpg&auto=webp&s=6e88a50d91a6136710f7d5c9ed6a8ffe154879a5', 'width': 320, 'height': 179}, {'url': 'https://external-preview.redd.it/YXR5OHl1ZHJjOW5mMWpecRQ27li2LmwSYncTUlMT970vDf35oa4ghpIc-h0q.png?width=640&crop=smart&format=pjpg&auto=webp&s=1c4e28c0525c5b8470df3de521717de8925fd17c', 'width': 640, 'height': 359}, {'url': 'https://external-preview.redd.it/YXR5OHl1ZHJjOW5mMWpecRQ27li2LmwSYncTUlMT970vDf35oa4ghpIc-h0q.png?width=960&crop=smart&format=pjpg&auto=webp&s=486571dbeb2e4ca232545d0ce6062977fa085bdd', 'width': 960, 'height': 539}, {'url': 'https://external-preview.redd.it/YXR5OHl1ZHJjOW5mMWpecRQ27li2LmwSYncTUlMT970vDf35oa4ghpIc-h0q.png?width=1080&crop=smart&format=pjpg&auto=webp&s=fe45ccd13be42d9c49fc52685ecab4f89d6f3527', 'width': 1080, 'height': 607}]}], 'enabled': False}",False,,False,/r/Battlefield/comments/1n8tk1z/how_i_reached_lvl_20_in_the_bf6_beta/,Battlefield,1757039596.0,3,0.6,Battlefield 6
1n8t8k0,https://www.reddit.com/r/buildapcforme/comments/1n8t8k0/gaming_pc_1000/,,1,Gaming pc 1000$,Fit_Bodybuilder4778,False,True,False,,False,"Hi guys, I’m currently willing to build my first pc ! I wonder where I can go with 1000$ ? 

•	⁠New build or upgrade? : New build

•	⁠Existing parts/monitors to reuse? (List with models/links) : No 

•	⁠PC purpose? (Gaming, editing, etc. List apps/games) : Gaming, probably a lot of bf6, squad, helldiver and stellaris 

•	⁠Purchase country? Near Micro Center? (If not US, list local vendors) : I’m currently in California 

•	⁠Monitors needed? (Number, size, resolution, refresh rate) : only one but you might skip it, I have around 1500$ budget for the whole pc ( monitor, mouse, keyboard and headset ) 

•	⁠Budget range? (Include tax considerations) around 1000 for the pc 

•	⁠WiFi or wired connection? : WiFi preferred, possibility to wire it only

•	⁠Size/noise constraints? : none

•	⁠Color/lighting preferences? : none 

•	⁠Any other specific needs? : no

Thank you very much guys ! I don’t know a lot about this stuff ",False,/r/buildapcforme/comments/1n8t8k0/gaming_pc_1000/,buildapcforme,1757038673.0,3,1.0,
1n8sy21,https://www.reddit.com/r/battlefield2042/comments/1n8sy21/i_know_im_the_minority_but_ill_miss_2042_once_bf6/,,175,"I know im the minority, but i'll miss 2042 once bf6 hits...",2sk3tchy,False,True,False,,False,"don't het me wrong, i know it's pitfalls - i embraced them for 500 hrs.  
And this post may get downvoted to all hell, and that's ok, i understand. 

it'll be nice to play a proper bf in october, but the progress, memories, and the handful of clips will collect dust, that i know - but there will always be a little place for 2042, since the bf6 grind will take priority",False,/r/battlefield2042/comments/1n8sy21/i_know_im_the_minority_but_ill_miss_2042_once_bf6/,battlefield2042,1757037815.0,101,0.69,Discussion
1n8sn1i,https://www.reddit.com/r/Battlefield/comments/1n8sn1i/server_browser_in_bf6/,,3,Server browser in BF6,Ralph-5050,False,True,False,,False,"To my understanding, the devs confirmed the Server Browser only for the Portal/community servers, right?

But, I believe the community will enjoy having the Server Browser functionality enabled also for the official servers. I do see the benefit of having the Match Making functionality, but allowing us to also browse through the official servers via Server Brower would be a good addition.

I remember seeing one comment from a dev saying that Server Browser has its issues too, like the fact that the server will be running even though no one is playing on that server, but I believe that some optimization can be done on the server side in order to dynamically adjust the hardware resources of a server based on its usage (or player count). That means if anyone is playing on a specific official server, it will allocate none or very low hardware resources just to keep showing the server in the Server Browser. And as the player count of that official server grows, more hardware resources are allocated to that server.

Here are some benefits of enabling Server Browser for official servers:

* **Player choice and control**: we would be able to choose an official server based on ping, region, map rotation and/or player count. This also allows us to avoid high-ping servers (when I played the beta of BF6 with a friend from another country, we randomly were assigned to servers, which would cause our connection to have huge ping fluctuations when looking for a new match rather than being constant).
* **Community building**: it enables communities to form around specific servers and strengthens long-term engagement, since players can return to a “home” server with familiar players.
* **Revenge possibility**: often, when we lost a match, we want to be able to beat the other team/squads when playing on the next map.
* **Enable us to play against our friends**: we like to play in the same squad/team with our friends, but we also enjoy playing against them sometimes.",False,/r/Battlefield/comments/1n8sn1i/server_browser_in_bf6/,Battlefield,1757036965.0,10,0.67,Battlefield 6
1n8si83,https://www.reddit.com/r/Battlefield/comments/1n8si83/animations_should_be_improved_before_launch/,,18,Animations should be improved before launch,Fit-Information8057,False,True,False,,False,"I think BF6 animations are a mix of BF1 and 2042 style animations, which in itself is decent but imo should be greatly improved upon. The main problem with BF6 animations is animation blending. Animations sometimes interrupt previous animations making it look way to fast or like it teleported. For example the running animation is weighty and smooth but when switching your weapon it doesn't transition and blend well which is a janky contrast.",False,/r/Battlefield/comments/1n8si83/animations_should_be_improved_before_launch/,Battlefield,1757036585.0,31,0.67,Battlefield 6
1n8s4tc,https://www.reddit.com/r/GamerPals/comments/1n8s4tc/26m_looking_for_a_friend_to_game_with/,,1,26M Looking for a friend to game with,StartPenguin_,False,True,False,,False,"Hey everyone hope you are doing good, I was looking to make more friends to play games with as playing solo sucks. I was hoping to make a friendship where we can just talk to each other throughout the day. 

I'm open to playing anything but I also have a variety of games. Currently I'm playing a lot of battlefield 2042 (mostly grinding for the bf6 skins), Helldivers 2, Marvel Rivals, DBD, Peak, and Outlast Trials. I have many more games in my library so we could definitely find a couple of games to play. I also don't mind picking up games.

Other than gaming I like watching anime and shows. I try to go out on walks and workout whenever I get the chance. I'm trying to get better at cooking.

I'm a casual person just looking to have so fun so even if we lose a game I don't mind because I just care about having a good laugh and fun. I also don't mind if we just hop on a VC call to just talk or if we stream games to each other.

If you are down to play feel free to send me a message.




",False,/r/GamerPals/comments/1n8s4tc/26m_looking_for_a_friend_to_game_with/,GamerPals,1757035496.0,3,0.66,North America
1n8s006,https://v.redd.it/8uc5yj5qy8nf1,"{'reddit_video': {'width': 1920, 'height': 1080, 'is_gif': False, 'hls_url': 'https://v.redd.it/8uc5yj5qy8nf1/HLSPlaylist.m3u8?a=1759672802%2CYzcyOTRlOTg5N2E5MTkyYWI4Njk1MzVhMjRmMjZmZDRhNzI2MzA3YzcyMmZiZDQzMDg2NzgxMDcwYjQwZmJlYQ%3D%3D&v=1&f=sd', 'dash_url': 'https://v.redd.it/8uc5yj5qy8nf1/DASHPlaylist.mpd?a=1759672802%2CODNkOWIwODhmNTRkMGQzMTkzYjIzYTg2ZjY2NjIxMzA4NzQwOGFhMjliNDc2NjcxMWNkZmY5YWUxZTQ3MzIyMA%3D%3D&v=1&f=sd', 'duration': 30, 'has_audio': True, 'bitrate_kbps': 5000, 'fallback_url': 'https://v.redd.it/8uc5yj5qy8nf1/DASH_1080.mp4?source=fallback', 'scrubber_media_url': 'https://v.redd.it/8uc5yj5qy8nf1/DASH_96.mp4', 'transcoding_status': 'completed'}}",10,Any reason why i'm lagging sooo much??,_Sad_Puppy_,False,False,False,"{'images': [{'id': 'a3JleWxrNXF5OG5mMS8rmYykeKgZhacv5kUDhP9MmYlB2KTU9icLpvb6XTGd', 'source': {'url': 'https://external-preview.redd.it/a3JleWxrNXF5OG5mMS8rmYykeKgZhacv5kUDhP9MmYlB2KTU9icLpvb6XTGd.png?format=pjpg&auto=webp&s=8631575b2d61b0606e7911deb3bf6c58fb82007a', 'width': 1920, 'height': 1080}, 'variants': {}, 'resolutions': [{'url': 'https://external-preview.redd.it/a3JleWxrNXF5OG5mMS8rmYykeKgZhacv5kUDhP9MmYlB2KTU9icLpvb6XTGd.png?width=108&crop=smart&format=pjpg&auto=webp&s=437d95cff4e2322b92ac328b6da4dc57d543c83a', 'width': 108, 'height': 60}, {'url': 'https://external-preview.redd.it/a3JleWxrNXF5OG5mMS8rmYykeKgZhacv5kUDhP9MmYlB2KTU9icLpvb6XTGd.png?width=216&crop=smart&format=pjpg&auto=webp&s=6a16b226567148b3ee4797c6275163101b0540c2', 'width': 216, 'height': 121}, {'url': 'https://external-preview.redd.it/a3JleWxrNXF5OG5mMS8rmYykeKgZhacv5kUDhP9MmYlB2KTU9icLpvb6XTGd.png?width=320&crop=smart&format=pjpg&auto=webp&s=f6e57157e79767112682bf57d9aceae75b28b8e7', 'width': 320, 'height': 180}, {'url': 'https://external-preview.redd.it/a3JleWxrNXF5OG5mMS8rmYykeKgZhacv5kUDhP9MmYlB2KTU9icLpvb6XTGd.png?width=640&crop=smart&format=pjpg&auto=webp&s=dff37cb38a98bc4c8d4857829d41c6b0a3423a5d', 'width': 640, 'height': 360}, {'url': 'https://external-preview.redd.it/a3JleWxrNXF5OG5mMS8rmYykeKgZhacv5kUDhP9MmYlB2KTU9icLpvb6XTGd.png?width=960&crop=smart&format=pjpg&auto=webp&s=af1dc04b7f82f1817a667c0cd5fb6faaa9a441fb', 'width': 960, 'height': 540}, {'url': 'https://external-preview.redd.it/a3JleWxrNXF5OG5mMS8rmYykeKgZhacv5kUDhP9MmYlB2KTU9icLpvb6XTGd.png?width=1080&crop=smart&format=pjpg&auto=webp&s=7865d06c1659e68dc3d926e5d3469e277c6acc61', 'width': 1080, 'height': 607}]}], 'enabled': False}",False,"video is at 30fps for some reason but I never had this issue in BF6 or The Finals, I see the icons in every match but it's never this bad.",False,/r/battlefield2042/comments/1n8s006/any_reason_why_im_lagging_sooo_much/,battlefield2042,1757035115.0,8,1.0,Question
1n8rpj7,https://youtube.com/shorts/bPR7Mr_sr_U?si=IVk5kQbyrdweOMeb,"{'type': 'youtube.com', 'oembed': {'html': '<iframe width=""113"" height=""200"" src=""https://www.youtube.com/embed/bPR7Mr_sr_U?feature=oembed&enablejsapi=1"" frameborder=""0"" allow=""accelerometer; autoplay; clipboard-write; encrypted-media; gyroscope; picture-in-picture; web-share"" referrerpolicy=""strict-origin-when-cross-origin"" allowfullscreen title=""Pigeon destroys jet from parachute! Road to BF6 continues..""></iframe>', 'type': 'video', 'title': 'Pigeon destroys jet from parachute! Road to BF6 continues..', 'width': 113, 'height': 200, 'version': '1.0', 'author_url': 'https://www.youtube.com/@Pigeonometry', 'author_name': 'Pigeonometry', 'provider_url': 'https://www.youtube.com/', 'provider_name': 'YouTube', 'thumbnail_url': 'https://i.ytimg.com/vi/bPR7Mr_sr_U/hq2.jpg', 'thumbnail_width': 480, 'thumbnail_height': 360}}",1,Pigeon destroys jet from parachute! Road to BF6 continues..,ForTheWeirdoSwarm,False,False,False,"{'images': [{'id': 'OemcHJxRIHU2EdrmHOzy0gn4lbLSuBkhZdDVwNatmUk', 'source': {'url': 'https://external-preview.redd.it/OemcHJxRIHU2EdrmHOzy0gn4lbLSuBkhZdDVwNatmUk.jpeg?auto=webp&s=1e3967211aeac6986c7f47f9de559f521c160c67', 'width': 480, 'height': 360}, 'variants': {}, 'resolutions': [{'url': 'https://external-preview.redd.it/OemcHJxRIHU2EdrmHOzy0gn4lbLSuBkhZdDVwNatmUk.jpeg?width=108&crop=smart&auto=webp&s=a23d28244d4ebaea4c49519a9779b2d8ea56a938', 'width': 108, 'height': 81}, {'url': 'https://external-preview.redd.it/OemcHJxRIHU2EdrmHOzy0gn4lbLSuBkhZdDVwNatmUk.jpeg?width=216&crop=smart&auto=webp&s=17b26eef33f431615a2f1f16a6375c4fdaa52c82', 'width': 216, 'height': 162}, {'url': 'https://external-preview.redd.it/OemcHJxRIHU2EdrmHOzy0gn4lbLSuBkhZdDVwNatmUk.jpeg?width=320&crop=smart&auto=webp&s=659c350edfb1317606c6658b14f4f73d95a15c7b', 'width': 320, 'height': 240}]}], 'enabled': False}",False,,False,/r/battlefield2042/comments/1n8rpj7/pigeon_destroys_jet_from_parachute_road_to_bf6/,battlefield2042,1757034275.0,0,1.0,Video
1n8rotz,https://www.reddit.com/gallery/1n8rotz,,4,I Hate TPM 2.0,Dry-Dot-6159,False,False,False,,False,"I’m not the most tech savvy person out there, but I have spent the past 3 hours looking all over my pc and I can say with 98% confidence I have both TPM 2.0 & Secure Boot enabled. I was able to play the BF6 beta just fine but for some reason COD wants to make everything infuriating. Am I missing something or is it a problem on COD’s end? All I wanna do is play BO7 zombies on my pc and I just wanna have it ready before Nov. 17th",False,/r/blackops6/comments/1n8rotz/i_hate_tpm_20/,blackops6,1757034218.0,11,0.64,Question
1n8rkor,https://www.reddit.com/r/Battlefield/comments/1n8rkor/please_let_us_customize_soldiers_like_in_bfv_dice/,,2,Please let us customize soldiers like in BFV DICE,ForceGhost1013,False,True,False,,False,"So far we've seen that the subfactions have set characters in the squads. It seems that you can change their camos and probably skins, but the BFV soldier customization was the best in Battlefield. I hope they let us customize our soldiers like BFV, choosing the face/gender, headgear, torso, and legs. It seems like they are giving us plenty of options to customize our weapons, and a bunch of new options in Portal. 

Soldier customization would complete the package, letting us further play Battlefield ""our way"" and how we want. The way I think of it is ""Your Soldier, Your Battlefield"" 

The current soldiers would be good as map based default skins, but it seems like they're still trying to have us play as named soldiers with backstories, but atleast they handled it  way better than 2042 this time. Some players like to imagine they are the soldiers ingame though, rather than taking control of named soldiers. 

This would add another layer of customization  to the overall experience, and would be in-line with them saying they are taking all the best parts from previous titles. I'd argue that when it came to soldier customization, BFV was the best, and they should incorporate that in BF6. It may also help them make more money (because this is EA we're talking about lol), because being able to combine different pieces of gear to make cool combos is another incentive for some players to buy more skins. ",False,/r/Battlefield/comments/1n8rkor/please_let_us_customize_soldiers_like_in_bfv_dice/,Battlefield,1757033906.0,14,0.55,Battlefield 6
1n8reuc,https://www.reddit.com/r/battlefield2042/comments/1n8reuc/what_do_you_guys_think_about_ea_making_a_legacy/,,0,"What do you guys think about EA making a Legacy Edition of BF 2042, after they stop updating it once bf6 comes out that has all content DLC wise and BP wise in it for people that are new or missed out?",Square-Question-6220,False,True,False,,False,Something along the lines of what BF5 did with its edition. ,False,/r/battlefield2042/comments/1n8reuc/what_do_you_guys_think_about_ea_making_a_legacy/,battlefield2042,1757033427.0,6,0.5,Question
1n8r0bz,https://www.reddit.com/r/Battlefield/comments/1n8r0bz/are_bf6_battlepassea_going_to_suck/,,0,Are bf6 battlepassea going to suck,Consistent_Reasons,False,True,False,,False,Will bf6 battlepasses suck to grind as much as this 2042 one? Regretting my preorder,False,/r/Battlefield/comments/1n8r0bz/are_bf6_battlepassea_going_to_suck/,Battlefield,1757032306.0,16,0.26,Battlefield 6
1n8qem9,https://www.reddit.com/r/Battlefield/comments/1n8qem9/naval_map_in_bf6/,,1,Naval Map in BF6?,ToraToraTora1942,False,True,False,,False,"Some of my best Battlefield memories were playing maps in BF4 with naval vehicles like the attack boats. Has anyone seen any leaks in BF6 regarding a Naval map? Imagine how fun it would be to have a map with ships, attack boats and submarines. I remember DICE trying to get submarines to work for BF4, but it never happened. You would think EA/DICE could provide us an epic Naval map. ",False,/r/Battlefield/comments/1n8qem9/naval_map_in_bf6/,Battlefield,1757030622.0,1,0.56,Battlefield 6
1n8q9ac,https://i.redd.it/3bjtd6myk8nf1.jpeg,,0,Anybody looking for a clan for BF6,SkyFadezTTV,False,False,False,"{'images': [{'id': 'e0UvtBvLITTiCoZG6Sgv_7uGpOK1kijScYlxlmcLRfQ', 'source': {'url': 'https://preview.redd.it/3bjtd6myk8nf1.jpeg?auto=webp&s=65277953c0d1716788e50d4ca7afdd933929deab', 'width': 1274, 'height': 554}, 'variants': {}, 'resolutions': [{'url': 'https://preview.redd.it/3bjtd6myk8nf1.jpeg?width=108&crop=smart&auto=webp&s=fd51ca8c78843fc03a1e37e9ff4dae6c67148eb7', 'width': 108, 'height': 46}, {'url': 'https://preview.redd.it/3bjtd6myk8nf1.jpeg?width=216&crop=smart&auto=webp&s=f507ce99ca743a065e431e49cb33a9d610347f29', 'width': 216, 'height': 93}, {'url': 'https://preview.redd.it/3bjtd6myk8nf1.jpeg?width=320&crop=smart&auto=webp&s=0460e58d23dba1e351a2293d91ffb495e733e809', 'width': 320, 'height': 139}, {'url': 'https://preview.redd.it/3bjtd6myk8nf1.jpeg?width=640&crop=smart&auto=webp&s=6151a2cbf733cd976077096890eadb0678754da5', 'width': 640, 'height': 278}, {'url': 'https://preview.redd.it/3bjtd6myk8nf1.jpeg?width=960&crop=smart&auto=webp&s=37b06149f11e231ecb774e6a30d1e332ef22974b', 'width': 960, 'height': 417}, {'url': 'https://preview.redd.it/3bjtd6myk8nf1.jpeg?width=1080&crop=smart&auto=webp&s=c3de1cd811cd67b9075072e945282cfc86ae7da7', 'width': 1080, 'height': 469}]}], 'enabled': True}",False,My clan is looking for members to join my clan we are casual and competitive as well if you have any questions feel free to ,False,/r/Battlefield6/comments/1n8q9ac/anybody_looking_for_a_clan_for_bf6/,Battlefield6,1757030230.0,4,0.21,Discussion
1n8q5fn,https://www.reddit.com/r/chat/comments/1n8q5fn/23m_bored_and_inprisoned_in_bed_looking_for_folks/,,1,23[M] Bored and inprisoned in bed. Looking for folks to chat with and hopefully make new friends,SovietLegend,False,True,False,,False,"Howdy there everyone reading. 

As the title says I'm looking for someone who wants to chat and possibly become friends. Ive always felt friends come from all around and wouldn't mind having someone to chat with or even play some games with potentially. 

Some hobbies of mine include cars, fishing, airsoft, pc building, gaming, and cooking. I also watch some anime and some popular shows such as breaking bad, Mr. Robot and etc etc. 

All I ask is don't make me carry the conversation as that always gets stale fast! Even if we have nothing in common im more than happy to have a quick chat or even something longer term. Skies the limit! 


Games i play atm:

For Honor

BF1/BF6(when it drops) 

R6 (im kinda trash) 

DBD (meh new to this one) 


Games i have: 

Warframe

Phas

Minecraft 

Marvel rivals 

Overwatch 

Hell divers 

Darktide 

Space marine 2 

Theres a bunch more but I just dont know them off the top of my head. 

My steam name is: Legend 

Lol I know its gonna be kinda hard to find. 

Hope to hear from yall soon! ",False,/r/chat/comments/1n8q5fn/23m_bored_and_inprisoned_in_bed_looking_for_folks/,chat,1757029929.0,0,1.0,Friends 👥
1n8q2za,https://www.reddit.com/r/Battlefield/comments/1n8q2za/a_new_game_mode_i_want_to_create_in_portal_editor/,,1,A new game mode I want to create in portal editor for BF6,bebzimo,False,True,False,,False,"Tell me what you think!

Game Mode Concept: Precinct Assault

Objective: Teams capture flags to speed up tank production, then escort tanks to the enemy base while defending against enemy tanks and AI-controlled anti-tank weapons.
Gameplay:
 * Teams: Two teams compete.
 * Flags: Capture flags to increase tank production speed.
 * Helicopter Flags: Special flags spawn helicopters for defense.
 * Tank Route: Tanks follow a set path to the enemy base.
 * Mini-Bases: Capturing mini-bases spawns additional tanks.
 * Mounted Weapons: Capture and use mounted anti-tank weapons along the route.
 * AI Defense: Captured anti-tank weapons are used by AI against enemy tanks.
 * Unit Limits: Maximum of 20 tanks and 10 helicopters per team.
 * Player Roles: Players can only be secondary gunners in tanks and helicopters.
 * Capture: Escort a tank to the enemy base to win.
",False,/r/Battlefield/comments/1n8q2za/a_new_game_mode_i_want_to_create_in_portal_editor/,Battlefield,1757029741.0,2,0.57,Battlefield 6
1n8pqc3,https://www.reddit.com/r/Battlefield/comments/1n8pqc3/battlefield_labs_bf6_will_now_have_frequent_dev/,,99,"Battlefield Labs (BF6) will now have frequent ""Dev Play Sessions"", focusing on experimental content and balancing based on player and community feedback",butter_nutter777,False,True,False,,False,"On top of one big Labs playtest every 2 or 3 weeks, small, short-notice ""dev play sessions"" will be taking place to test small changes here and there.

* The DEVs will be playing alongside Labs participants.
* The DEVs want to gather data quickly after making quick changes in the balancing, the gameplay, or the visual feedback of the game.
* Will help discover any outstanding bugs and performance issues.
* In the first playsession, Breakthrough on Mirak Valley and Operation Firestorm were tested.

Paraphrasing: ""Remember that the Labs build is like a curated cake slice of the whole intended game, so expect missing and buggy content"" (they have to keep saying this in every paragraph because Labs participants whine a lot in the playtest chats and don't give feedback, missing the point of being in the playtester program)

Alleged experimental changes that were tested in the first play session:

   * Shotguns heavily nerfed (oh god no, please, don't make them completely useless!)
   * Smoke grenades restricted to the Support class",False,/r/Battlefield/comments/1n8pqc3/battlefield_labs_bf6_will_now_have_frequent_dev/,Battlefield,1757028811.0,45,0.94,Battlefield 6
1n8pc8u,https://v.redd.it/i0mrboo7d8nf1,"{'reddit_video': {'width': 1920, 'height': 1080, 'is_gif': False, 'hls_url': 'https://v.redd.it/i0mrboo7d8nf1/HLSPlaylist.m3u8?a=1759672802%2CZTAxZDY2ZjhkN2E5Zjc3MzFiNTgzMTMxMGMyZGJlYTczOGRmOTVlYTFkM2Q3MDQzNmU2MzhlYWJhNWQ1YjRjNg%3D%3D&v=1&f=sd', 'dash_url': 'https://v.redd.it/i0mrboo7d8nf1/DASHPlaylist.mpd?a=1759672802%2CODVjMmQ4NTM1ZGRmMjM4YTkyZmI0MDlkMGFhODhlNTJmNDhjZjBkMzQ3ZWIzYmY5YzQxOWYyYzYzOThiZTUxZg%3D%3D&v=1&f=sd', 'duration': 20, 'has_audio': True, 'bitrate_kbps': 5000, 'fallback_url': 'https://v.redd.it/i0mrboo7d8nf1/DASH_1080.mp4?source=fallback', 'scrubber_media_url': 'https://v.redd.it/i0mrboo7d8nf1/DASH_96.mp4', 'transcoding_status': 'completed'}}",405,I need bf6 to release now nothing else hits the same as this,leosnake0577,False,False,False,"{'images': [{'id': 'c2Jwd3d1cTZkOG5mMXZRivzpaGa4jSiimT-4BLheVnOe0SoULt9bsyOrRbl6', 'source': {'url': 'https://external-preview.redd.it/c2Jwd3d1cTZkOG5mMXZRivzpaGa4jSiimT-4BLheVnOe0SoULt9bsyOrRbl6.png?format=pjpg&auto=webp&s=c2f9310882c16554e8426677042699dfb13a22d3', 'width': 1920, 'height': 1080}, 'variants': {}, 'resolutions': [{'url': 'https://external-preview.redd.it/c2Jwd3d1cTZkOG5mMXZRivzpaGa4jSiimT-4BLheVnOe0SoULt9bsyOrRbl6.png?width=108&crop=smart&format=pjpg&auto=webp&s=6259b3dcf196343eb496f29848487974fac27e48', 'width': 108, 'height': 60}, {'url': 'https://external-preview.redd.it/c2Jwd3d1cTZkOG5mMXZRivzpaGa4jSiimT-4BLheVnOe0SoULt9bsyOrRbl6.png?width=216&crop=smart&format=pjpg&auto=webp&s=c48cf7a8bbb4a4bb13ec446bda71aaa212bf7c0a', 'width': 216, 'height': 121}, {'url': 'https://external-preview.redd.it/c2Jwd3d1cTZkOG5mMXZRivzpaGa4jSiimT-4BLheVnOe0SoULt9bsyOrRbl6.png?width=320&crop=smart&format=pjpg&auto=webp&s=1e9616a113aa6a5d8f66f61e09c8d8c40378681d', 'width': 320, 'height': 180}, {'url': 'https://external-preview.redd.it/c2Jwd3d1cTZkOG5mMXZRivzpaGa4jSiimT-4BLheVnOe0SoULt9bsyOrRbl6.png?width=640&crop=smart&format=pjpg&auto=webp&s=b028c4d73ae929f27f6e183d326f2a9c3d692834', 'width': 640, 'height': 360}, {'url': 'https://external-preview.redd.it/c2Jwd3d1cTZkOG5mMXZRivzpaGa4jSiimT-4BLheVnOe0SoULt9bsyOrRbl6.png?width=960&crop=smart&format=pjpg&auto=webp&s=fe180e48b7095a0f160a47fbb541af58ec75884a', 'width': 960, 'height': 540}, {'url': 'https://external-preview.redd.it/c2Jwd3d1cTZkOG5mMXZRivzpaGa4jSiimT-4BLheVnOe0SoULt9bsyOrRbl6.png?width=1080&crop=smart&format=pjpg&auto=webp&s=5e9564e729cfe4c5a16a7b3bfc37d5de0320b08c', 'width': 1080, 'height': 607}]}], 'enabled': False}",False,Whats the highest multi-kill you guys have gotten?,False,/r/Battlefield/comments/1n8pc8u/i_need_bf6_to_release_now_nothing_else_hits_the/,Battlefield,1757027776.0,48,0.94,Battlefield 6
1n8og4p,https://www.reddit.com/r/pcmasterrace/comments/1n8og4p/have_i910900f_and_3070_upgrade_cpu_or_gpu_first/,,2,Have i9-10900F and 3070. Upgrade CPU or GPU first?,rockyroad55,False,True,False,,False,"Title is my current build. I’m looking to play primarily on 1440p BF6. 

Should I go with a 9800X3D/7800X3D or a 5070 Ti first? I’m getting about 80fps on 2042 and 75fps in the beta. ",False,/r/pcmasterrace/comments/1n8og4p/have_i910900f_and_3070_upgrade_cpu_or_gpu_first/,pcmasterrace,1757025470.0,10,1.0,Question
1n8nzhu,https://www.reddit.com/r/buildapc/comments/1n8nzhu/complete_beginner_building_an_eblaztr_need_help/,,1,"Complete beginner, building an eBlaztr, need help deciding which parts",Hjemsted,False,True,False,,False,"I am in the process of building an eBlaztr pc, I want it to be able to play Battlefield 6 at at least 140 fps with the highest possible settings.

I've been recommended a B550M MOBO paired with a Ryzen 7 5700X with 16 GB DDR4. From what I've been told, this setup should be fine for what I'm trying to get out of the PC. I will also use a 750 PSU, just to be on the safe side.

GPU wise, I have no idea what to go for. Recommended GPU for BF6 is a 3060TI, however I want to keep the price of the full build as cheap as possible. Would a used 2070 Super be a good budget option? Or do I need to go for a 5060TI 8GB, which is double the price? Would a normal 5050 be fine, as long as I use DLSS?

Any suggestions and or feedback is welcome, as I am completely new to building.",False,/r/buildapc/comments/1n8nzhu/complete_beginner_building_an_eblaztr_need_help/,buildapc,1757024297.0,3,0.66,Build Help
1n8nlj9,https://www.reddit.com/r/hardwareswap/comments/1n8nlj9/usatx_h_rtx_5080_founder_fe_w_local_cash/,,0,[USA-TX] [H] RTX 5080 Founder FE [W] Local Cash,osssssssx,False,True,False,"{'images': [{'id': 'zRnEZX7TVyw7BqABi3uEgWO8OwTG3EmYLEYi62cUqmg', 'source': {'url': 'https://external-preview.redd.it/IqbU_V9p55D5xFiowwUzVhotJ0naQqHV3iV-HGUypUw.jpg?auto=webp&s=1f088d8f97f6c483ebd013275f8bd43805de5589', 'width': 1706, 'height': 1132}, 'variants': {}, 'resolutions': [{'url': 'https://external-preview.redd.it/IqbU_V9p55D5xFiowwUzVhotJ0naQqHV3iV-HGUypUw.jpg?width=108&crop=smart&auto=webp&s=d43749f130a2b51d875ed0e17496dc2905fe6a7e', 'width': 108, 'height': 71}, {'url': 'https://external-preview.redd.it/IqbU_V9p55D5xFiowwUzVhotJ0naQqHV3iV-HGUypUw.jpg?width=216&crop=smart&auto=webp&s=84b03b0b1a90b4f81cd2d1bab4e9294f5d726092', 'width': 216, 'height': 143}, {'url': 'https://external-preview.redd.it/IqbU_V9p55D5xFiowwUzVhotJ0naQqHV3iV-HGUypUw.jpg?width=320&crop=smart&auto=webp&s=d4f5c86b2fd0e2653185c54c3e4a1cb6c8906078', 'width': 320, 'height': 212}, {'url': 'https://external-preview.redd.it/IqbU_V9p55D5xFiowwUzVhotJ0naQqHV3iV-HGUypUw.jpg?width=640&crop=smart&auto=webp&s=008e7e0b340a6f5ba54bb23bad6a9da844063e1c', 'width': 640, 'height': 424}, {'url': 'https://external-preview.redd.it/IqbU_V9p55D5xFiowwUzVhotJ0naQqHV3iV-HGUypUw.jpg?width=960&crop=smart&auto=webp&s=3262b4d44488318b919821f5500e587866d02894', 'width': 960, 'height': 636}, {'url': 'https://external-preview.redd.it/IqbU_V9p55D5xFiowwUzVhotJ0naQqHV3iV-HGUypUw.jpg?width=1080&crop=smart&auto=webp&s=a9b64f71c375b257d760b0801c755c04ee57f35b', 'width': 1080, 'height': 716}]}], 'enabled': False}",False,"**Location is Katy/Houston, TX. Not interested in shipping or trade.**

Card was purchased from Bestbuy back in June, and installed around early July. Always ran at 99% PL max, and really didn't do much with it outside of the BF6 Open Betas.

Just got a 5090 since I want to play around with some local LLM and the extra VRAM is going to be helpful. 

Original box included, the Nvidia 12VHPWR(3x8pin) adapter is included and was never used, as I used the card with a Seasonic 12VHPWR cable. 

I will forward the Bestbuy order email to you and will include the Borderlands 4 code I got with the 5090 if you want that.

**$1000 local**

Timestamp: [https://imgur.com/a/iWXqZBg](https://imgur.com/a/iWXqZBg)

",False,/r/hardwareswap/comments/1n8nlj9/usatx_h_rtx_5080_founder_fe_w_local_cash/,hardwareswap,1757023325.0,4,0.5,SELLING
1n8nl41,https://www.reddit.com/r/buildapc/comments/1n8nl41/6700xt_or_3070/,,0,6700xt or 3070?,Historical_Fold787,False,True,False,,False,"Tossing up between these GPU's. Both are available used in my area for around $220 US.

Intended use us 1440p gaming for BF6.

Which is the better option?",False,/r/buildapc/comments/1n8nl41/6700xt_or_3070/,buildapc,1757023296.0,2,0.5,Build Help
1n8njm4,https://i.redd.it/tvczm2p008nf1.gif,,52,I don't know why I think it's time to ask for TITANFALL 3. 🤔,TrickCommittee6599,False,False,False,"{'images': [{'id': '-yJ0I-XaEh7DLz3Xsj19lOd1iPBRJvxt9Pt0R3rLe_U', 'source': {'url': 'https://preview.redd.it/tvczm2p008nf1.gif?format=png8&s=2d3f878844d05b1df11c6f0be0dcc9bd28aa151a', 'width': 640, 'height': 480}, 'variants': {'gif': {'source': {'url': 'https://preview.redd.it/tvczm2p008nf1.gif?s=f699c7c330896b151c1d0e522bbbc97931900cd8', 'width': 640, 'height': 480}, 'resolutions': [{'url': 'https://preview.redd.it/tvczm2p008nf1.gif?width=108&crop=smart&s=1cffc4fbe890892af6addada4b3aee2b29e02d72', 'width': 108, 'height': 81}, {'url': 'https://preview.redd.it/tvczm2p008nf1.gif?width=216&crop=smart&s=26671ba1e6d3167d0dee13cf94bb08110b1f0afc', 'width': 216, 'height': 162}, {'url': 'https://preview.redd.it/tvczm2p008nf1.gif?width=320&crop=smart&s=285c246a76876b740144bd1307112201e767372d', 'width': 320, 'height': 240}, {'url': 'https://preview.redd.it/tvczm2p008nf1.gif?width=640&crop=smart&s=d6000e1d01ad0feab9fff33e6b3dc721c6775ae6', 'width': 640, 'height': 480}]}, 'mp4': {'source': {'url': 'https://preview.redd.it/tvczm2p008nf1.gif?format=mp4&s=c3c45b3350a95c1876b5fe5a064d63fc9808c242', 'width': 640, 'height': 480}, 'resolutions': [{'url': 'https://preview.redd.it/tvczm2p008nf1.gif?width=108&format=mp4&s=5fe82d7bbaa82c47bd55a42d5a46aaae31408dfd', 'width': 108, 'height': 81}, {'url': 'https://preview.redd.it/tvczm2p008nf1.gif?width=216&format=mp4&s=d06cee8dc90c0715d3e9112a70b8b7d118a451e0', 'width': 216, 'height': 162}, {'url': 'https://preview.redd.it/tvczm2p008nf1.gif?width=320&format=mp4&s=a680b42fe0ea8d065329bd173b87d09c5afce9ff', 'width': 320, 'height': 240}, {'url': 'https://preview.redd.it/tvczm2p008nf1.gif?width=640&format=mp4&s=2d5dcf8caf34973445f79c696703c93e0163c7da', 'width': 640, 'height': 480}]}}, 'resolutions': [{'url': 'https://preview.redd.it/tvczm2p008nf1.gif?width=108&crop=smart&format=png8&s=ce8d648a52ec1181a6c2c39ae2d9d3709fb03a4c', 'width': 108, 'height': 81}, {'url': 'https://preview.redd.it/tvczm2p008nf1.gif?width=216&crop=smart&format=png8&s=0031b70e4fbdd8ae89a5ac6a3338eeeb439a0f3e', 'width': 216, 'height': 162}, {'url': 'https://preview.redd.it/tvczm2p008nf1.gif?width=320&crop=smart&format=png8&s=f49acc49fd8ad0ee2b8c5609f68f254903860904', 'width': 320, 'height': 240}, {'url': 'https://preview.redd.it/tvczm2p008nf1.gif?width=640&crop=smart&format=png8&s=60a49b86b6d58c8888823fc5871e8fd35b048f3e', 'width': 640, 'height': 480}]}], 'enabled': True}",False,Maybe because the Bf6 and Bo7 situations bring back memories. It's probably instinct.,False,/r/titanfall/comments/1n8njm4/i_dont_know_why_i_think_its_time_to_ask_for/,titanfall,1757023206.0,2,0.88,
1n8ngnb,https://www.reddit.com/r/Battlefield/comments/1n8ngnb/bf6_i512600kf/,,2,BF6 @ i512600kf,asx36,False,True,False,,False,"I just bought a RX9070XT to play BF6 @1440p, I saw some posts about BF being a cpu game, now I'm a bit confused, will my 12600KF be able to handle the 9070XT or it'll be the bottleneck?
I512600KF
RX9070XT
32GB DDR4 3200Mhz",False,/r/Battlefield/comments/1n8ngnb/bf6_i512600kf/,Battlefield,1757022996.0,4,0.75,Battlefield 6
1n8n72b,https://www.reddit.com/r/thefinals/comments/1n8n72b/cheaters_in_qp/,,0,Cheaters In qp.,szethSon1,False,True,False,,False,"Am relatively new, started playing last week. 

Yesterday I rant into a 2 people using the silenced Uzi firing faster than normal and beaming you with no recoil.... Within minutes they had 20 plus kills each.... In my time of playing against people using this gun, I've never seen anybody with such beaming aim, it felt like the video is cheaters in bf6 where they lock into you. 

I just left the game idk how to report, is there a way to watch replays? ",False,/r/thefinals/comments/1n8n72b/cheaters_in_qp/,thefinals,1757022335.0,3,0.29,Discussion
1n8n4lt,https://www.reddit.com/r/Battlefield/comments/1n8n4lt/what_pc_graphics_settings_is_ps5_equivalent_to/,,4,What PC Graphics settings is PS5 equivalent to?,Historical_Fold787,False,True,False,,False,"I'm building a PC for BF6 and I was wondering where the PS5 lines up with PC graphics settings?

I'm trying to work out if a 6700 or 3070 on medium settings at around 80 FPS is going to be a visual step up.

Also, do you guys prefer playing on a matte or glossy monitor?",False,/r/Battlefield/comments/1n8n4lt/what_pc_graphics_settings_is_ps5_equivalent_to/,Battlefield,1757022170.0,7,1.0,Battlefield 6
1n8n15m,https://www.reddit.com/r/hardwarebrasil/comments/1n8n15m/comprar_uma_5080_ou_esperar_a_próxima_geração/,,5,Comprar uma 5080 ou esperar a próxima geração?,JP_____,False,True,False,,False,"Recentemente fiz um upgrade no meu PC todo e mantive apenas minha GPU que é uma 3090 que comprei praticamente no lançamento, ela tem levado tudo que eu jogo bem com exceção de alguns jogos com RT e sinto falta de poder usar framegen em alguns casos que trariam uma fluidez extra visto que jogo em quad hd 240hz. Meu foco principal é fps competitivos Rainbow Six/CS/COD/BF, é o que eu mais jogo, porém, sempre acabo jogando algum jogo SP que me faz sentir que a GPU ta ficando ultrapassada. Ai minha dúvida é a seguinte, eu pego uma 5080 agora ou espero para nova geração e pego uma 6080? será que a 3090 vai tankar os jogos desse final de ano e do próximo ano? BF6 vai ter framegen que parece bem promissor e sem ele meu kit chega dificilmente a 240fps constantes em quad hd o que voces fariam no meu lugar?

Restante da minha config atualizada é

ASRock X870 Steel Legend Wifi

Ryzen 7 9800X3D

SSD Samsung 9100 PRO 4TB NVME

Lian Li Edge 1000W 80P Platinum

SuperFrame Box Magic

32GB 2x(16GB) Hyper X Fury Beast 6400hz CL 32 DDR5

Watercooler Thermalright Elite Vision 360",False,/r/hardwarebrasil/comments/1n8n15m/comprar_uma_5080_ou_esperar_a_próxima_geração/,hardwarebrasil,1757021939.0,26,0.78,Componentes
1n8n0mz,https://i.redd.it/wld7tnw6w7nf1.jpeg,,0,Dice lemme bring this charm over to BF6 please,WoNd3rFuLWaFF13,False,False,False,"{'images': [{'id': 'D6-pQfPV8cmJRiGvILe4BYJ04IthVVLOi6z--Cr_ULY', 'source': {'url': 'https://preview.redd.it/wld7tnw6w7nf1.jpeg?auto=webp&s=28c2cdcac51f92bb5bfa74e79b75bac95b488c01', 'width': 1920, 'height': 1080}, 'variants': {}, 'resolutions': [{'url': 'https://preview.redd.it/wld7tnw6w7nf1.jpeg?width=108&crop=smart&auto=webp&s=493b221a22680759462af9cca2b7199ecc86f5bb', 'width': 108, 'height': 60}, {'url': 'https://preview.redd.it/wld7tnw6w7nf1.jpeg?width=216&crop=smart&auto=webp&s=cc447005781254413f765955ceae8102ebdfc798', 'width': 216, 'height': 121}, {'url': 'https://preview.redd.it/wld7tnw6w7nf1.jpeg?width=320&crop=smart&auto=webp&s=b8d4efd4967f55fb8f5b68f74a536a6e33e37c66', 'width': 320, 'height': 180}, {'url': 'https://preview.redd.it/wld7tnw6w7nf1.jpeg?width=640&crop=smart&auto=webp&s=2c8f13962f932dde9c54d2b57e81fae7efd83541', 'width': 640, 'height': 360}, {'url': 'https://preview.redd.it/wld7tnw6w7nf1.jpeg?width=960&crop=smart&auto=webp&s=dcd2e61f9391bcac1781e74d3b579bc63891df64', 'width': 960, 'height': 540}, {'url': 'https://preview.redd.it/wld7tnw6w7nf1.jpeg?width=1080&crop=smart&auto=webp&s=410d5989323b54f6ea7cbbb511af4bedf36f4e70', 'width': 1080, 'height': 607}]}], 'enabled': True}",False,If not it’s ok I guess ,False,/r/Battlefield/comments/1n8n0mz/dice_lemme_bring_this_charm_over_to_bf6_please/,Battlefield,1757021900.0,9,0.17,Battlefield 6
1n8mzfi,https://i.redd.it/chnck4pxv7nf1.jpeg,,0,Dice lemme bring this charm over to BF6 please.,WoNd3rFuLWaFF13,False,False,False,"{'images': [{'id': '0fW6sFKNvOGj1g3w6-6jgJ9VMnB1ZpccgBezhaGQrqM', 'source': {'url': 'https://preview.redd.it/chnck4pxv7nf1.jpeg?auto=webp&s=d6a7740d88cbe9995874232c79eab322ba0da31b', 'width': 1920, 'height': 1080}, 'variants': {}, 'resolutions': [{'url': 'https://preview.redd.it/chnck4pxv7nf1.jpeg?width=108&crop=smart&auto=webp&s=7a8c8f3061117cd9acddaa9fdf57258c0bcb4100', 'width': 108, 'height': 60}, {'url': 'https://preview.redd.it/chnck4pxv7nf1.jpeg?width=216&crop=smart&auto=webp&s=fad4bdd05622fe5c94515c523a8a094919fe4e3e', 'width': 216, 'height': 121}, {'url': 'https://preview.redd.it/chnck4pxv7nf1.jpeg?width=320&crop=smart&auto=webp&s=1f32f37edf99d945df58c2c95e589f85834bd8a2', 'width': 320, 'height': 180}, {'url': 'https://preview.redd.it/chnck4pxv7nf1.jpeg?width=640&crop=smart&auto=webp&s=f8148271b3af03b4d26b5f381e4c826bfbac2fe0', 'width': 640, 'height': 360}, {'url': 'https://preview.redd.it/chnck4pxv7nf1.jpeg?width=960&crop=smart&auto=webp&s=dd087ee592975aa1de12b54919248d9a12ed2079', 'width': 960, 'height': 540}, {'url': 'https://preview.redd.it/chnck4pxv7nf1.jpeg?width=1080&crop=smart&auto=webp&s=ca57d49d015faaf11c5556a36dc7517013503bfb', 'width': 1080, 'height': 607}]}], 'enabled': True}",False,If not it’s ok I guess,False,/r/Battlefield6/comments/1n8mzfi/dice_lemme_bring_this_charm_over_to_bf6_please/,Battlefield6,1757021815.0,4,0.21,Discussion
1n8mo2g,https://www.reddit.com/r/Rematch/comments/1n8mo2g/lvl_128_uninstalled_its_over/,,0,LVL 128 uninstalled (its over),toastypeanut,False,True,False,,False,"Great fun I had in the beginning. But as most games now a days that slowly bleed to death by horrible servers and exploits that players abuse. These stupid volley priority and clunky controls with misleading saves + unpredicted ball movement, sling shot ippy slides and NOW rainbow flick ippy chest slide. Im done.  

I hope they fix this game for the rest of you players, add more cosmetics and add actual challenges. I log in and theres nothing to do... Theres nothing to work towards. Had they introduced a career mode or something to actually get excited about I would stay and enjoy it. But I'll come back when the game is actually finished. I'll be waiting for BF6 for now I guess lol",False,/r/Rematch/comments/1n8mo2g/lvl_128_uninstalled_its_over/,Rematch,1757021050.0,6,0.4,Other
1n8mmxp,https://www.reddit.com/r/Battlefield/comments/1n8mmxp/qol_changes_in_bf6_automatically_make_it_a_better/,,0,QoL changes in BF6 automatically make it a better game than 2042,ThatRenaissanceBear,False,True,False,,False,"Specifically having a native tinnitus filter so I don't have to fuck with my headset settings every time I switch games, but theres also so many little tweaks you can make to tailor your viewpoint and experience even more. ",False,/r/Battlefield/comments/1n8mmxp/qol_changes_in_bf6_automatically_make_it_a_better/,Battlefield,1757020978.0,3,0.5,Battlefield 6
1n8mcpb,https://www.reddit.com/r/Battlefield6/comments/1n8mcpb/pc_and_xbox/,,3,PC and Xbox,Boxdude1184,False,True,False,,False,Do i need to buy BF6 through the EA store in order to be able to play on PC and Xbox? I can currently with 2042 but I also have game pass ultimate (not sure if that makes a difference)...but bought 2042 on Steam. ,False,/r/Battlefield6/comments/1n8mcpb/pc_and_xbox/,Battlefield6,1757020295.0,4,1.0,Question
1n8mb56,https://www.reddit.com/r/razer/comments/1n8mb56/yet_another_blade_16_2025_rant/,,39,Yet another Blade 16 2025 rant,ivan6953,1757055392.0,True,False,,False,"# TL;DR: DO NOT BUY THIS LAPTOP

*This is gonna be lengthy.*

Ever since this laptop was announced I thought: **finally!**

* Energy-efficient AMD APU, which means I can take it anywhere and work w/o charger.
* Full TGP GPU inside.
* Nice keyboard with the ability to order QWERTY layout in Germany (this is very important for me personally).
* OLED screen with good HDR.
* No liquid metal is a very good cherry on top - PTM7958 means no repasting and ultimate longevity.

Well, my dreams were shattered in the strongest way possible. Let's work through those points, shall we?

>*To preface: I've had two identical Blades 16 (2025) with 5090 by this point and it seems like the issues I describe below are universal for this year's model. I've made sure to test them both extensively.*

# Performance on battery:

AMD APU inside is severely throttled by the Razer's EC - and there is nothing you can do about it. Overall, **your CPU will be limited to 35W on battery**, for both fast and slow power limits. There are numerous posts, reviews and videos proving that - and Razer won't do anything.

[Notice the STAPM limit value and then look at the thermal sensors](https://preview.redd.it/jyajilrqn7nf1.png?width=2157&format=png&auto=webp&s=371e7bfdf25a59fe3351a301f8a62247fb89c3bd)

Basically, you can't even open the File Explorer without it taking 3-5 seconds to fully load.

# Full TGP

Your 5090 will have more like **135W at most** during the combined CPU+GPU load. With modern games like BF6 and Helldivers 2 needing that juicy CPU performance, suffice to say you won't ever see the GPU hitting full TGP. Many reviewers mentioned that and benchmarks confirm this.

Moreover, the TGP limit is still not full - it sits at 160W (instead of 175W which is the actual full TGP) w/o the Razer Cooling Pad.

[That 164W max readout is simply a spike when alt-tabbing](https://preview.redd.it/wz0wqzcao7nf1.png?width=2559&format=png&auto=webp&s=545d8abc31188cc5691590709f9445b15c0bd189)

# Keyboard is nice

But the touchpad sucks. Even w/o the most common stuttering problem, palm rejection seems to be not working at all, and given its size it's critical. The click is mushy. It feels extremely cheap.

# Good HDR?

**Nope.** It seems like no one who reviewed this laptop tried to watch an HDR movie or play an HDR game. HDR is borked and is unfixable, at least for now.

Good luck calibrating it even. This was the most infuriating step for me out of the box - if brightness is set to 100%, the Windows HDR Calibration will show you full white square even at the lowest (200 nits) setting.

https://preview.redd.it/2m8iuutjq7nf1.png?width=4032&format=png&auto=webp&s=389ba8756774d56df1d020ef433563a00150a141

If you decrease the screen brightness, then the white square will be filled at higher and higher levels up to 2000 nits. Don't believe me? [Have a look at it yourself](https://drive.google.com/file/d/1xJ9vab75baL-g3XPyN50WtHg29aBh77X/view?usp=drive_link).

And if you connect the screen to Nvidia GPU, then the square won't be filled for what it feels like ever. Seems like there is some kind of faulty tonemapping going on (which shouldn't exist at all). It goes like so: you increase the value in nits, then go back a bit - and the square is not filled. You can repeat this process even past 1000 nits.

The **actual** measured max HDR value in nits for this panel is circa 500 nits. Well, even if you forcefully ""calibrate"" at this value, HDR content will look severely blown out if your screen brightness is at 100%.

And also the ""HDR Brightness"" slider in Windows Settings works...the other way around for some reason - [the ""brighter"" you set the HDR content to, the dimmer it actually becomes](https://drive.google.com/file/d/1-EMiiSt3CnCvsxJiZiLsdpbYGuYonYMb/view?usp=sharing)!

It is the panel's firmware fault by the looks of it. I don't even know by this point, but my PC doesn't have this problem - on the same version of Windows. And any external display connected to the Blade works fine as well. Meaning it's just the panel's fault.

# HDMI issues (solved via replacement)

Yes, it's true - the first couple of batches [seem to be](https://www.reddit.com/r/razer/comments/1k3uiji/weird_problem_with_razer_blade_2025_5090_variant/) [plagued by this problem.](https://www.reddit.com/r/razer/comments/1lr2v1r/rtx_5090_hdmi_issues_on_razer_16_2025/)

>Long story short, if you connect any monitor/TV above HDMI 2.0 spec and try to use it at that spec (4K120 + 10/12-bit HDR, for example), you will either get no output - or a full on freeze followed by a BSOD about a minute later.

This is NOT a driver issue and it NEVER was. Also, it is NOT limited to Samsung monitors and TVs. I personally encountered the full freeze + BSOD with Sony Bravia and no output with LG C2 if I ever went above HDMI 2.0 spec.

The only thing that helped was the direct replacement of the laptop. **Nothing else will help you** if you encounter this problem.

# Good Thermals?

That can be botched by the bad factory application, sadly. The chips themselves are hard to screw up, so they are almost always fine.

But take a look at the voltage regulator temp here. Yes, that's right. It's past the boiling point in no more than 10 minutes. On my second replacement unit that is, straight out of the fricking box

https://preview.redd.it/be82gbc446nf1.png?width=2559&format=png&auto=webp&s=61a2c0cb4b9ae84adb097c26e341eb9e5c760cc8

# Software

As Josh put it: [oh my fucking God guys.](https://youtu.be/P8WKMIuinRQ?si=bmiCQMCgz3wThuS4&t=566) Yes, it is as bad [as people make it out to be](https://youtu.be/KhfqhCxqpQ8?si=PyPm3NM20Fm-SOQt&t=466). It's bad enough to the point that I made a little tool that I shamelessly called R-Helper, designed to switch power profiles w/o Synapse.

https://preview.redd.it/ok9ecn81r7nf1.png?width=669&format=png&auto=webp&s=6fec87f57947ba2923d26a60af9e12175cc1e3b5

I know [I said I will make it public](https://www.reddit.com/r/razer/comments/1me5mt5/cli_gui_tool_in_development/) \- but I don't wanna touch anything Razer ever again. I am sorry.

# Support

[Almost non-existent](https://www.youtube.com/watch?v=vu_sVQdt3rU) unless you [threaten them with legal action](https://www.reddit.com/r/razer/comments/1n0iie6/razer_warranty_denying_replacement/?utm_source=share&utm_medium=web3x&utm_name=web3xcss&utm_term=1&utm_content=share_button)

# To conclude

To hell with this. I am done. For more than 4k USD or EUR this is unacceptable on all levels. I am returning this garbage and not looking back.

And oh yeah, I am ***within my rights*** to demand the return and refund because this product doesn't work as it's advertised out of the box and is unfixable because neither repairs nor replacement (in my case) solve the issues I am having.",False,/r/razer/comments/1n8mb56/yet_another_blade_16_2025_rant/,razer,1757020189.0,35,0.82,Rant
1n8m8tw,https://i.redd.it/h7qk5fqmq7nf1.jpeg,,0,Am I BF6 Ready ?,Negative-Fact-8816,False,False,False,"{'images': [{'id': 'Toje4gB4y3JPXfIwYSRIuHdWs_7Y4Y_Y16p-__YAu78', 'source': {'url': 'https://preview.redd.it/h7qk5fqmq7nf1.jpeg?auto=webp&s=13b7bf76a2abfe0d0a4e9a388661688820477dc9', 'width': 1290, 'height': 2796}, 'variants': {}, 'resolutions': [{'url': 'https://preview.redd.it/h7qk5fqmq7nf1.jpeg?width=108&crop=smart&auto=webp&s=392ea420dc8112490985a3dd0a667e65b3e7b206', 'width': 108, 'height': 216}, {'url': 'https://preview.redd.it/h7qk5fqmq7nf1.jpeg?width=216&crop=smart&auto=webp&s=3803f374873e871b9dd3510fea8f7bc27019bbb2', 'width': 216, 'height': 432}, {'url': 'https://preview.redd.it/h7qk5fqmq7nf1.jpeg?width=320&crop=smart&auto=webp&s=289ff1b1c25b621dd0f4dd67be4e009201e1e81a', 'width': 320, 'height': 640}, {'url': 'https://preview.redd.it/h7qk5fqmq7nf1.jpeg?width=640&crop=smart&auto=webp&s=985115cd47d43d8afd2f0420e05d278d9f408fd9', 'width': 640, 'height': 1280}, {'url': 'https://preview.redd.it/h7qk5fqmq7nf1.jpeg?width=960&crop=smart&auto=webp&s=150d67234d52a5593c73318be506bfe3139b5247', 'width': 960, 'height': 1920}, {'url': 'https://preview.redd.it/h7qk5fqmq7nf1.jpeg?width=1080&crop=smart&auto=webp&s=9d14605ae609e13b3c4d760e80693ff46953dc21', 'width': 1080, 'height': 2160}]}], 'enabled': True}",False,,False,/r/Battlefield/comments/1n8m8tw/am_i_bf6_ready/,Battlefield,1757020030.0,21,0.16,Battlefield 6
1n8m8jd,https://www.reddit.com/r/buildapc/comments/1n8m8jd/im_new_in_the_pcbuilt_hobby_im_searching_for_some/,,1,im new in the pcbuilt hobby im searching for some advice about my built list before i star purchasing parts.,EstablishmentNo5921,False,True,False,,False,"hello i know the basic stuff about pc built but sometimes i dont know about some specific stuff , i use some advice for friends that just know a little bit more than me, and seeing some videos about pcbuilts from  Zack and other content creators. but im not sure if my list of parts is gonna work:

GPU: ASUS PRIME AMD Radeon RX 9060 XT OC 16GB GDDR6 FSR 4

CPU: AMD Ryzen 5 9600X 3.9/5.4 GHz

Mobo: MSI PRO B650M-A WIFI\*

cpu cooler: any good recomendation for this?.  i dont want a AIO system yet.

RAM: Memoria RAM Kingston FURY Beast DDR5 5600MHz 32GB 2x16GB CL36

SSD: Silicon Power UD90 1TB SSD M.2 NVMe PCIe Gen 4x4

PSU:  MSI MAG A650BN 650W 80 Plus Bronze\*

case: NZXT H5 Flow 2024 Midi Tower E-ATX

\*about the mobo has and extra 8pin power connector but the PSU hanst, in part picker they say that does not matter and the mobo can run with only one 8 pin connector (and the 24pin) . (need some advise for this or any other recomendation).

my goal is make a good FPS per €  and that can rock new AAA games like BF6 in 1080 or 1440p. my buget is 1250€

\-i know the RGB give some fps more but i rather not have any of that in my pc, i want just a simple black built.

any advice or suggestions are welcome.



",False,/r/buildapc/comments/1n8m8jd/im_new_in_the_pcbuilt_hobby_im_searching_for_some/,buildapc,1757020011.0,5,0.66,Build Help
1n8lt3e,https://youtube.com/watch?v=CrnZcCGlNF8&si=v0fz40AUL2GCeKMB,"{'type': 'youtube.com', 'oembed': {'html': '<iframe width=""356"" height=""200"" src=""https://www.youtube.com/embed/CrnZcCGlNF8?feature=oembed&enablejsapi=1"" frameborder=""0"" allow=""accelerometer; autoplay; clipboard-write; encrypted-media; gyroscope; picture-in-picture; web-share"" referrerpolicy=""strict-origin-when-cross-origin"" allowfullscreen title=""Battlefield 2042: Road to BF6! - Pase de Batalla! Compiclips.""></iframe>', 'type': 'video', 'title': 'Battlefield 2042: Road to BF6! - Pase de Batalla! Compiclips.', 'width': 356, 'height': 200, 'version': '1.0', 'author_url': 'https://www.youtube.com/@Soy_el_Morza', 'author_name': 'Soy el Morza', 'provider_url': 'https://www.youtube.com/', 'provider_name': 'YouTube', 'thumbnail_url': 'https://i.ytimg.com/vi/CrnZcCGlNF8/hqdefault.jpg', 'thumbnail_width': 480, 'thumbnail_height': 360}}",0,Battlefield 2042: Road to BF6! - Pase de Batalla! Compiclips.,morza2022,1757019448.0,False,False,"{'images': [{'id': 'OqfXh7vahYeEBC7QNY9JDnnL8mEJQKyeRMx0W6GkVgk', 'source': {'url': 'https://external-preview.redd.it/OqfXh7vahYeEBC7QNY9JDnnL8mEJQKyeRMx0W6GkVgk.jpeg?auto=webp&s=76687183d989a54dcac9be717cd28a5e8043c82c', 'width': 480, 'height': 360}, 'variants': {}, 'resolutions': [{'url': 'https://external-preview.redd.it/OqfXh7vahYeEBC7QNY9JDnnL8mEJQKyeRMx0W6GkVgk.jpeg?width=108&crop=smart&auto=webp&s=090e2af327128706421e2d118764fb39958760de', 'width': 108, 'height': 81}, {'url': 'https://external-preview.redd.it/OqfXh7vahYeEBC7QNY9JDnnL8mEJQKyeRMx0W6GkVgk.jpeg?width=216&crop=smart&auto=webp&s=a1ddd77a50cb883a4a3fd28b21874ddc30456724', 'width': 216, 'height': 162}, {'url': 'https://external-preview.redd.it/OqfXh7vahYeEBC7QNY9JDnnL8mEJQKyeRMx0W6GkVgk.jpeg?width=320&crop=smart&auto=webp&s=6cba368440da5597db8c5857c307dad38a4192e3', 'width': 320, 'height': 240}]}], 'enabled': False}",False,"Sigueme para mas contenido!

👉 [https://kick.com/soy-el-morza](https://kick.com/soy-el-morza)

👉 [https://www.facebook.com/profile.php?id=61579871790245](https://www.facebook.com/profile.php?id=61579871790245)

👉 [tiktok.com/@soy\_el\_morza](http://tiktok.com/@soy_el_morza)

\---------------------------------------------------------------------------------

☠️PC:

\_I7-14700K - AIO Aurus 360.

\_32GB-6000Hz.

\_RX6800XT- 16Gb. Phantom Gaming.

\_CORSAIR RM850e.

\---------------------------------------------------------------------------------

\#bf2042

\#battlefield6gameplay

\#bf6

\#battlefield

\#OnlyInBattlefield

\#battlefieldmoments

\#BF2042Gameplay

\#EABattlefield

\#battlefieldcommunity #battlefield2042",False,/r/ArgenGaming/comments/1n8lt3e/battlefield_2042_road_to_bf6_pase_de_batalla/,ArgenGaming,1757019016.0,0,0.25,:upvote:Contenido Original:upvote:
1n8lp8y,https://www.reddit.com/r/buildapc/comments/1n8lp8y/core_ultra_225_vs_i5_14400f_vs_ryzen_5_7600/,,0,Core Ultra 225 vs i5 14400F vs Ryzen 5 7600,normie626,False,True,False,,False,"Hi all, building a new PC and was looking at these CPUs. In my country these are all around the same price points +- $10 but intel is having a BF6 promo which I'm keen on getting. Was hoping to get some advice regarding these CPUs. Will be intending on running these CPUs at 1080p with a RTX 5070 (got a below MSRP deal due to box damage but works fine). Was wondering how these would stack up in terms of gaming performance or if there will be negligible real world difference.

Computer will mostly be used for gaming and college stuff. I will not be running local AI, doing photoshop, blender or rendering videos.",False,/r/buildapc/comments/1n8lp8y/core_ultra_225_vs_i5_14400f_vs_ryzen_5_7600/,buildapc,1757018767.0,6,0.5,Build Help
1n8lbwu,https://www.reddit.com/r/bapccanada/comments/1n8lbwu/1440p_gaming_build_review_5060ti_vs_5070ti/,,3,1440p gaming build review - 5060ti vs 5070ti,maplemaplesyrup,1757018360.0,True,False,,False,"Hello, I've been putting together a build based on posts in this subreddit and am wondering if there's any issues anyone sees with the choices or there are better options available.  It uses the canada computers combo for cpu/mobo/ram.

[PCPartPicker Part List](https://ca.pcpartpicker.com/list/zwLx3w)

Type|Item|Price
:----|:----|:----
**CPU** | [AMD Ryzen 5 7600X3D 4.1 GHz 6-Core Processor](https://ca.pcpartpicker.com/product/RVhv6h/amd-ryzen-5-7600x3d-41-ghz-6-core-processor-100-100001721wof) | $599.97 
**CPU Cooler** | [Thermalright Phantom Spirit SE 66.17 CFM CPU Cooler](https://ca.pcpartpicker.com/product/CwGhP6/thermalright-phantom-spirit-se-6617-cfm-cpu-cooler-ps120se-black) | $51.90 @ Amazon Canada 
**Motherboard** | [Asus TUF GAMING B650M-E WIFI Micro ATX AM5 Motherboard](https://ca.pcpartpicker.com/product/nfyH99/asus-tuf-gaming-b650m-e-wifi-micro-atx-am5-motherboard-tuf-gaming-b650m-e-wifi) | $0.00 
**Memory** | [TEAMGROUP T-Force Vulcan 32 GB (2 x 16 GB) DDR5-6000 CL30 Memory](https://ca.pcpartpicker.com/product/HNZXsY/teamgroup-t-force-vulcan-32-gb-2-x-16-gb-ddr5-6000-cl30-memory-flbd532g6000hc30dc01) | $0.00 
**Storage** | [\*Silicon Power UD90 2 TB M.2-2280 PCIe 4.0 X4 NVME Solid State Drive](https://ca.pcpartpicker.com/product/f4cG3C/silicon-power-ud90-2-tb-m2-2280-pcie-40-x4-nvme-solid-state-drive-sp02kgbp44ud9005) | $137.97 @ Newegg Sellers 
**Video Card** | [\*MSI SHADOW 3X OC GeForce RTX 5070 Ti 16 GB Video Card](https://ca.pcpartpicker.com/product/8VcBD3/msi-shadow-3x-oc-geforce-rtx-5070-ti-16-gb-video-card-g507t-16s3c) | $1089.00 @ Canada Computers 
**Case** | [Lian Li A3-mATX MicroATX Mini Tower Case](https://ca.pcpartpicker.com/product/FG7scf/lian-li-a3-matx-microatx-mini-tower-case-a3-matx-wd-black) | $119.99 @ Amazon Canada 
**Power Supply** | [Super Flower Leadex III Gold UP 850 W 80+ Gold Certified Fully Modular ATX Power Supply](https://ca.pcpartpicker.com/product/R4RwrH/super-flower-leadex-iii-gold-up-850-w-80-gold-certified-fully-modular-atx-power-supply-sf-850f14ge) | $119.99 @ Newegg Sellers 
**Case Fan** | [\*Thermalright TL-C12C X3 66.17 CFM 120 mm Fans 3-Pack](https://ca.pcpartpicker.com/product/JmfnTW/thermalright-tl-c12c-x3-6617-cfm-120-mm-fans-3-pack-tl-c12c-x3-d6) | $17.69 @ Amazon Canada 
 | *Prices include shipping, taxes, rebates, and discounts* |
 | **Total** | **$2136.51**
 | \*Lowest price parts chosen from parametric criteria |
 | Generated by [PCPartPicker](https://pcpartpicker.com) 2025-09-04 16:21 EDT-0400 |



>**1. What will you be doing with this PC? Be as specific as possible, and include specific games (ex: resolution, FPS, settings) or programs you will be using.**
 
1440p gaming, AAA games mostly, BF6 etc.  Don't need the best of the best, but hoping to do better than 60fps on ultra on current games.
 
>**2. What is your maximum PRE-TAX budget before rebates and shipping?** 
 
1500 - 2200 but aiming for best value of parts
 
>**3. When do you plan on building/buying the PC? Note: beyond a week or two from today means any build you receive will be out of date when you want to buy.** 
 
Asap but willing to wait a month or two, might buy everything else and see what happens with GPU pricing
 
>**4. What, exactly, do you need included in the budget? (ex: tower/OS/monitor/keyboard/mouse/etc)** 
 
Just the tower
 
>**5. If reusing any parts (including monitor(s)/keyboard/mouse/etc), what parts will you be reusing? How old are they? Brands and models are appreciated.** 
 
No 

>**6. Will you be overclocking (ex: CPU/GPU/RAM)? If yes, are you interested in overclocking right away, or down the line?**
 
Probably not
 
>**7. Are there any specific features or items you want/need in the build? (ex: SSDs, mass HDDs, Wi-Fi / Bluetooth, VR, VirtualLink, tensor cores, large amount of storage or a RAID setup, CUDA or OpenCL support, etc.)**
 
wifi and bluetooth, preferably silent operation.  I also leave it on 24/7 so energy efficiency would be nice
 
>**8. Do you have any specific case preferences (ex: mITX/mATX/mid-tower/full-tower sizes, styles, colours, window or not, LED lighting, etc.), or a particular color theme preference for the components?**
 
Hoping for as small as possible that still fits all these components, which I think would be the case I picked, if anyone knows of a smaller case that would work that still looks decent please let me know 
 
>**9. Do you need a copy of Windows included in the budget? Note: some post-secondary students can get Windows 10 for free at [OnTheHub](https://onthehub.com/download/free-software/windows-10-education-for-students/) or through their school's IT software distribution department.**
 
no
 
>**10. Will you be upgrading this PC in the future (ie: will you swap out better parts later on or will you build an entirely new tower later)? If so, when?** 
 
I'm torn between the 5070ti and the 5060ti, if I get the 5060ti i'd expect to upgrade in 3-5 years when games get more demanding and get whatever is ~$500 at that time
 
>**11. Do you have a brand preference? (ex: AMD/Intel for CPUs, AMD/NVIDIA for video cards, etc.)**
 
Pretty set on AMD cpu and NVIDIA gpu
 ",False,/r/bapccanada/comments/1n8lbwu/1440p_gaming_build_review_5060ti_vs_5070ti/,bapccanada,1757017907.0,1,1.0,
1n8lbux,https://www.reddit.com/r/Battlefield/comments/1n8lbux/as_a_very_new_battlefield_player_not_having/,,21,"As a very new Battlefield player, not having Operations in BF6 is a huge miss",bweesh,False,True,False,,False,"I’m sure this is essentially beating a dead horse, but I wanted to share my thoughts. 

The first time I’ve ever played a BF game was the BF6 beta - I just always played different FPS games and assumed BF wouldn’t be ‘my style’ (I have no real idea why I thought this)

I fell in love with Battlefield after the beta, and have since downloaded BF1, BF4, and BFV - primarily playing BF1. 

The operations in that game are some of the most fun I’ve ever had in an online FPS game, it is such a good way to introduce a new player to the mechanics of BF - and it was a unique experience to BF. 

It makes no sense why they would not bring them into this game - I am not one to assume, but did the time allocation for developing Operations get shoehorned into developing the BR? That would be a damn shame. ",False,/r/Battlefield/comments/1n8lbux/as_a_very_new_battlefield_player_not_having/,Battlefield,1757017903.0,59,0.59,Battlefield 6
1n8lbgx,https://www.reddit.com/r/Battlefield6/comments/1n8lbgx/adding_immersion_to_bf6/,,15,Adding immersion to BF6,ahiddenpolo,False,True,False,,False,"I play a lot of BF1, and one thing the operations mode does really well with narration is give context to the battle you’re participating in. I was thinking how this could be added to BF6 in a natural way. 

So let’s say in bf6 between rounds for like a breakthrough, or operations style mode you have BBC News style report. It would last 30 seconds but it would be like someone reporting on the events of this specific round like you’d see on the news. Add some helmet cam footage of players fighting, and it would add some interesting immersion 

For example: 


*”Today we saw increased fighting in the Maadi district of Cairo. Nato army suffered serious losses in the first day of fighting

**Helmet cam video plays**

the commander in an interview stated that although the entry to the siege has not gone their way, they should be expecting strong reinforcements in the coming days”* 

**Next round begins**",False,/r/Battlefield6/comments/1n8lbgx/adding_immersion_to_bf6/,Battlefield6,1757017878.0,15,0.68,Discussion
1n8l2d4,https://www.reddit.com/r/BattlefieldPortal/comments/1n8l2d4/found_out_about_the_bf6_leaks_so_far_is_there_more/,,0,"found out about the bf6 leaks so far, is there more?",Comprehensive_Ask531,False,True,False,"{'images': [{'id': 'KenmMnVXnzr0DjoLB9nUlJfzQQXBwi_TV8ExIZWGOLA', 'source': {'url': 'https://external-preview.redd.it/KenmMnVXnzr0DjoLB9nUlJfzQQXBwi_TV8ExIZWGOLA.png?auto=webp&s=2f1dbdec8e6e00d68e8535afd4b12d2770b6bf4d', 'width': 1280, 'height': 731}, 'variants': {}, 'resolutions': [{'url': 'https://external-preview.redd.it/KenmMnVXnzr0DjoLB9nUlJfzQQXBwi_TV8ExIZWGOLA.png?width=108&crop=smart&auto=webp&s=7209ff152ee7eda803e89cde6caff181860ed1b2', 'width': 108, 'height': 61}, {'url': 'https://external-preview.redd.it/KenmMnVXnzr0DjoLB9nUlJfzQQXBwi_TV8ExIZWGOLA.png?width=216&crop=smart&auto=webp&s=c2a39ed431dfbb8c1d310112b7478cf660f0ee19', 'width': 216, 'height': 123}, {'url': 'https://external-preview.redd.it/KenmMnVXnzr0DjoLB9nUlJfzQQXBwi_TV8ExIZWGOLA.png?width=320&crop=smart&auto=webp&s=fc96602a6db7c76768c781df24d315a9ee5d004c', 'width': 320, 'height': 182}, {'url': 'https://external-preview.redd.it/KenmMnVXnzr0DjoLB9nUlJfzQQXBwi_TV8ExIZWGOLA.png?width=640&crop=smart&auto=webp&s=3838a20b04155dc0958efb532946dbf52686ef3f', 'width': 640, 'height': 365}, {'url': 'https://external-preview.redd.it/KenmMnVXnzr0DjoLB9nUlJfzQQXBwi_TV8ExIZWGOLA.png?width=960&crop=smart&auto=webp&s=b2b5ff1b93a39cd0e747abcf03aa585176c17b42', 'width': 960, 'height': 548}, {'url': 'https://external-preview.redd.it/KenmMnVXnzr0DjoLB9nUlJfzQQXBwi_TV8ExIZWGOLA.png?width=1080&crop=smart&auto=webp&s=2a2298019c58c50a43446ffe5c3c17ded7d0b4dc', 'width': 1080, 'height': 616}]}], 'enabled': False}",False,"just read an article about the bf6 leaks we have so far, but i'm curious is there more? boggles me how they're planning to release with 52 weapons when we only had like 20+ guns. don't really care much for skins but would appreciate it if you guys let me know! here's the article for those interested: [https://www.setup.gg/game/battlefield-6-weapons-list-all-beta-guns-37-more-data-mined-for-release](https://www.setup.gg/game/battlefield-6-weapons-list-all-beta-guns-37-more-data-mined-for-release)",False,/r/BattlefieldPortal/comments/1n8l2d4/found_out_about_the_bf6_leaks_so_far_is_there_more/,BattlefieldPortal,1757017296.0,1,0.44,Question
1n8l0rt,https://v.redd.it/ifeo3fkyh7nf1,"{'reddit_video': {'width': 1920, 'height': 1080, 'is_gif': False, 'hls_url': 'https://v.redd.it/ifeo3fkyh7nf1/HLSPlaylist.m3u8?a=1759672802%2CN2Y5MDBhM2UyNGYwZmNiOWYyNjk4MjBlMGVmMDExOWRmYzNkZWVjZWE4MTlkZjM2YzJmMTQwNWQyMTYzMzI3Mg%3D%3D&v=1&f=sd', 'dash_url': 'https://v.redd.it/ifeo3fkyh7nf1/DASHPlaylist.mpd?a=1759672802%2CNGYwYjVjMGFkOWVkNjM5YWE4ZjViM2QzMTkyODQyZTFmZTkzYTdkMTI0OTlhZDFkMzQ4MjhlYTg5M2FlMzdjMQ%3D%3D&v=1&f=sd', 'duration': 14, 'has_audio': True, 'bitrate_kbps': 5000, 'fallback_url': 'https://v.redd.it/ifeo3fkyh7nf1/DASH_1080.mp4?source=fallback', 'scrubber_media_url': 'https://v.redd.it/ifeo3fkyh7nf1/DASH_96.mp4', 'transcoding_status': 'completed'}}",3,Assault Ladder in BF6,HagbardC3line,False,False,False,"{'images': [{'id': 'cTYwOWZma3loN25mMZZdn1-U96stsFhlAv014PSQ0sLIofqmnOPbXkXdNFtf', 'source': {'url': 'https://external-preview.redd.it/cTYwOWZma3loN25mMZZdn1-U96stsFhlAv014PSQ0sLIofqmnOPbXkXdNFtf.png?format=pjpg&auto=webp&s=1814aa2893d671931accc3e12c8a60e1e0f99330', 'width': 1920, 'height': 1080}, 'variants': {}, 'resolutions': [{'url': 'https://external-preview.redd.it/cTYwOWZma3loN25mMZZdn1-U96stsFhlAv014PSQ0sLIofqmnOPbXkXdNFtf.png?width=108&crop=smart&format=pjpg&auto=webp&s=978ccb63e0d2a74bf45c0bf4f409a21a3f49c5fa', 'width': 108, 'height': 60}, {'url': 'https://external-preview.redd.it/cTYwOWZma3loN25mMZZdn1-U96stsFhlAv014PSQ0sLIofqmnOPbXkXdNFtf.png?width=216&crop=smart&format=pjpg&auto=webp&s=7df73b06d8297024ea04c025d15dd4640a0dcee3', 'width': 216, 'height': 121}, {'url': 'https://external-preview.redd.it/cTYwOWZma3loN25mMZZdn1-U96stsFhlAv014PSQ0sLIofqmnOPbXkXdNFtf.png?width=320&crop=smart&format=pjpg&auto=webp&s=adb5328d855207d94b179dd329378c58166fde80', 'width': 320, 'height': 180}, {'url': 'https://external-preview.redd.it/cTYwOWZma3loN25mMZZdn1-U96stsFhlAv014PSQ0sLIofqmnOPbXkXdNFtf.png?width=640&crop=smart&format=pjpg&auto=webp&s=7c9226913e282e48da54764996a8abe7daeefeb4', 'width': 640, 'height': 360}, {'url': 'https://external-preview.redd.it/cTYwOWZma3loN25mMZZdn1-U96stsFhlAv014PSQ0sLIofqmnOPbXkXdNFtf.png?width=960&crop=smart&format=pjpg&auto=webp&s=c4c161520be5caffc8ccf7f4bd30d91ee67d12b3', 'width': 960, 'height': 540}, {'url': 'https://external-preview.redd.it/cTYwOWZma3loN25mMZZdn1-U96stsFhlAv014PSQ0sLIofqmnOPbXkXdNFtf.png?width=1080&crop=smart&format=pjpg&auto=webp&s=ea3966b56bf8b302727c5a4ffdd55d67c20d3d19', 'width': 1080, 'height': 607}]}], 'enabled': False}",False,# Der Battlefield Account auf X hat mit einem kurzen Video-Clip ein neues Gadget für den nächsten Teil der Serie vorgestellt: die Assault Ladder.,False,/r/BattlefieldDE/comments/1n8l0rt/assault_ladder_in_bf6/,BattlefieldDE,1757017195.0,0,0.8,:bf: News 
1n8kurb,https://www.reddit.com/r/chess/comments/1n8kurb/why_is_bg5_marked_as_an_mistake/,,0,Why is Bg5 marked as an mistake?,Ok-Towel7398,False,True,False,,False,"The engine shows it as the best move.

https://preview.redd.it/zomcguczg7nf1.png?width=1562&format=png&auto=webp&s=bba8bb810d89a27554ab905da3fb04bc85a8c20c

",False,/r/chess/comments/1n8kurb/why_is_bg5_marked_as_an_mistake/,chess,1757016805.0,3,0.43,Game Analysis/Study
1n8ks83,https://i.redd.it/g0vw4euig7nf1.jpeg,,215,BF6 pc upgrade,Dima_mayakovskyima,False,False,False,"{'images': [{'id': 'RjyTljTG_3XW9--KtOmKvI3wzYTbvBmkjLMcso7mmkQ', 'source': {'url': 'https://preview.redd.it/g0vw4euig7nf1.jpeg?auto=webp&s=a7758809b7adce716dc165c79bb8ff89b13f8fad', 'width': 1800, 'height': 4000}, 'variants': {}, 'resolutions': [{'url': 'https://preview.redd.it/g0vw4euig7nf1.jpeg?width=108&crop=smart&auto=webp&s=3de1aaa95e1bff0a155685dadf023980d60897c7', 'width': 108, 'height': 216}, {'url': 'https://preview.redd.it/g0vw4euig7nf1.jpeg?width=216&crop=smart&auto=webp&s=1034888bf849d251783ee519e6496e80b5ab13f7', 'width': 216, 'height': 432}, {'url': 'https://preview.redd.it/g0vw4euig7nf1.jpeg?width=320&crop=smart&auto=webp&s=21bb471e46ddeb428b22dda82e9baed1267f97f7', 'width': 320, 'height': 640}, {'url': 'https://preview.redd.it/g0vw4euig7nf1.jpeg?width=640&crop=smart&auto=webp&s=f99dcd30c6ab03b29900ab51594bceeda1fec76c', 'width': 640, 'height': 1280}, {'url': 'https://preview.redd.it/g0vw4euig7nf1.jpeg?width=960&crop=smart&auto=webp&s=da7fae320b94d6ce051131a0448b1054bc06502a', 'width': 960, 'height': 1920}, {'url': 'https://preview.redd.it/g0vw4euig7nf1.jpeg?width=1080&crop=smart&auto=webp&s=30416655f303e685c0d38647a6c69d720109baae', 'width': 1080, 'height': 2160}]}], 'enabled': True}",False,"I was lucky to get my hand this week on one of the last 5700X3D chips in my country at a reasonable price (250€ approximately). I wasn't planning on an upgrade but my ryzen 5 5600X paired with 3060Ti got pegged by this game 100% utilization all times, the lows are kinda rough especially on maps like Cairo siege and iberian offensive, although my GPU was pushing way beyond 100FPS the CPU couldn't keep up. Going AM5 would cost me 500€ at least",False,/r/Battlefield/comments/1n8ks83/bf6_pc_upgrade/,Battlefield,1757016634.0,118,0.94,Battlefield 6
1n8kokz,https://i.redd.it/ds038eqtf7nf1.png,,680,Daily Reminder: 35 Days left until BF6 drops,UnexpectedEmuAttack,False,False,False,"{'images': [{'id': 'md3Hdq7JEJm4gDFe0ttdw_xOolZw4WSO2jb9qclq68U', 'source': {'url': 'https://preview.redd.it/ds038eqtf7nf1.png?auto=webp&s=238f29d81fbcf8145ffe43663bc7d5163e15b2b7', 'width': 1440, 'height': 2160}, 'variants': {}, 'resolutions': [{'url': 'https://preview.redd.it/ds038eqtf7nf1.png?width=108&crop=smart&auto=webp&s=fb913362c7e110cf883ccf8ef39642767c6e1773', 'width': 108, 'height': 162}, {'url': 'https://preview.redd.it/ds038eqtf7nf1.png?width=216&crop=smart&auto=webp&s=ca7eb15ba3da8714b17854ce4ad305cbce41c4e7', 'width': 216, 'height': 324}, {'url': 'https://preview.redd.it/ds038eqtf7nf1.png?width=320&crop=smart&auto=webp&s=fe3579f3fef1e730cee582d0fc443eeb8fc4d5c8', 'width': 320, 'height': 480}, {'url': 'https://preview.redd.it/ds038eqtf7nf1.png?width=640&crop=smart&auto=webp&s=7de98858b9c703be54e6a782e54557d49e7808ec', 'width': 640, 'height': 960}, {'url': 'https://preview.redd.it/ds038eqtf7nf1.png?width=960&crop=smart&auto=webp&s=ecfc5352517da85259c97aca37e4655225f27e35', 'width': 960, 'height': 1440}, {'url': 'https://preview.redd.it/ds038eqtf7nf1.png?width=1080&crop=smart&auto=webp&s=4e326bf2327b6c6526489f32c26d8252d4aa4717', 'width': 1080, 'height': 1620}]}], 'enabled': True}",False,,False,/r/Battlefield/comments/1n8kokz/daily_reminder_35_days_left_until_bf6_drops/,Battlefield,1757016398.0,51,0.96,Battlefield 6
1n8k98a,https://www.reddit.com/r/GamerPals/comments/1n8k98a/25estpc_nightowl_looking_for_nerdy_friends_lol/,,0,25/EST/PC Nightowl looking for nerdy friends lol,Buhngo,False,True,False,,False,"About Me:
I’m very nerdy and shy but once I warm up ima yap machine when it comes to topics im passionate about. Love to have some friends to share some laughs and good times with (also memes)

Love anything that is final fantasy,resident evil or tekken related, really into fighting games, roguelike/lites, MMO, ARPG, FPS  and usually anything competitive but also love to play casual cozy games.

Schedule-
Most nights and all day thrus. n fri

Games I play-  
•BF6 •Metal Gear Solid Delta • •Skate  •GOWR •Helldivers 2 •Tekken 8 •Ready or Not •CS2 •FFXIV<3 • also gamepass

steam id for more games: 130782000

**PLZ NO DISCORD SERVER OR GROUP INVITES**

**If youre interested in becoming friends send me a DM about yourself.**",False,/r/GamerPals/comments/1n8k98a/25estpc_nightowl_looking_for_nerdy_friends_lol/,GamerPals,1757015424.0,2,0.33,North America
1n8k0la,https://youtu.be/RfLAXwENEHc?si=dpiPFAdiysVmb7yL,"{'type': 'youtube.com', 'oembed': {'html': '<iframe width=""356"" height=""200"" src=""https://www.youtube.com/embed/RfLAXwENEHc?feature=oembed&enablejsapi=1"" frameborder=""0"" allow=""accelerometer; autoplay; clipboard-write; encrypted-media; gyroscope; picture-in-picture; web-share"" referrerpolicy=""strict-origin-when-cross-origin"" allowfullscreen title=""Battlefield 6 Season 1 New Map Gameplay Mirak Valley [ ULTRA WIDE ] No Hud..""></iframe>', 'type': 'video', 'title': 'Battlefield 6 Season 1 New Map Gameplay Mirak Valley [ ULTRA WIDE ] No Hud..', 'width': 356, 'height': 200, 'version': '1.0', 'author_url': 'https://www.youtube.com/@HunterRafiYT', 'author_name': 'HunterRafi', 'provider_url': 'https://www.youtube.com/', 'provider_name': 'YouTube', 'thumbnail_url': 'https://i.ytimg.com/vi/RfLAXwENEHc/hqdefault.jpg', 'thumbnail_width': 480, 'thumbnail_height': 360}}",0,For people saying bf6 will only have small maps with tight forced lanes disguised as a large maps watch this starting from 1:11 but I suggest watching from the start..,rxz1999,False,False,False,"{'images': [{'id': 'b4zVqiTvYjuXTzSebLvg6RH-iJ1Vn0VjJ6cWytUNAlc', 'source': {'url': 'https://external-preview.redd.it/b4zVqiTvYjuXTzSebLvg6RH-iJ1Vn0VjJ6cWytUNAlc.jpeg?auto=webp&s=1ce6d2f27d1c5703c68c9376c2127d10f0524c17', 'width': 480, 'height': 360}, 'variants': {}, 'resolutions': [{'url': 'https://external-preview.redd.it/b4zVqiTvYjuXTzSebLvg6RH-iJ1Vn0VjJ6cWytUNAlc.jpeg?width=108&crop=smart&auto=webp&s=6f03412a38d5f1b6672c92cab86e68a25fd62331', 'width': 108, 'height': 81}, {'url': 'https://external-preview.redd.it/b4zVqiTvYjuXTzSebLvg6RH-iJ1Vn0VjJ6cWytUNAlc.jpeg?width=216&crop=smart&auto=webp&s=31cdcbd224c4a94e1fca2c9831ee0a3d94d94c3d', 'width': 216, 'height': 162}, {'url': 'https://external-preview.redd.it/b4zVqiTvYjuXTzSebLvg6RH-iJ1Vn0VjJ6cWytUNAlc.jpeg?width=320&crop=smart&auto=webp&s=57c533c49d79048ab1c2b9d54d9afad95f793931', 'width': 320, 'height': 240}]}], 'enabled': False}",False,Don't worry guys we are eating good.,False,/r/Battlefield/comments/1n8k0la/for_people_saying_bf6_will_only_have_small_maps/,Battlefield,1757014862.0,18,0.45,Battlefield 6
1n8jn9y,https://www.reddit.com/r/GamerPals/comments/1n8jn9y/30mpc_overwatch_shooters_mmos/,,0,"30M/PC - Overwatch, Shooters, MMOs",boot-boat,False,True,False,,False,"I'm a washed up FPS enjoyer with a penchant for Overwatch and being silly - I fear it's terminal. Looking for a slightly unhinged individual that still plays this godforsaken game, to queue some quickplay or comp with. Rivals is cool too.



I'm into various MMOs (mostly FFXIV currently) and rhythm games. Gonna pick up BF6 later in October, and enjoy games such as Monster Hunter and Elden Ring too. I play a lot of random garbage, so finding something won't be an issue. If we get along outside of gaming it'd be pretty neat.



Be 23+ and dm me!",False,/r/GamerPals/comments/1n8jn9y/30mpc_overwatch_shooters_mmos/,GamerPals,1757014002.0,1,0.33,Europe
1n8j6rf,https://www.reddit.com/r/battlefield2042/comments/1n8j6rf/imo_they_should_make_the_xpweekends_to/,,0,IMO they should make the XP-Weekends to activatable Xp-Boosts instead,Ambitious_Mousse_378,False,True,False,,False,"For context i feel a little mistreated because i already grinded like 30 hours into the Battlepass and now they´re adding double xp-weekends and the last two weekends triple xp. 

  
My Problem is that i m always away on weekends so i feel a little bit leftout on this one. Idk how you guys feel about it but just imagine you only have time on weekdays and are a big fan of the franchise and really hyped for BF6 and than this. Its really depressing and disappointing :/",False,/r/battlefield2042/comments/1n8j6rf/imo_they_should_make_the_xpweekends_to/,battlefield2042,1757012945.0,4,0.2,Discussion
1n8j0g3,/r/Battlefield/comments/1n8izye/do_the_bf6_beta_unlocks_carry_over_to_steam/,,0,Do the bf6 beta unlocks carry over to steam?,St3R0iD5,False,False,False,,False,,False,/r/Battlefield6/comments/1n8j0g3/do_the_bf6_beta_unlocks_carry_over_to_steam/,Battlefield6,1757012549.0,13,0.13,Question
1n8izye,https://www.reddit.com/r/Battlefield/comments/1n8izye/do_the_bf6_beta_unlocks_carry_over_to_steam/,,0,Do the bf6 beta unlocks carry over to steam?,St3R0iD5,False,True,False,,False,"Does it matter if I buy the game on steam or the EA play app (formerly origin)?
I own bf 2042 on EA play, my ea account is tied to twitch directly (for the stream rewards - but also to steam) and I played the beta on EA play as well. 
Will I get all these rewards on the steam version as well if I decide to buy the game there?",False,/r/Battlefield/comments/1n8izye/do_the_bf6_beta_unlocks_carry_over_to_steam/,Battlefield,1757012519.0,8,0.5,Question
1n8iv2f,https://www.reddit.com/r/CODWarzone/comments/1n8iv2f/tpm_20_active_on_pc_but_cod_not_recognizing_it/,,20,TPM 2.0 active on PC but CoD not recognizing it?,goldxphoenix,1757012425.0,True,False,,False,"So I logged into cod for the tier skips for the battle pass and got a notification that TPM wasnt active and my PC doesnt meet the requirements.

Only issue is i've had TPM 2.0 active for months now and also have secure boot active (i know its active because i played BF6 beta which required it)

I clicked learn more to see if maybe i did something wrong or if it was turned off and followed the instructions activision provided. Based on THEIR instructions my PC shows that TPM 2.0 is active

Is this another one of their many fuck ups? Or did i do something wrong? Is it just me?

Edit: Double checked to see if secure boot is indeed active. Based on the instructions activision provided, secure boot is also on. So i have both TPM and secure boot on, but my pc doesnt meet the requirements? Tf are you smoking activision ",False,/r/CODWarzone/comments/1n8iv2f/tpm_20_active_on_pc_but_cod_not_recognizing_it/,CODWarzone,1757012226.0,45,1.0,Question
1n8iigo,https://www.reddit.com/r/battlefield2042/comments/1n8iigo/unable_to_play_any_frostbite_games/,,1,Unable to play any Frostbite games,Exquisite_Blue,1757015704.0,True,False,,False,"My favorite series of games seem to not be working anymore. I upgraded to 4x16 DDR5 6000mhz (hope that is correct) and also added a pcie gen 4 ssd in the hopes that my PC would feel a good deal faster. 

At some point got a virus. Cleaned the PC with Malwarebyes and called it a day. I thought I had a virus since randomly my game would alt tab when I was playing battlefront 2. At the time I was only playing BF2 so that was the only game I noticed it in. But then the BF6 beta came around and I noticed some odd behavior. In BF6 the game would almost always alt tab (lose focus) when I got in any flying vehicle. Helicopter or plane. It made it impossible for me to play these but I was able to run and gun just fine.

Now I am coming back to 2042 with the same issue. Except the game just randomly loses focus instead of being vehicle specific. Then the worst...it started crashing basically always on my first match. So I gave up and started playing Battlefield 1. So here's the kicker. On Battlefield 1 I can't use the airplanes because of the issue where I lose focus. But also the game always crashes on  the first match. I haven't been able to really play a second match.

I'm not sure what to do, I am itching to play a shooter. Send help.

Specs:

Ryzen 5 9600x

Asus B650-e wifi

Gskill Flare X 4x16 @ 6000mhz

Rtx 4070 TI Super (stock speeds, latest drivers)

WD 1 TB PCIE GEN 3 SSD (For OS)

WD 2 TB PCIE Gen 4 ssd (for games)

I've considered trying some dollar store keyboard in the hopes that it's just my corsair keyboard. I'll check back with the results. But I'm not hopeful as this only seems to happen exclusively on Frostbite games. Also plan on trying need for speed just for the giggles.

Here goes nothing. ",False,/r/battlefield2042/comments/1n8iigo/unable_to_play_any_frostbite_games/,battlefield2042,1757011424.0,2,1.0,Question
1n8hx4u,https://youtu.be/F6y7EjNX1fw?si=W3yw7RGNnXlgXbmP,"{'type': 'youtube.com', 'oembed': {'html': '<iframe width=""356"" height=""200"" src=""https://www.youtube.com/embed/F6y7EjNX1fw?feature=oembed&enablejsapi=1"" frameborder=""0"" allow=""accelerometer; autoplay; clipboard-write; encrypted-media; gyroscope; picture-in-picture; web-share"" referrerpolicy=""strict-origin-when-cross-origin"" allowfullscreen title=""Savage Soldier Voice Lines – Battlefield 3 (5-Min Uncensored Compilation)""></iframe>', 'type': 'video', 'title': 'Savage Soldier Voice Lines – Battlefield 3 (5-Min Uncensored Compilation)', 'width': 356, 'height': 200, 'version': '1.0', 'author_url': 'https://www.youtube.com/@Goku13z', 'author_name': 'Goku13z', 'provider_url': 'https://www.youtube.com/', 'provider_name': 'YouTube', 'thumbnail_url': 'https://i.ytimg.com/vi/F6y7EjNX1fw/hqdefault.jpg', 'thumbnail_width': 480, 'thumbnail_height': 360}}",34,This is the exact type of audio/in battle communication we need in bf6,MarshmelloMan,False,False,False,"{'images': [{'id': 'gxr3Xk9YHaFGLVUTaYMmmS5t_8Q1h8Cd-IFWJSBbcYE', 'source': {'url': 'https://external-preview.redd.it/gxr3Xk9YHaFGLVUTaYMmmS5t_8Q1h8Cd-IFWJSBbcYE.jpeg?auto=webp&s=496f2b7cccc2d3c23b6e0862c68252141de483eb', 'width': 480, 'height': 360}, 'variants': {}, 'resolutions': [{'url': 'https://external-preview.redd.it/gxr3Xk9YHaFGLVUTaYMmmS5t_8Q1h8Cd-IFWJSBbcYE.jpeg?width=108&crop=smart&auto=webp&s=b67e210330d1f4a8699cfc4c3815568f3d9cfd20', 'width': 108, 'height': 81}, {'url': 'https://external-preview.redd.it/gxr3Xk9YHaFGLVUTaYMmmS5t_8Q1h8Cd-IFWJSBbcYE.jpeg?width=216&crop=smart&auto=webp&s=26bc6801c3f706e04fe278dde52e16177d967f26', 'width': 216, 'height': 162}, {'url': 'https://external-preview.redd.it/gxr3Xk9YHaFGLVUTaYMmmS5t_8Q1h8Cd-IFWJSBbcYE.jpeg?width=320&crop=smart&auto=webp&s=9bc11faa84a8dc8348ffb97cadaf6aacc95900df', 'width': 320, 'height': 240}]}], 'enabled': False}",False,"To me, this is far more organic than soldiers being overly acute in their requests/orders. Being a soldier does not mean you aren’t human when you are being shot at, and this is more accurate than drone-like lines or 2042 quips. 

Ofc, the sound design from 3 was also peak, so that would help. I really think 6 is going to be amazing, I just hope they kept taking notes from what we love.",False,/r/Battlefield/comments/1n8hx4u/this_is_the_exact_type_of_audioin_battle/,Battlefield,1757010066.0,15,0.91,Battlefield 3
1n8hf94,https://www.reddit.com/r/Battlefield/comments/1n8hf94/practicing_heli_and_jets/,,2,Practicing heli and jets,LeFuji,False,True,False,,False,"With BF6 coming in the next month, what is the closest to the handling of helicopters and jet fighters available for me to practice now?

I would really prefer a battlefield that has empty servers of single player modes, as I’m not familiar with those aircraft and don’t want to mess with other players experiences.

Thanks!",False,/r/Battlefield/comments/1n8hf94/practicing_heli_and_jets/,Battlefield,1757008929.0,18,1.0,Battlefield 6
1n8hc9x,https://www.reddit.com/r/Battlefield6/comments/1n8hc9x/did_you_already_buy_bf6/,,0,Did you already buy BF6?,TheFunkyNo1,False,True,False,,False,Who preordered BF6 already? ,False,/r/Battlefield6/comments/1n8hc9x/did_you_already_buy_bf6/,Battlefield6,1757008749.0,88,0.34,Question
1n8h91a,https://www.reddit.com/r/pcmasterrace/comments/1n8h91a/if_there_was_ever_time_to_get_intel_core_i514600k/,,0,If there was ever time to get Intel Core i5-14600K it is now,BrutusCz,False,True,False,,False,"The price dropped significantly and the free BF6 (which I wanted to get as well) makes this a great update for me since I was posponing it for 2+ years and never quite managed to save up enough money for **AMD Ryzen 7 9800X3D**. But update to that one would cost like 800€. Update to Core i5-14600K cost me 280€ (I could also still use my DDR4 memory sticks).  
I still got 80% performance increase from my old CPU.",False,/r/pcmasterrace/comments/1n8h91a/if_there_was_ever_time_to_get_intel_core_i514600k/,pcmasterrace,1757008543.0,1,0.4,Hardware
1n8gdv1,https://www.reddit.com/r/blackops6/comments/1n8gdv1/game_says_tpm_20_is_not_enabled_but_it_is_because/,,17,"Game says TPM 2.0 is not enabled, but it is because I enabled all that stuff when I played the BF6 beta.",JohnnyJockomoco,1757017264.0,True,False,"{'images': [{'id': 'KjxvTlTxTvVRJH_nMwI2Knu6cv74a7DA-edi0hVjmWQ', 'source': {'url': 'https://external-preview.redd.it/KjxvTlTxTvVRJH_nMwI2Knu6cv74a7DA-edi0hVjmWQ.jpeg?auto=webp&s=0eb19ee7b3b6c6e25c276429784872ddd513ed38', 'width': 460, 'height': 215}, 'variants': {}, 'resolutions': [{'url': 'https://external-preview.redd.it/KjxvTlTxTvVRJH_nMwI2Knu6cv74a7DA-edi0hVjmWQ.jpeg?width=108&crop=smart&auto=webp&s=cfd77e6acf1b7bd1dd675bba7fead67253e26eae', 'width': 108, 'height': 50}, {'url': 'https://external-preview.redd.it/KjxvTlTxTvVRJH_nMwI2Knu6cv74a7DA-edi0hVjmWQ.jpeg?width=216&crop=smart&auto=webp&s=3d027a8d4d024cd34fc9ad6211d761d08f58d07d', 'width': 216, 'height': 100}, {'url': 'https://external-preview.redd.it/KjxvTlTxTvVRJH_nMwI2Knu6cv74a7DA-edi0hVjmWQ.jpeg?width=320&crop=smart&auto=webp&s=bed4eff37c6400b2779c1c3f8480bb514f71d9b4', 'width': 320, 'height': 149}]}], 'enabled': False}",False,"So, I am guessing this is a bug of some kind because I have both Secure Boot and TPM 2.0 enabled? Is there anything else it could be? Also I can't get any maps to load now.

https://preview.redd.it/xr6sbpl6m6nf1.png?width=438&format=png&auto=webp&s=1ec8857c624b85713be8911a5ed65a114c4e35b3

UPDATE: I got it fixed!

This applies only to Gigabyte Motherboards. I went and got the newest BIOS and flashed it. This turned off Secure Boot so I followed [this ](https://steamcommunity.com/app/1938090/discussions/0/604166031174289010/)to turn it back on. Booted up BO6 and no message about TPM or Secure Boot!",False,/r/blackops6/comments/1n8gdv1/game_says_tpm_20_is_not_enabled_but_it_is_because/,blackops6,1757006557.0,22,0.91,Question
1n8g9zd,https://i.redd.it/2ozjwau5k6nf1.png,,6,BF6 really needs a server region selector in settings (if you’re not gonna put official servers in Portal),svsdentist2018,False,False,False,"{'images': [{'id': 'h-aAfp_6uA1V3qdUrmBeYPLyhQtZFec_j2Fu9wO7eNo', 'source': {'url': 'https://preview.redd.it/2ozjwau5k6nf1.png?auto=webp&s=ace925099ffabcdeee9cb0ea076fe06336196d39', 'width': 1529, 'height': 1440}, 'variants': {}, 'resolutions': [{'url': 'https://preview.redd.it/2ozjwau5k6nf1.png?width=108&crop=smart&auto=webp&s=173e99f560eb3752fe7b8acd7537c628fb241978', 'width': 108, 'height': 101}, {'url': 'https://preview.redd.it/2ozjwau5k6nf1.png?width=216&crop=smart&auto=webp&s=8242f6fec0b7c2b670ed3569a4c496793953981a', 'width': 216, 'height': 203}, {'url': 'https://preview.redd.it/2ozjwau5k6nf1.png?width=320&crop=smart&auto=webp&s=0df215cdb2acc5fdae90d0ae11d1ed22485eccb3', 'width': 320, 'height': 301}, {'url': 'https://preview.redd.it/2ozjwau5k6nf1.png?width=640&crop=smart&auto=webp&s=6745843f1de2af8bf3fa7e5f5bc906ba0c210121', 'width': 640, 'height': 602}, {'url': 'https://preview.redd.it/2ozjwau5k6nf1.png?width=960&crop=smart&auto=webp&s=d15c3bc9b63d987adfac8351e580816577a9a898', 'width': 960, 'height': 904}, {'url': 'https://preview.redd.it/2ozjwau5k6nf1.png?width=1080&crop=smart&auto=webp&s=7e441e008458a80784fa74b8faeae5d090289cce', 'width': 1080, 'height': 1017}]}], 'enabled': True}",False,"I work 2PM–11PM, so my gaming time is only from 12AM–4AM. Problem is, in Asia that time window is basically dead everyone’s asleep, even China’s massive playerbase. My only option is VPN to Germany or West NA servers and deal with 150–170ms ping. That’s another $15/month just for VPN so I can even play this franchise. Battlefield just isn’t that popular in Asia compared to Valorant, CS:GO, or even Delta Force, which all still have active lobbies at midnight. 

If EA would just add proper matchmaking server selection or let us pick official servers from a browser, it would save me a ton of money and headache.",False,/r/Battlefield/comments/1n8g9zd/bf6_really_needs_a_server_region_selector_in/,Battlefield,1757006315.0,2,0.88,Battlefield 2042
1n8fpnv,https://i.redd.it/7xz8jxv4i6nf1.png,,4,Pistol Whip 🤯,PreviousAmphibian861,False,False,False,"{'images': [{'id': 'oLEDC81Upseb3jrSXaGOe-S903RPiLsUMOEmFjxlINM', 'source': {'url': 'https://preview.redd.it/7xz8jxv4i6nf1.png?auto=webp&s=1ce2259b739e9a94a83a1a265ddd17bd1aeae65b', 'width': 864, 'height': 1920}, 'variants': {}, 'resolutions': [{'url': 'https://preview.redd.it/7xz8jxv4i6nf1.png?width=108&crop=smart&auto=webp&s=cee527dac2e99e8d615a403941eb9b05f6ffe5d0', 'width': 108, 'height': 216}, {'url': 'https://preview.redd.it/7xz8jxv4i6nf1.png?width=216&crop=smart&auto=webp&s=1fe813900ed656cdc72602b83ff6e1b2fa7602b1', 'width': 216, 'height': 432}, {'url': 'https://preview.redd.it/7xz8jxv4i6nf1.png?width=320&crop=smart&auto=webp&s=e39399aa319aafc6bb415ed632efc34fa43034c4', 'width': 320, 'height': 640}, {'url': 'https://preview.redd.it/7xz8jxv4i6nf1.png?width=640&crop=smart&auto=webp&s=ac3960db107628af337c39dd02bc86bcd3cc8ece', 'width': 640, 'height': 1280}]}], 'enabled': True}",False,RAG DOLL in Bf6 is legendary 😂🔥,False,/r/Battlefield/comments/1n8fpnv/pistol_whip/,Battlefield,1757005066.0,0,0.75,Battlefield 6
1n8fdg1,https://www.reddit.com/r/Battlefield6/comments/1n8fdg1/server_crash_predictions/,,0,Server crash Predictions.....,cemtexx,False,True,False,,False,"So just over a month to go....

What are your predictions for how quick on day 1, or week 1, the EA/Dice servers will crash when BF6 is released?",False,/r/Battlefield6/comments/1n8fdg1/server_crash_predictions/,Battlefield6,1757004307.0,15,0.35,Discussion
1n8far9,https://www.reddit.com/r/Battlefield/comments/1n8far9/why_are_the_requests_for_better_squadplay_and/,,28,Why are the requests for better squad-play and team-play features looked at as anti-battlefield?,DMBgames,False,True,False,,False,"Pretty much none of us want Battlefield 6 to be a milsim, or anything clunky and ultra-realistic. 

Somehow whenever anyone advocates for the game to focus more on squad-play and team-play we get the disingenuous “It’s not ARMA, go play Squad, or HLL” responses. 

The BF6 beta was quality, and very polished, but it’s clear the design decisions are much more centered towards one-man-army gameplay. From the lack of simple squad management features (maybe they’ll be in the full release) or things like making the Assault class purely for run-and-gun individual gameplay, super fast health regen, or the map designs not feeling exactly like a “sandbox” experience, it’s genuine complaint. 

Personally, in the midst of the fast paced gameplay of the beta, it felt like a very generic shooter unlike previous Battlefields because *none of my choices mattered*. My class hardly mattered except engineer to take out vehicles. 

I’d never advocate for a milsim experience, but can’t we resist the dumbing down of the core experience, that wasn’t extremely intricate in the first place? Or am I just a whining complainer that should just accept whatever EA gives me after dropping two incomplete games in a row?


",False,/r/Battlefield/comments/1n8far9/why_are_the_requests_for_better_squadplay_and/,Battlefield,1757004132.0,67,0.66,Battlefield 6
1n8f399,https://www.reddit.com/r/pcmasterrace/comments/1n8f399/i_need_good_controller_for_pc_fps_gaming/,,0,I need good controller for PC FPS gaming,Equivalent_Use_2248,False,True,False,,False,"
Hi, I’m looking for best controller for my PC. Gonna play BF6 and COD. Could you please give me some recommendations? Budget is 300 USD ",False,/r/pcmasterrace/comments/1n8f399/i_need_good_controller_for_pc_fps_gaming/,pcmasterrace,1757003654.0,19,0.5,Discussion
1n8eugw,https://www.youtube.com/watch?v=lUNH6UPb5LU,"{'type': 'youtube.com', 'oembed': {'html': '<iframe width=""356"" height=""200"" src=""https://www.youtube.com/embed/lUNH6UPb5LU?feature=oembed&enablejsapi=1"" frameborder=""0"" allow=""accelerometer; autoplay; clipboard-write; encrypted-media; gyroscope; picture-in-picture; web-share"" referrerpolicy=""strict-origin-when-cross-origin"" allowfullscreen title=""Battlefield 6 &amp; Call of Duty Players are at it AGAIN - Will DICE &quot;Fix it&quot; or Break BF6?  (Neebscast)""></iframe>', 'type': 'video', 'title': 'Battlefield 6 & Call of Duty Players are at it AGAIN - Will DICE ""Fix it"" or Break BF6?  (Neebscast)', 'width': 356, 'height': 200, 'version': '1.0', 'author_url': 'https://www.youtube.com/@NeebsGaming', 'author_name': 'Neebs Gaming', 'provider_url': 'https://www.youtube.com/', 'provider_name': 'YouTube', 'thumbnail_url': 'https://i.ytimg.com/vi/lUNH6UPb5LU/hqdefault.jpg', 'thumbnail_width': 480, 'thumbnail_height': 360}}",42,"Battlefield 6 & Call of Duty Players are at it AGAIN - Will DICE ""Fix it"" or Break BF6? (Neebscast)",witkowskipe,False,False,False,"{'images': [{'id': '-kEjsH68OnsHeVN255MJaxlY8Kbq6qNbYGX2MWcJBZY', 'source': {'url': 'https://external-preview.redd.it/-kEjsH68OnsHeVN255MJaxlY8Kbq6qNbYGX2MWcJBZY.jpeg?auto=webp&s=6645748216b4ebc6b7e0453e6886f51acb4fb0e2', 'width': 480, 'height': 360}, 'variants': {}, 'resolutions': [{'url': 'https://external-preview.redd.it/-kEjsH68OnsHeVN255MJaxlY8Kbq6qNbYGX2MWcJBZY.jpeg?width=108&crop=smart&auto=webp&s=773af21124eaa128be1326f9a798fbc3f3b7ac06', 'width': 108, 'height': 81}, {'url': 'https://external-preview.redd.it/-kEjsH68OnsHeVN255MJaxlY8Kbq6qNbYGX2MWcJBZY.jpeg?width=216&crop=smart&auto=webp&s=c6a81b89776defb823d21030e84117dbc347f137', 'width': 216, 'height': 162}, {'url': 'https://external-preview.redd.it/-kEjsH68OnsHeVN255MJaxlY8Kbq6qNbYGX2MWcJBZY.jpeg?width=320&crop=smart&auto=webp&s=e2c106fa5ae2b43321a74dd71925aff180a26ce5', 'width': 320, 'height': 240}]}], 'enabled': False}",False,,False,/r/NeebsGaming/comments/1n8eugw/battlefield_6_call_of_duty_players_are_at_it/,NeebsGaming,1757003113.0,0,0.99,
1n8eoyj,https://www.reddit.com/r/EASportsFC/comments/1n8eoyj/easports_fc25_mikro_ruckler_am_pc/,,0,EASports FC25 Mikro Ruckler am PC,DVDCase123,False,True,False,,False,"Also ich habe FC25 über den gamepass. Und habe beim Spielen immer Mikro Ruckler. Ich meine ich konnte BF6 auf Ultra spielen. Und auch andere aktuelle Spiele stellen kein Problem dar. FC 25 ist doch nicht das Crisis der Neuzeit. Oder doch? 🤣

AMD 5600 RTX 4060TI (16GB) 48GB RAM

Danke.",False,/r/EASportsFC/comments/1n8eoyj/easports_fc25_mikro_ruckler_am_pc/,EASportsFC,1757002781.0,0,0.14,QUESTION
1n8ei4k,https://www.reddit.com/r/battlefield2042/comments/1n8ei4k/im_tearing_my_hair_out_over_my_microphone_its/,,2,I'm tearing my hair out over my microphone. Its working everywhere except BF2042 and I can't figure it out.,EnvironmentalAngle,False,True,False,,False,"I'm losing my mind with my microphone in BF2042 for PC.  I've been googling this issue since the BF6 beta ended and I have been playing BF2042 daily.

I've changed between my headset and Default input device, I've tried going push to talk, ive tried low threshold and high threshold and everything in-between.

I've gone into sound settings to make sure the correct mic is enabled and when I do a microphone test it works.  Also, in game, even though my mic isn't working the volume bar in BF settings responds to my talking so BF is definitely picking it up.

What the hell is going on?  The only thing I could think is if my whole squad has vc disabled or are in party chat then my mic indicator won't work?  Its just a guess but I could be wrong... Has anyone else experienced this?  

I should mention some games it works fine and other games its broken.  Its broken more games than its working.  I'd say 1 out of every 4ish matches I'll have a working mic.",False,/r/battlefield2042/comments/1n8ei4k/im_tearing_my_hair_out_over_my_microphone_its/,battlefield2042,1757002353.0,6,0.75,PC
1n8ehai,https://www.reddit.com/gallery/1n8ehai,,1,Cant enable Secure Boot,JojoDieKatze,False,False,False,,False,It says enabled in the BIOS but when I boot the computer it says disabled in msinfo32. CSM is disables and I tested both security options. FFS I just spend 700€ on upgrades to play BF6 and now it wont let me.,False,/r/pchelp/comments/1n8ehai/cant_enable_secure_boot/,pchelp,1757002299.0,4,1.0,SOFTWARE
1n8dnwy,https://i.redd.it/al04k3wi46nf1.jpeg,,0,Terrible company,Recent_Tumbleweed_87,False,False,False,"{'images': [{'id': 'GciUgud-li9gUYqm4QoWSkph-0OwIpEKkjuzSF0e-kg', 'source': {'url': 'https://preview.redd.it/al04k3wi46nf1.jpeg?auto=webp&s=6925c2e668b8f76a52e61a482ccee8b24ccb596b', 'width': 1206, 'height': 2622}, 'variants': {}, 'resolutions': [{'url': 'https://preview.redd.it/al04k3wi46nf1.jpeg?width=108&crop=smart&auto=webp&s=0d37c484f67cb59e92df4c43b9f6bb4527d1cbde', 'width': 108, 'height': 216}, {'url': 'https://preview.redd.it/al04k3wi46nf1.jpeg?width=216&crop=smart&auto=webp&s=df845dab25e1405978221459acb434f173cce27c', 'width': 216, 'height': 432}, {'url': 'https://preview.redd.it/al04k3wi46nf1.jpeg?width=320&crop=smart&auto=webp&s=c1f64496d69c73c29ab6c76f795ddac04a62c502', 'width': 320, 'height': 640}, {'url': 'https://preview.redd.it/al04k3wi46nf1.jpeg?width=640&crop=smart&auto=webp&s=00ff148829730a61347d5fa6105b04eba7d3ac77', 'width': 640, 'height': 1280}, {'url': 'https://preview.redd.it/al04k3wi46nf1.jpeg?width=960&crop=smart&auto=webp&s=58ca6b3495568bc99f50a701cb40ab4c21cb9d59', 'width': 960, 'height': 1920}, {'url': 'https://preview.redd.it/al04k3wi46nf1.jpeg?width=1080&crop=smart&auto=webp&s=382df8ffd595178aaef522f3fa12f79a2e2f8341', 'width': 1080, 'height': 2160}]}], 'enabled': True}",False,Banned for no reason right when the bf6 beta came out. Submitted an appeal on August 8th with no response. I hate EA so much…,False,/r/eagames/comments/1n8dnwy/terrible_company/,eagames,1757000489.0,13,0.31,
1n8d0kx,https://www.reddit.com/r/Battlefield6/comments/1n8d0kx/vehicles_need_some_love_design_intent/,,3,Vehicles Need Some Love & Design Intent,sp251ike,False,True,False,,False,"I don't know what the general sentiment of the community is but I feel like vehicles as a whole have kinda fallen on the wayside in the general discussion of BF6 and what worries me moreso is this seemingly light trends towards larger and larger focus on infantry and infantry-only maps.  
While I really enjoyed the infantry play of the BF6 beta and the vehicles had moments of fun I feel like in many ways in recent tiles till now they've slowly been getting diminishing returns/nerfs that minimize their role.  
Particularly in the beta many vehicles seemed to go down almost instantly by a flury of RPG shots and ESPECIALLY air vehicles would be locked in their spawn or almost instantly taken out by a flury of stingers, etc.  
If Battlefield is a combined arms experience like many define it as than its important to define the purpose of vehicles. We need to explain what importance the vehicles serve. Is it merely having vehicles appear to improve atmosphere their purpose? Or should they have purpose in the success of your team? To what extent are they integral in that success? At the moment bf6 dosen't have a very good answer on vehicles partly because the maps did not allow for very much skill expression.  
Maybe the other vanilla maps and added balances/design changes and countermeasures will remedy some of the issues I saw but I can't help but feel that vehicles have been getting slowly nerfed and designed (level and gameplay-wise) into obscurity ESPECIALLY SINCE 2042.  
I understand the sentiment that many don't like the idea of an attack heli, tanker, whatever going 80-0 in 1 game but I question if nerfing vehicles as has been happening is really the best solution.",False,/r/Battlefield6/comments/1n8d0kx/vehicles_need_some_love_design_intent/,Battlefield6,1756999030.0,6,0.71,Discussion
1n8ctao,https://www.reddit.com/r/battlefield_4/comments/1n8ctao/trying_to_grow_a_little_community_on_tiktok/,,0,Trying to grow a little community on TikTok :),TH3xV0RTEX,False,True,False,"{'images': [{'id': 'xyZB818-uaVGBXGV_I0u0wLxlpPwFrndcjiiEW4Vc3w', 'source': {'url': 'https://external-preview.redd.it/xyZB818-uaVGBXGV_I0u0wLxlpPwFrndcjiiEW4Vc3w.jpeg?auto=webp&s=bbd469b544dd6b6bcf0d67df4324775576dccaff', 'width': 720, 'height': 720}, 'variants': {}, 'resolutions': [{'url': 'https://external-preview.redd.it/xyZB818-uaVGBXGV_I0u0wLxlpPwFrndcjiiEW4Vc3w.jpeg?width=108&crop=smart&auto=webp&s=69c4823e2d3500a2a9fe18a6605f87853c764271', 'width': 108, 'height': 108}, {'url': 'https://external-preview.redd.it/xyZB818-uaVGBXGV_I0u0wLxlpPwFrndcjiiEW4Vc3w.jpeg?width=216&crop=smart&auto=webp&s=96a59bc297975411683747264b95be9ce3124135', 'width': 216, 'height': 216}, {'url': 'https://external-preview.redd.it/xyZB818-uaVGBXGV_I0u0wLxlpPwFrndcjiiEW4Vc3w.jpeg?width=320&crop=smart&auto=webp&s=481c4bc9422973d84c4a06112fd569186bbddab0', 'width': 320, 'height': 320}, {'url': 'https://external-preview.redd.it/xyZB818-uaVGBXGV_I0u0wLxlpPwFrndcjiiEW4Vc3w.jpeg?width=640&crop=smart&auto=webp&s=5d2c77fe91d1397157c1230de940b44030930803', 'width': 640, 'height': 640}]}], 'enabled': False}",False,"I’ve been uploading a few clips of bf4 on TikTok to hype people up for bf6! Check it out I appreciate anyone who comes over :)

https://www.tiktok.com/@xaeternus_?_t=ZN-8zRuIwlNcne&_r=1",False,/r/battlefield_4/comments/1n8ctao/trying_to_grow_a_little_community_on_tiktok/,battlefield_4,1756998576.0,0,0.33,
1n8cs39,https://www.reddit.com/r/zocken/comments/1n8cs39/ea_fc_mikro_ruckler/,,0,EA FC Mikro Ruckler,DVDCase123,False,True,False,,False,"Also ich habe FC25 über den gamepass. Und habe beim Spielen immer Mikro Ruckler. Ich meine ich konnte BF6 auf Ultra spielen. Und auch andere aktuelle Spiele stellen kein Problem dar. FC 25 ist doch nicht das Crisis der Neuzeit. Oder doch? 🤣

AMD 5600
RTX 4060TI (16GB) 
48GB RAM 

Danke. ",False,/r/zocken/comments/1n8cs39/ea_fc_mikro_ruckler/,zocken,1756998501.0,4,0.33,PC
1n8ckot,https://www.reddit.com/r/Kyrgyzstan/comments/1n8ckot/battlefield_ping_in_bishkek/,,7,Battlefield ping in Bishkek.,Jikops69,False,True,False,,False,"Hello, beautiful people of Kyrgyzstan.

I will be relocating to Bishkek for about a year in a couple of months, so will take my PS5 with me.

What usual ping do you get in BF on official servers or any notable portal servers, and which provider are you using?

With BF6 coming I would like to enjoy it while I am in Kyrgyzstan, but I cannot justify spending €80 on a game that I would potentially be able to play comfortably for a month or so.

Thank you!",False,/r/Kyrgyzstan/comments/1n8ckot/battlefield_ping_in_bishkek/,Kyrgyzstan,1756998046.0,6,0.89,Question | Суроо
1n8ciet,https://v.redd.it/arrvvekuw5nf1,"{'reddit_video': {'width': 1280, 'height': 720, 'is_gif': False, 'hls_url': 'https://v.redd.it/arrvvekuw5nf1/HLSPlaylist.m3u8?a=1759672888%2CYjM3OWVhNTFmYWQxODAxYWY3MjBkM2ZmMWY0YjI3NjdlOWYyM2NiZDFjMDZiMzBhYTA2M2E1MDRlMDU1NmE5ZQ%3D%3D&v=1&f=sd', 'dash_url': 'https://v.redd.it/arrvvekuw5nf1/DASHPlaylist.mpd?a=1759672888%2COTcyN2U4MGY1YjYyMjIwZThiYTdiYTI3ODRiZjNiZjAwYmM1NDZmOTYwNzY1NzU1NWIyZjEyNTZjMzhlMDk2OA%3D%3D&v=1&f=sd', 'duration': 30, 'has_audio': True, 'bitrate_kbps': 2400, 'fallback_url': 'https://v.redd.it/arrvvekuw5nf1/DASH_720.mp4?source=fallback', 'scrubber_media_url': 'https://v.redd.it/arrvvekuw5nf1/DASH_96.mp4', 'transcoding_status': 'completed'}}",1566,I really hope BF6 doesn’t have this uselessness to open Maps,Suitable_Button5641,False,False,False,"{'images': [{'id': 'dzQ5ZmZ2ZHV3NW5mMd0X3mfV-HZg0ARQnybIC1dsWYUuCKATuZpuD5foPALD', 'source': {'url': 'https://external-preview.redd.it/dzQ5ZmZ2ZHV3NW5mMd0X3mfV-HZg0ARQnybIC1dsWYUuCKATuZpuD5foPALD.png?format=pjpg&auto=webp&s=53955934c8429ff0ef8acb23cd0aa0b944933c3a', 'width': 1280, 'height': 720}, 'variants': {}, 'resolutions': [{'url': 'https://external-preview.redd.it/dzQ5ZmZ2ZHV3NW5mMd0X3mfV-HZg0ARQnybIC1dsWYUuCKATuZpuD5foPALD.png?width=108&crop=smart&format=pjpg&auto=webp&s=5e7692edce2de57077890d15021358a7de5b8ffc', 'width': 108, 'height': 60}, {'url': 'https://external-preview.redd.it/dzQ5ZmZ2ZHV3NW5mMd0X3mfV-HZg0ARQnybIC1dsWYUuCKATuZpuD5foPALD.png?width=216&crop=smart&format=pjpg&auto=webp&s=a970365bdf55afa28657b4fa95ae4e9b2c0a260c', 'width': 216, 'height': 121}, {'url': 'https://external-preview.redd.it/dzQ5ZmZ2ZHV3NW5mMd0X3mfV-HZg0ARQnybIC1dsWYUuCKATuZpuD5foPALD.png?width=320&crop=smart&format=pjpg&auto=webp&s=6c99bbf16bf0ef7f45373277ba33b59ee339e8e5', 'width': 320, 'height': 180}, {'url': 'https://external-preview.redd.it/dzQ5ZmZ2ZHV3NW5mMd0X3mfV-HZg0ARQnybIC1dsWYUuCKATuZpuD5foPALD.png?width=640&crop=smart&format=pjpg&auto=webp&s=afd652a5e2cf260a225a1b8b12e782ca1b952c57', 'width': 640, 'height': 360}, {'url': 'https://external-preview.redd.it/dzQ5ZmZ2ZHV3NW5mMd0X3mfV-HZg0ARQnybIC1dsWYUuCKATuZpuD5foPALD.png?width=960&crop=smart&format=pjpg&auto=webp&s=8807e40ac4bedec18103d63e3525b6602380086a', 'width': 960, 'height': 540}, {'url': 'https://external-preview.redd.it/dzQ5ZmZ2ZHV3NW5mMd0X3mfV-HZg0ARQnybIC1dsWYUuCKATuZpuD5foPALD.png?width=1080&crop=smart&format=pjpg&auto=webp&s=0ceaf107ec9788ccc312213ae90cad6b37939ba3', 'width': 1080, 'height': 607}]}], 'enabled': False}",False,"I mean cmon in ur own spawn?
But judging from the Beta the style of the maps is way nicer with a lot more to take cover behind. ",False,/r/Battlefield/comments/1n8ciet/i_really_hope_bf6_doesnt_have_this_uselessness_to/,Battlefield,1756997911.0,475,0.8,Battlefield 6
1n8bzhx,https://www.reddit.com/r/Battlefield/comments/1n8bzhx/we_should_get_remakes_of_these_maps/,,0,We should get remakes of these maps,SuperJaaaaz,False,True,False,,False,"I have made a list of 8 maps, one map per season, that I would like to see in the game. Yes, I believe in the success of BF6 and that we will have more than 5 seasons. These maps will be additional to the new ones, so in a season we will have 1+1 or 2+1. Remember that making remakes of maps is easier and takes much less resources than new ones.  
  
Battlefield 3 era:  
0. Operation Firestorm (BF3 variant will be on release)  
1. Operation Metro (BF4 variant)  
2. Caspian border (BF3 variant)  
Battlefield 2 era:  
3. Strike at Karkand (BF3 variant)  
4. Gulf of Oman (BF3 variant)  
Battlefield 4 era:  
5. Zavod 311 (BF4 variant)  
6. Propaganda (BF4 variant)  
Battlefield 1942 era:  
7. Wake Island (BF3 variant)  
8. Iwo Jima (modern variant with full playable island)

**This is my opinion and it may not coincide with yours.**",False,/r/Battlefield/comments/1n8bzhx/we_should_get_remakes_of_these_maps/,Battlefield,1756996723.0,30,0.4,Battlefield 6
1n8bvqs,https://www.reddit.com/r/PcBuildHelp/comments/1n8bvqs/motherboard_for_ryzen_7_5700x/,,0,Motherboard for Ryzen 7 5700x?,Historical_Fold787,False,True,False,,False,"Hello,

I'm gathering parts to build a gaming PC for BF6. So far, I've picked up a Ryzen 7 5700x CPU which I'm hoping will be adequate given that only a 7 3700x is recommended.

Anyway, I know very little about motherboards. I know I need a b550m but I'm getting paralysis with all the options available. I'm aiming to build on a budget but I'm happy to spend a little more if it's going to impact the FPS. 

So, can anyone recommend me a good budget Motherboard? Even a run down of brands I should go with and stay away from would help.

Cheers,",False,/r/PcBuildHelp/comments/1n8bvqs/motherboard_for_ryzen_7_5700x/,PcBuildHelp,1756996483.0,1,0.5,Build Question
1n8bsum,https://www.reddit.com/r/ultrawidemasterrace/comments/1n8bsum/help_with_getting_a_34_budget_monitor/,,1,Help with getting a 34' budget monitor,kuyoism,1757007704.0,True,False,,False,"Hello guys, I've decided to get an upgrade for my setup and was looking to get a budget ultrawide monitor. 

The main uses for the monitor:

\-Gaming (League of Legends and probably BF6)

\-Work which involves reading/writing documents, text and coding


Ultimately, I've narrowed it down to Alienware AW3425DWM or Xiaomi G34WQi as these are available locally (Middle East based so I'm quite limited in terms of options).

What do you guys think?

Any help is appreciated",False,/r/ultrawidemasterrace/comments/1n8bsum/help_with_getting_a_34_budget_monitor/,ultrawidemasterrace,1756996302.0,1,1.0,Recommendations
1n8brnu,https://www.reddit.com/r/DeadlockTheGame/comments/1n8brnu/intel_arc_aseries_owners_have_you_been_getting/,,1,"Intel Arc A-Series owners, have you been getting any crashes in DL?",got-trunks,False,True,False,,False,"For the last couple weeks since the BF6 drivers came out, I've been crashing pretty regularly. I'm rolling back since the open beta is over but I'm curious if anyone else experienced the same or if I should be looking elsewhere for the issue? 

Nothing else I run crashes, have done OCCT stability tests overnight etc nothing. ",False,/r/DeadlockTheGame/comments/1n8brnu/intel_arc_aseries_owners_have_you_been_getting/,DeadlockTheGame,1756996226.0,2,1.0,Question
1n8bqvn,https://www.reddit.com/r/GamerPals/comments/1n8bqvn/28m_est_pc_recently_divorced_and_need_a/,,0,28M EST PC Recently divorced and need a distraction from it. Your best friend who's always there for you and game with ya. Hopefully an ARPG or factory game buddy.,TheOnlyRealOne43,False,True,False,,False,"Heya,

I'm looking for a gaming bestie. I have some long-term friends who game but they're not SUPER available, now are they super into the same games that I play a ton of the time, and they never want to like \*actually\* complete a game. we just hop around like crazy and never get deep into a game.

I'm a HUGE RuneScape player (oldschool, iron man BTW!) so if you're into that, that would be sick, but I'm looking to get into ARPGs more. I've never gotten to like ""endgame"" in an ARPG even though I've played many, and I really want to actually like experience the endgame in those types of games. Right now I just started Last Epoch while waiting for PoE 2 to get updated, and I'm also interested in trying PoE 1.

I also like co-op games. Think Deep Rock Galactic, Peak, Sworn, Killing Floor 2, Left 4 Dead, stuff like that. I'm not a super huge competitive gamer anymore, although I enjoy DBD sometimes, I was a huge overwatch nerd back in the day but that gameplay loop doesn't really appeal to me anymore nowadays. (Although I am excited for BF6)

Right now I'm pretty available as I'm looking for work and gaming is my main hobby so I'm looking for someone who's down to talk in discord for like hours and game together, I recently got divorced so I'm kinda looking for somebody to fill that ""lonely"" void and help distract me from those feelings.

If this sounds good to you just DM me! I'm also hoping to find someone who I can be really great friends with, maybe even outside of gaming. Like talking about our days and supporting one another and stoof. Hope to hear from you soon! :)",False,/r/GamerPals/comments/1n8bqvn/28m_est_pc_recently_divorced_and_need_a/,GamerPals,1756996177.0,2,0.5,North America
1n8bk9w,https://i.redd.it/s05mb9xdq5nf1.jpeg,,100,Anish Giri defeats Robert Hovhannisyan | Rd. 1 | FIDE Grand Swiss 2025,FirstEfficiency7386,False,False,False,"{'images': [{'id': 'PB4yQYa6ogLbwXJQpzKdhI0bJZhWPpZzQnShK3FzU_g', 'source': {'url': 'https://preview.redd.it/s05mb9xdq5nf1.jpeg?auto=webp&s=bce9544d51129e7799486faafcbff59d428a9246', 'width': 1355, 'height': 893}, 'variants': {}, 'resolutions': [{'url': 'https://preview.redd.it/s05mb9xdq5nf1.jpeg?width=108&crop=smart&auto=webp&s=fd18ed152be202d4085fb8301e052ff546e58346', 'width': 108, 'height': 71}, {'url': 'https://preview.redd.it/s05mb9xdq5nf1.jpeg?width=216&crop=smart&auto=webp&s=e17a62150be181012a02d097ff3912a94373b12e', 'width': 216, 'height': 142}, {'url': 'https://preview.redd.it/s05mb9xdq5nf1.jpeg?width=320&crop=smart&auto=webp&s=bd0aee68948c48d8aa01911a9e0cd95705b2ab11', 'width': 320, 'height': 210}, {'url': 'https://preview.redd.it/s05mb9xdq5nf1.jpeg?width=640&crop=smart&auto=webp&s=017281de474e023f4d3bf694285c654d96a389b0', 'width': 640, 'height': 421}, {'url': 'https://preview.redd.it/s05mb9xdq5nf1.jpeg?width=960&crop=smart&auto=webp&s=f0ae7944b2ec537acd6d942793c1c6ddb758f9b7', 'width': 960, 'height': 632}, {'url': 'https://preview.redd.it/s05mb9xdq5nf1.jpeg?width=1080&crop=smart&auto=webp&s=52d52b4cc0ee7df89ef0d1c56eb906d7d380aad0', 'width': 1080, 'height': 711}]}], 'enabled': True}",False,,False,/r/chess/comments/1n8bk9w/anish_giri_defeats_robert_hovhannisyan_rd_1_fide/,chess,1756995758.0,10,0.96,News/Events
1n8bght,https://www.reddit.com/r/IntelArc/comments/1n8bght/arc_b_580_or_not/,,5,Arc b 580 or not,Echosys,1756996375.0,True,False,,False,"Heya so I have this config

I7 11700kf

Msi mpg z590 gaming plus

32gb 3200 MHz Cl 16 lenovo ram

GTX 1070 ti

Lian li edge 850w psu ( dont look at me  got IT for free basically)

So im planning to upgrade my gpu I have a 300 euro budget currently can't really spend and want to spend more on IT. But the 1070 ti starting to be not enough 
I play on 1080p and want to play bf6 and the New anno too when IT comes out. 

My other options are in this price Range  are used cards, 30xx generation. Specifically 3070
I tried to look up things, (and im sad, cuz prices are insane... Can't get a card like 1070 ti in this generation) but can't get on a verdict, am i okey buying b580 for the next 4 years or a 3070 ? May be for some more 3070 ti but... Yea. 
Is b580 a good choice fpr me and my setup? Or should i haggle the used market( bit opposed on used in gpu)  and is my MB amd cpu considered good for the b580 ? I play mainly strategic, and simulations, planet zoo age of wonder etc, but bf6 is a thing, and some No mans sky, such things. Please help.

Edit: some typo",False,/r/IntelArc/comments/1n8bght/arc_b_580_or_not/,IntelArc,1756995527.0,5,0.86,Question
1n8bfqi,https://www.reddit.com/r/battlefield2042/comments/1n8bfqi/help_with_flying_helis/,,2,Help with flying helis,gmoney1225,False,True,False,,False,"Hey everybody, I've recently rejoined the bf scene - I played a ton of 3, and some of 4 and LOVED the bf6 beta - I decided to give 2042 a shot bc ive heard mixed reviews but it was included with my PC game pass subscription so no loss to me if I didn't enjoy it. Im absolutely loving 2042 but I've wanted to expand my gameplay a bit. I've always played strictly infantry but I wanna get more involved in helicopters. Any tips on how I can get better? I've watched so many YouTube videos explaining it and I understand it but when put into practice im so all over the place. Any help is greatly appreciated. Is it even worth my time if its already not clicking? 

For reference, im playing in both lobbies to get the hang of it, and just when i feel like its starting to make sense, the heli is all of a sudden out of my control again ",False,/r/battlefield2042/comments/1n8bfqi/help_with_flying_helis/,battlefield2042,1756995478.0,2,1.0,Question
1n8bc6i,https://www.reddit.com/r/PCBaumeister/comments/1n8bc6i/kaufberatung_erstes_mal_pc_selber_bauen_welche/,,1,"Kaufberatung: Erstes Mal PC selber bauen, welche Hardware sollte ich verbauen?",TerribleScientist864,False,True,False,,False,"Moin, ich möchte mein Sparschwein plündern und nach fast 10 Jahren endlich einen komplett neuen PC kaufen und selber zusammenbauen. Ich spiele Total War Warhammer 3, Helldivers 2, LoL und möchte First Light 007, sowie Bf6 zocken. Ich habe tatsächlich keine Lust auf RGB und möchte auch keine Glasseite an meinem Gehäuse. Mein Budget würde ich so bis max 2000€ legen, aber günstiger wäre auch sehr gut.

Ich bin sehr unsicher, was Hardware angeht. Daher gebt mir gerne Tipps.

CPU: AMD Ryzen 7 7800x3D

RAM: 32GB DDR5

SSD: 2TB

Ich würde eine AIO sehr cool finden, weiß aber nicht wie sinnvoll das ist. Generell fehlt ja noch recht viel, da bin ich sehr offen für Vorschläge.

Das ist mein erster Reddit Post, hoffe es stimmt soweit alles.

Danke schonmal an alle, die versuchen zu helfen <3

",False,/r/PCBaumeister/comments/1n8bc6i/kaufberatung_erstes_mal_pc_selber_bauen_welche/,PCBaumeister,1756995251.0,29,1.0,Kaufberatung
1n8b3c4,https://youtube.com/watch?v=zG3Got1tdIY&si=h-6K9fmJUF3XQI7V,"{'type': 'youtube.com', 'oembed': {'html': '<iframe width=""356"" height=""200"" src=""https://www.youtube.com/embed/zG3Got1tdIY?feature=oembed&enablejsapi=1"" frameborder=""0"" allow=""accelerometer; autoplay; clipboard-write; encrypted-media; gyroscope; picture-in-picture; web-share"" referrerpolicy=""strict-origin-when-cross-origin"" allowfullscreen title=""AUC3I - Daily Briefing  09-04-2025  On the WAR in Ukraine""></iframe>', 'type': 'video', 'title': 'AUC3I - Daily Briefing  09-04-2025  On the WAR in Ukraine', 'width': 356, 'height': 200, 'version': '1.0', 'author_url': 'https://www.youtube.com/@CobraCommans', 'author_name': 'AUC3I - Daily Briefing ', 'provider_url': 'https://www.youtube.com/', 'provider_name': 'YouTube', 'thumbnail_url': 'https://i.ytimg.com/vi/zG3Got1tdIY/hqdefault.jpg', 'thumbnail_width': 480, 'thumbnail_height': 360}}",1,AUC3I - Daily Briefing  09-04-2025  On the WAR in Ukraine,AUC3I_SEC525,False,False,False,"{'images': [{'id': 'TYr4Y6-25pahDtXOKzUAJh2m9a-RpO5mL0TjJtcyryA', 'source': {'url': 'https://external-preview.redd.it/TYr4Y6-25pahDtXOKzUAJh2m9a-RpO5mL0TjJtcyryA.jpeg?auto=webp&s=0febe23899c48f43ff0b1cac6b7ac1d25c38173f', 'width': 480, 'height': 360}, 'variants': {}, 'resolutions': [{'url': 'https://external-preview.redd.it/TYr4Y6-25pahDtXOKzUAJh2m9a-RpO5mL0TjJtcyryA.jpeg?width=108&crop=smart&auto=webp&s=10e0e2a34bce7fc8f162a0404135b24836ae31bd', 'width': 108, 'height': 81}, {'url': 'https://external-preview.redd.it/TYr4Y6-25pahDtXOKzUAJh2m9a-RpO5mL0TjJtcyryA.jpeg?width=216&crop=smart&auto=webp&s=d2ba6589334618157fe92208e3732803253c9f4d', 'width': 216, 'height': 162}, {'url': 'https://external-preview.redd.it/TYr4Y6-25pahDtXOKzUAJh2m9a-RpO5mL0TjJtcyryA.jpeg?width=320&crop=smart&auto=webp&s=a187ecac73f26df48c3f41f513425d374963d825', 'width': 320, 'height': 240}]}], 'enabled': False}",False,"Understanding The War In Europe \_ Analyzing the situation on the ground with by way of an introduction, 3 points, and a conclusion #militaryanalysis #donetsk #blackops 



Combat Briefing Number 1289



""From:"" Colonel A.C. Oguntoye, Infantry Officer

""Subject:"" Operational Progress Report – September 4, 2025

""Classification:"" Strategic Briefing / Analyst Summary

 

\### Situation Overview



On September 4, Russian forces maintained sustained offensive operations while employing precision strikes on Ukraine’s industrial, logistical, and military infrastructure. ""Long-range air- and sea-based weapons and UAVs"" were used to hit ""transport infrastructure, command posts, UAV assembly facilities, and weapons depots"" in 155 locations. Russian air defense assets shot down ""four guided aerial bombs and 299 fixed-wing UAVs"", underscoring the persistent contest in the aerial domain and the effectiveness of Russia’s layered defense doctrine.

 

\### Ground Operations



"" ""North Group (Sumy & Kharkiv):"" Advanced positions and engaged mechanized, airborne assault, and territorial brigades around Chernatskoye, Alekseevka, Yunakovka, and Volchansk. Ukrainian losses: ""180 personnel"", armored vehicles, artillery, and 12 cars. Russian forces also destroyed three material warehouses.



"" ""West Group (Kharkiv, Luhansk, Donetsk):"" Took stronger lines near Kupyansk, Maleevka, Petrovskoye, and Kirovsk. Losses inflicted: ""220+ personnel"", armored vehicles, 15 cars, and artillery, including Western-supplied systems. ""Five EW stations and two depots"" were eliminated, diminishing Ukrainian communications resilience.



"" ""South Group (Donetsk):"" Improved tactical positions in Severesk, Konstantinovka, Fedorovka, and surrounding villages. Ukraine lost ""220 personnel"", armored vehicles, and artillery. Russian forces neutralized ""three EW stations, an ammunition depot, and five supply warehouses"", tightening logistical pressure.



"" ""Center Group (Donetsk):"" Secured advantageous lines in Toretskoye, Krasnoarmeysk, and Krasny Liman. Ukraine’s reported losses: ""440 personnel"", two armored vehicles, and four artillery guns. Operations here targeted multiple brigades, inflicting heavy attrition on infantry and airborne formations.



"" ""East Group (Dnipropetrovsk & Zaporizhzhia):"" Advanced deep into Ukrainian defenses, seizing ""Novoselovka"" in Dnipropetrovsk. Importantly, ""the full liberation of Russian-declared territory in Donetsk was announced as complete"". Ukrainian losses were ""240+ personnel"", 13 vehicles, and a counter-battery radar.



"" ""Dnepr Group (Zaporizhzhia & Kherson):"" Targeted mechanized, coastal defense, and territorial brigades in Belogorye, Malaya Tokmachka, and Antonovka. Ukraine lost ""70+ personnel"", 11 vehicles, and ""six EW stations"". A major ammunition depot was destroyed.

  

\### Operational Analysis & Implications



1. ""Completion of Donetsk Liberation:"" The announcement of full territorial control in Donetsk marks a significant milestone with both symbolic and operational consequences. It consolidates Russian lines and frees forces for operations in Zaporizhzhia and Dnipropetrovsk.



2. ""Systematic Targeting of EW and Radars:"" The destruction of electronic warfare assets and counter-battery systems reflects a deliberate ""counter-ISR campaign"". Ukraine’s ability to coordinate artillery fire and resist Russian advances continues to diminish.



3. ""Attritional Strategy Sustained:"" Ukrainian losses exceeded ""1,370 personnel in one day"", alongside vehicles and artillery systems. This steady attrition, coupled with systemic strikes on depots and supply chains, advances Russia’s strategy of ""gradual depletion of manpower and materiel"".



4. ""Air Denial Reinforced:"" The downing of ""nearly 300 UAVs in a single day"" highlights both Ukraine’s reliance on drone warfare and Russia’s capacity to neutralize it. The contest for aerial reconnaissance and strike remains central.



5. ""Shaping Operations for Southern Front:"" Destruction of depots and EW networks in Zaporizhzhia and Kherson prepares the ground for larger-scale maneuvers, aiming to fracture Ukrainian defenses along the riverine and coastal corridors.

 

\### Strategic Outlook



The September 4 report reflects a campaign entering a consolidation phase in Donetsk while simultaneously shaping new axes of advance. By combining ""territorial milestones with systemic interdiction of Ukrainian logistics and command networks"", Russian forces are creating conditions for deeper offensives in Zaporizhzhia and Dnipropetrovsk. Sustained attrition, coupled with the steady erosion of Ukraine’s sensing and resupply capabilities, suggests Ukraine will face growing difficulty maintaining coherent defensive lines.

 

\#MilitaryAnalysis #UkraineConflict #CombatBriefing #StrategicUpdate #OperationalDoctrine #Donetsk #Zaporizhzhia #Kherson #Sumy #Kharkiv #bf6",False,/r/auc3i/comments/1n8b3c4/auc3i_daily_briefing_09042025_on_the_war_in/,auc3i,1756994737.0,0,1.0,
1n8b2p5,https://youtube.com/watch?v=zG3Got1tdIY&si=h-6K9fmJUF3XQI7V,"{'type': 'youtube.com', 'oembed': {'html': '<iframe width=""356"" height=""200"" src=""https://www.youtube.com/embed/zG3Got1tdIY?feature=oembed&enablejsapi=1"" frameborder=""0"" allow=""accelerometer; autoplay; clipboard-write; encrypted-media; gyroscope; picture-in-picture; web-share"" referrerpolicy=""strict-origin-when-cross-origin"" allowfullscreen title=""AUC3I - Daily Briefing  09-04-2025  On the WAR in Ukraine""></iframe>', 'type': 'video', 'title': 'AUC3I - Daily Briefing  09-04-2025  On the WAR in Ukraine', 'width': 356, 'height': 200, 'version': '1.0', 'author_url': 'https://www.youtube.com/@CobraCommans', 'author_name': 'AUC3I - Daily Briefing ', 'provider_url': 'https://www.youtube.com/', 'provider_name': 'YouTube', 'thumbnail_url': 'https://i.ytimg.com/vi/zG3Got1tdIY/hqdefault.jpg', 'thumbnail_width': 480, 'thumbnail_height': 360}}",1,AUC3I - Daily Briefing  09-04-2025  On the WAR in Ukraine,AUC3I_SEC525,False,False,False,"{'images': [{'id': 'TYr4Y6-25pahDtXOKzUAJh2m9a-RpO5mL0TjJtcyryA', 'source': {'url': 'https://external-preview.redd.it/TYr4Y6-25pahDtXOKzUAJh2m9a-RpO5mL0TjJtcyryA.jpeg?auto=webp&s=0febe23899c48f43ff0b1cac6b7ac1d25c38173f', 'width': 480, 'height': 360}, 'variants': {}, 'resolutions': [{'url': 'https://external-preview.redd.it/TYr4Y6-25pahDtXOKzUAJh2m9a-RpO5mL0TjJtcyryA.jpeg?width=108&crop=smart&auto=webp&s=10e0e2a34bce7fc8f162a0404135b24836ae31bd', 'width': 108, 'height': 81}, {'url': 'https://external-preview.redd.it/TYr4Y6-25pahDtXOKzUAJh2m9a-RpO5mL0TjJtcyryA.jpeg?width=216&crop=smart&auto=webp&s=d2ba6589334618157fe92208e3732803253c9f4d', 'width': 216, 'height': 162}, {'url': 'https://external-preview.redd.it/TYr4Y6-25pahDtXOKzUAJh2m9a-RpO5mL0TjJtcyryA.jpeg?width=320&crop=smart&auto=webp&s=a187ecac73f26df48c3f41f513425d374963d825', 'width': 320, 'height': 240}]}], 'enabled': False}",False,"Understanding The War In Europe \_ Analyzing the situation on the ground with by way of an introduction, 3 points, and a conclusion #militaryanalysis #donetsk #blackops 



Combat Briefing Number 1289



""From:"" Colonel A.C. Oguntoye, Infantry Officer

""Subject:"" Operational Progress Report – September 4, 2025

""Classification:"" Strategic Briefing / Analyst Summary

 

\### Situation Overview



On September 4, Russian forces maintained sustained offensive operations while employing precision strikes on Ukraine’s industrial, logistical, and military infrastructure. ""Long-range air- and sea-based weapons and UAVs"" were used to hit ""transport infrastructure, command posts, UAV assembly facilities, and weapons depots"" in 155 locations. Russian air defense assets shot down ""four guided aerial bombs and 299 fixed-wing UAVs"", underscoring the persistent contest in the aerial domain and the effectiveness of Russia’s layered defense doctrine.

 

\### Ground Operations



"" ""North Group (Sumy & Kharkiv):"" Advanced positions and engaged mechanized, airborne assault, and territorial brigades around Chernatskoye, Alekseevka, Yunakovka, and Volchansk. Ukrainian losses: ""180 personnel"", armored vehicles, artillery, and 12 cars. Russian forces also destroyed three material warehouses.



"" ""West Group (Kharkiv, Luhansk, Donetsk):"" Took stronger lines near Kupyansk, Maleevka, Petrovskoye, and Kirovsk. Losses inflicted: ""220+ personnel"", armored vehicles, 15 cars, and artillery, including Western-supplied systems. ""Five EW stations and two depots"" were eliminated, diminishing Ukrainian communications resilience.



"" ""South Group (Donetsk):"" Improved tactical positions in Severesk, Konstantinovka, Fedorovka, and surrounding villages. Ukraine lost ""220 personnel"", armored vehicles, and artillery. Russian forces neutralized ""three EW stations, an ammunition depot, and five supply warehouses"", tightening logistical pressure.



"" ""Center Group (Donetsk):"" Secured advantageous lines in Toretskoye, Krasnoarmeysk, and Krasny Liman. Ukraine’s reported losses: ""440 personnel"", two armored vehicles, and four artillery guns. Operations here targeted multiple brigades, inflicting heavy attrition on infantry and airborne formations.



"" ""East Group (Dnipropetrovsk & Zaporizhzhia):"" Advanced deep into Ukrainian defenses, seizing ""Novoselovka"" in Dnipropetrovsk. Importantly, ""the full liberation of Russian-declared territory in Donetsk was announced as complete"". Ukrainian losses were ""240+ personnel"", 13 vehicles, and a counter-battery radar.



"" ""Dnepr Group (Zaporizhzhia & Kherson):"" Targeted mechanized, coastal defense, and territorial brigades in Belogorye, Malaya Tokmachka, and Antonovka. Ukraine lost ""70+ personnel"", 11 vehicles, and ""six EW stations"". A major ammunition depot was destroyed.

  

\### Operational Analysis & Implications



1. ""Completion of Donetsk Liberation:"" The announcement of full territorial control in Donetsk marks a significant milestone with both symbolic and operational consequences. It consolidates Russian lines and frees forces for operations in Zaporizhzhia and Dnipropetrovsk.



2. ""Systematic Targeting of EW and Radars:"" The destruction of electronic warfare assets and counter-battery systems reflects a deliberate ""counter-ISR campaign"". Ukraine’s ability to coordinate artillery fire and resist Russian advances continues to diminish.



3. ""Attritional Strategy Sustained:"" Ukrainian losses exceeded ""1,370 personnel in one day"", alongside vehicles and artillery systems. This steady attrition, coupled with systemic strikes on depots and supply chains, advances Russia’s strategy of ""gradual depletion of manpower and materiel"".



4. ""Air Denial Reinforced:"" The downing of ""nearly 300 UAVs in a single day"" highlights both Ukraine’s reliance on drone warfare and Russia’s capacity to neutralize it. The contest for aerial reconnaissance and strike remains central.



5. ""Shaping Operations for Southern Front:"" Destruction of depots and EW networks in Zaporizhzhia and Kherson prepares the ground for larger-scale maneuvers, aiming to fracture Ukrainian defenses along the riverine and coastal corridors.

 

\### Strategic Outlook



The September 4 report reflects a campaign entering a consolidation phase in Donetsk while simultaneously shaping new axes of advance. By combining ""territorial milestones with systemic interdiction of Ukrainian logistics and command networks"", Russian forces are creating conditions for deeper offensives in Zaporizhzhia and Dnipropetrovsk. Sustained attrition, coupled with the steady erosion of Ukraine’s sensing and resupply capabilities, suggests Ukraine will face growing difficulty maintaining coherent defensive lines.

 

\#MilitaryAnalysis #UkraineConflict #CombatBriefing #StrategicUpdate #OperationalDoctrine #Donetsk #Zaporizhzhia #Kherson #Sumy #Kharkiv #bf6",False,/r/u_AUC3I_SEC525/comments/1n8b2p5/auc3i_daily_briefing_09042025_on_the_war_in/,u_AUC3I_SEC525,1756994703.0,0,1.0,
