id,url,media,score,title,author,edited,is_self,over_18,preview,spoiler,selftext,stickied,permalink,subreddit,created_utc,num_comments,upvote_ratio,link_flair_text
1n4flo4,https://i.redd.it/a2t8gwh2q8mf1.jpeg,,1,What Squad map would you have wanted to adopt for battlefield 6,Emotinonal_jiggolo,False,False,False,"{'images': [{'id': 'NKZs9eJgpPYEkCeHoJyjwDGqyAhr44RvE0X6KXJ79o8', 'source': {'url': 'https://preview.redd.it/a2t8gwh2q8mf1.jpeg?auto=webp&s=2490b66a86a00b407ed29295746bfdac33f81ec7', 'width': 554, 'height': 554}, 'variants': {}, 'resolutions': [{'url': 'https://preview.redd.it/a2t8gwh2q8mf1.jpeg?width=108&crop=smart&auto=webp&s=64affda3e82c1a847304b74fc3c9c53f76e05ad8', 'width': 108, 'height': 108}, {'url': 'https://preview.redd.it/a2t8gwh2q8mf1.jpeg?width=216&crop=smart&auto=webp&s=0b3ca971b61865e47bce09eb65a2152d485096d9', 'width': 216, 'height': 216}, {'url': 'https://preview.redd.it/a2t8gwh2q8mf1.jpeg?width=320&crop=smart&auto=webp&s=b1d97d752ce0ea83944881b5b6eec20c8617b633', 'width': 320, 'height': 320}]}], 'enabled': True}",False,"I love Squad and I always thought it had great maps. Obviously the maps would be needed to scale to battlefield. But which map would you have wanted to be adopted for bf6

I kinda would want either Chora and Kokan, but honestly most
Maps are really good ",False,/r/Battlefield/comments/1n4flo4/what_squad_map_would_you_have_wanted_to_adopt_for/,Battlefield,1756596100.0,1,1.0,Battlefield 6
1n4falz,https://i.redd.it/aytzdfcjn8mf1.jpeg,,1,Join my server!,Expensive-Stranger64,False,False,False,"{'images': [{'id': 'Y-NHGFquYBcUEbLhGJkJZebnkjURj-y-T-6bqGszfTs', 'source': {'url': 'https://preview.redd.it/aytzdfcjn8mf1.jpeg?auto=webp&s=8fc429d31801a73eab282005218ac8e378528ea0', 'width': 5712, 'height': 4284}, 'variants': {}, 'resolutions': [{'url': 'https://preview.redd.it/aytzdfcjn8mf1.jpeg?width=108&crop=smart&auto=webp&s=1ad4680790e374d3c7c3c84c1fbf8ea6ba2088ab', 'width': 108, 'height': 81}, {'url': 'https://preview.redd.it/aytzdfcjn8mf1.jpeg?width=216&crop=smart&auto=webp&s=1d9023f8afe73253648f5252a37d5393be84ec27', 'width': 216, 'height': 162}, {'url': 'https://preview.redd.it/aytzdfcjn8mf1.jpeg?width=320&crop=smart&auto=webp&s=c5077b28bdea07845543f5f27168478665de1706', 'width': 320, 'height': 240}, {'url': 'https://preview.redd.it/aytzdfcjn8mf1.jpeg?width=640&crop=smart&auto=webp&s=4c4f2359fd01486f6364e2765288fbb0d1eadeb4', 'width': 640, 'height': 480}, {'url': 'https://preview.redd.it/aytzdfcjn8mf1.jpeg?width=960&crop=smart&auto=webp&s=7e18346e99652c1131f68c32b7e30cf7ab1a1981', 'width': 960, 'height': 720}, {'url': 'https://preview.redd.it/aytzdfcjn8mf1.jpeg?width=1080&crop=smart&auto=webp&s=d2ba7abcba475cec7ab7252ecf5275edf33008a2', 'width': 1080, 'height': 810}]}], 'enabled': True}",False,Made a metro server lasting until the launch of BF6 come join up on ps5!! Have fun ,False,/r/Battlefield/comments/1n4falz/join_my_server/,Battlefield,1756595248.0,0,1.0,🪖Only In Battlefield💥
1n4f739,https://www.reddit.com/r/PcBuildHelp/comments/1n4f739/upgrading_from_1660_super/,,1,Upgrading from 1660 Super,RealUserNotBot_1,False,True,False,,False,"I’m looking to upgrade from my now old 1660 super but I can’t decide what’s GPU to go for.

Budget £550 ish
I’ve been eyeing the RTX 5070, 4070 Super and the RX 7800 XT. 
I’ll also be upgrading my cpu in a couple months to a x3d series for what it’s worth. 

Main games: WoW (raid, battleground, mythic+), Tarkov, BF6, Baldurs Gate 3 - and a large backlog of singleplayer games (cyberpunk, Witcher, metro etc etc)
Goal is to be able to play most games at 144ish frames and possibly at around 100-120 on high graphics but I’m more than willing to compromise
Current build:
-1080p 144hz monitor
-CPU: Intel Core i7 9700K 3.6GHz
-Gpu: Gigabyte GeForce GTX 1660 SUPER OC 6G
-Ram: Corsair Vengeance LPX 16 GB (2 x 8 GB) DDR4 3200
-Mobo: MSI Z390-A PRO

",False,/r/PcBuildHelp/comments/1n4f739/upgrading_from_1660_super/,PcBuildHelp,1756594970.0,3,1.0,Build Question
1n4f2oj,https://www.reddit.com/r/pcmasterrace/comments/1n4f2oj/5800x_vs_5700x3d/,,1,5800X vs 5700x3d,de_Mysterious,False,True,False,,False,"
Currently I have an AM4 set up with 5 3600 and 32gb of ram. I was thinking of jumping to AM5 but it doesn't seem worth it.

Should I get a 5800X for 150€ or 5700x3d for 315€? 5700x3d stopped production recently and it's going out of stock in a few days and is only going up in price. I game on 1080p but might make the jump to 1440p at some point, mostly play shooters (the finals, BF6 and apex are the most intensive ones).",False,/r/pcmasterrace/comments/1n4f2oj/5800x_vs_5700x3d/,pcmasterrace,1756594638.0,2,1.0,Discussion
1n4f1ql,https://www.reddit.com/r/AMDHelp/comments/1n4f1ql/5800x_vs_5700x3d/,,1,5800X vs 5700x3d,de_Mysterious,False,True,False,,False,"Currently I have an AM4 set up with 5 3600 and 32gb of ram. I was thinking of jumping to AM5 but it doesn't seem worth it.

Should I get a 5800X for 150€ or 5700x3d for 315€? 5700x3d stopped production recently and it's going out of stock in a few days and is only going up in price. I game on 1080p but might make the jump to 1440p at some point, mostly play shooters (the finals, BF6 and apex are the most intensive ones).",False,/r/AMDHelp/comments/1n4f1ql/5800x_vs_5700x3d/,AMDHelp,1756594558.0,3,1.0,
1n4evme,https://www.reddit.com/r/buildapc/comments/1n4evme/600_budget_upgrade_for_bf6_lowmed_1080p_90_fps/,,1,"~600€ budget upgrade for BF6 (low-med, 1080p 90+ fps) and AAA single-player games (med, 1080p 60+ fps)",Fit_Possession1898,False,True,False,,False,"I've currently got in my cart for 636€:  
RTX 5060 8GB (I know 8 GB, but it seems to be enough for now and I am open to upgrading my GPU in the future)  
32 GB DDR4-3200 CL16  
AMD Ryzen 7 5800x  
650 Watt be quiet! System Power 10 Non-Modular 80+ Bronze  
[This](https://pg.asrock.com/mb/AMD/B550%20Phantom%20Gaming%204/) B550 AM4 Motherboard

I want to stay as close to the 600€ budget as possible, but if you have any suggestions on what to change I'd love to hear it. If there are big gains for like 50€ I would probably go there.  
I am mainly looking forward to BF6 and Subnautica 2 when that releases which is UE5.  
  
Also can anyone just tell me if the motherboard I chose is able to overclock the CPU? I am somehow too stupid to find any info on this",False,/r/buildapc/comments/1n4evme/600_budget_upgrade_for_bf6_lowmed_1080p_90_fps/,buildapc,1756594086.0,5,0.67,Build Help
1n4ere2,https://www.reddit.com/r/PcBuildHelp/comments/1n4ere2/coil_whine_after_changing_fan_curve_of_exhaust_fan/,,2,Coil Whine after changing fan curve of exhaust fan,LingonberrySad7367,False,True,False,,False,"Hi, 

I rebuilt my PC a few weeks ago and everything was fine. I've been testing/playing BF6 Beta/BF 2042/Cod BO6/POE2/Palworld/Space Marine 2. All games work as intended. 

  
My exhaust fan had a frustrating fan curve. After only 40% CPU heat it went to 60% so I increased the CPU heat to 50%. 

  
Afterwards, I started having coil whine with every game. I'm forced to either turn Vsync on or to reduce FPS to 120 or 90 depending on the game (from basically unlimited FPS). (Note: turning off monitor during gameplay also removes coil whine)

**What I've tried so far:** 

* Reverting the changes I made with the fan curves. 
* Installing latest drivers.
* Checking all cables, removing GPU and cooler
* Replacing monitor cables. (Currently using display but I tried HDMI as well)

Anyone has any ideas how changing a fan curve could affect a GPU in such a manner and how I could solve this? 

**My build:** 

* MSI 870E Tomahawk
* 9800x3d
* RTX 4070TI
* be quiet! Straight Power 12 1000 W
* NH-D15 G2
* Exhaust fan: Noctua NF-A14x25 G2
* Games are installed on M2 drives
* 2k screen 144hz

  
Thanks ",False,/r/PcBuildHelp/comments/1n4ere2/coil_whine_after_changing_fan_curve_of_exhaust_fan/,PcBuildHelp,1756593754.0,4,1.0,Tech Support
1n4enu1,https://www.reddit.com/gallery/1n4enu1,,3,Guys! I have some cool concepts for BF6 to make classic large maps!,AutisticBallz852,False,False,False,,False,"Caspian Border, Golmud Railway, Banda Dessert, Gulf of Oman, St Quentin Scar and Locker!
What do you think? I think the rejusted are very big as players expect and also it will be very intensive! In this huge maps, you enjoy tank and heli fight !!
",False,/r/Battlefield/comments/1n4enu1/guys_i_have_some_cool_concepts_for_bf6_to_make/,Battlefield,1756593482.0,6,0.62,Battlefield 6
1n4ehan,https://www.reddit.com/r/cachyos/comments/1n4ehan/steam_not_picking_up_my_drives/,,2,Steam not picking up my drives,Vylin,False,True,False,,False,"I installed CachyOS this morning after using Nobara for a bit, everything was going great however when I went to setup steam I was not able to select my 2 drives where my games are installed.

I'm dual booting win11 and Linux so the drives are formatted in NTFS, I was able to add them into fstab successfully so they auto mount on startup but steam was not able to see them to add as storage.

Has anyone run into this? I was hoping I could keep them as NTFS drives so I could switch back to Win11 for specific games like BF6.",False,/r/cachyos/comments/1n4ehan/steam_not_picking_up_my_drives/,cachyos,1756592969.0,3,1.0,Help
1n4efoz,https://www.reddit.com/r/Battlefield/comments/1n4efoz/the_unspoken_importance_of_bfs_single_player/,,1,The Unspoken Importance of BF’s Single Player Experiences,Sir_Caerulus,False,True,False,,False,"This is something i haven’t personally seen discussed very often in the BF community, but something I feel warrants, in retrospect, an in-depth appreciation from fans.

Typically BF (outside of BC1&2) doesn’t have as phenomenal of single-player experiences next to other FPS mainstays, but following Bad Company’s success, they were always there for those who enjoyed immersing themselves into the setting & story behind the conflicts depicted on the MP maps between the game’s factions. 

Battlefield 3, 4, & Hardline’s campaigns I would rank behind BC1&2, but they were still lengthy & complete stories with characters & (vitally) a WORLD to become engrossed with, attached to, & invested in for reasons beyond the core gameplay experience. 

While BF1 & V put less focus into the single player experience, the spirit behind each title’s inclusion of what they would dub ‘War Stories’ was uniform with what they’d managed to accomplish with their previous story-driven experiences, in regards to what it could provide for players seeking context around the bloodshed. 

Battlefield shines when it’s able to both give players a fun sandbox to fight in & give it’s conflicts a narrative weight that turns each map into a unique piece of the larger war this world is crumbling under the pressure of. 

2042 failing to deliver on that seemingly small element to the overall player experience cemented its place as a game BF fans would not be rewarded/encouraged to see through to the end of its planned roadmap. 

When all was said & done, despite the restoration done to make it a complete product, the game couldn’t explain why we’re once again in a grand conflict on the sands of Iwo Jima, nearly 100 years after WWII. Even with fun gunplay & the largest player counts yet duking it out - the experience felt undoubtedly hollow compared to all of its predecessors. 

I am incredibly intrigued by the factions and map settings of BF6, & that’s primarily because we have the comfort of knowing a single player campaign is making its return, & will surely flesh out the machinations driving this world’s war machine, & the motivations behind each & every gunfight we, the player, throw ourselves into.

In closing, I’m pleased BF seems to be choosing to once again craft a full world with this title, rather than merely a refined product. There’s nothing more engaging than the feeling of an *objective* serving a *purpose*, grounded in the reality the game puts you knee deep in. 

It’s gonna be a good year, guys",False,/r/Battlefield/comments/1n4efoz/the_unspoken_importance_of_bfs_single_player/,Battlefield,1756592844.0,1,0.67,Discussion
1n4dfi8,https://www.reddit.com/r/pcmasterraceFR/comments/1n4dfi8/pc_config_max_1000e/,,1,Pc config max 1000e,D0udz,False,True,False,,False,"Hello à tous,
Je souhaite monter mon propre pc gamer pour jouer en 1080p dans de très bonnes conditions à des jeux tels que bf6, warzone, valorant, gta 5. Voire en 1440p si possible.

Que pensez vous de cette config ?
https://fr.pcpartpicker.com/list/H9TJrM

Merci à tous !",False,/r/pcmasterraceFR/comments/1n4dfi8/pc_config_max_1000e/,pcmasterraceFR,1756590163.0,4,1.0,Gaming
1n4dc47,https://www.reddit.com/r/battlefield2042/comments/1n4dc47/game_crashes_or_restarts_my_pc_this_is_the_only/,,2,Game crashes OR restarts my pc. This is the only time I have gotten an error message. Same thing happened with the BF6 beta also. No other games do this.,Squiremor,False,True,False,,False,"https://preview.redd.it/ztc1vuk978mf1.png?width=477&format=png&auto=webp&s=2f5b78bd3659f9809b0f31d339a1f6e42658aae1

I have been trying to level the free pass and within 5 mins to up to 2 hours the game will either A: Crash, B: Restart my entire system or C: Crash and show me this error message. Please send help.",False,/r/battlefield2042/comments/1n4dc47/game_crashes_or_restarts_my_pc_this_is_the_only/,battlefield2042,1756589906.0,1,1.0,Question
1n4d0w9,https://www.reddit.com/r/AdultGamers/comments/1n4d0w9/31m_uk_pc_looking_for_more_friends/,,2,31M UK PC looking for more friends :),Rakesto,False,True,False,,False,"Hey, I'm 31, expecting my first baby in about 7 weeks. GMT UK time zone

I like to play semi seriously most of the time as I don't like just being carried, find it very boring. Used to enjoy more competitive play but I don't have time for that. I'll still play without a care in the world with more casual games though😊

Right now I'm mostly playing OSRS and World of Tanks. Got loooaads of other options, played all sorts over the years from Battlefield to League to Command & Conquer games and PoE, and also waiting for BF6 launch to see if it's worth getting, the beta was fun at least

Drop me a message if you wanna chat and play anything! ",False,/r/AdultGamers/comments/1n4d0w9/31m_uk_pc_looking_for_more_friends/,AdultGamers,1756589095.0,1,0.75,LFG
1n4cv9m,https://www.reddit.com/r/Battlefield/comments/1n4cv9m/the_key_for_bf6_isnt_the_launch_its_a_successful/,,12,The key for BF6 isn't the launch - it's a successful Season 1,PiccoloTop3186,False,True,False,,False,"BFV and 2042, the only post-premium examples we have, were the most disappointing post-launch Battlefields in the series. I am not worried about BF6 at launch; the beta was a success and all the maps look at least serviceable. What I want to see is a meaty amount of content soon after launch. A Season 1 that comes out a month later in November, to compete with COD, that has at least 3 maps and added weapons and vehicles, is absolutely crucial. One map every 3 months is not going to cut it anymore.

I look forward to seeing if Dice and BF Studios can prove they can handle a post-launch schedule that rivals the days of BF3 and BF4.",False,/r/Battlefield/comments/1n4cv9m/the_key_for_bf6_isnt_the_launch_its_a_successful/,Battlefield,1756588685.0,19,0.77,Battlefield 6
1n4ctsy,https://www.reddit.com/r/Battlefeild2042/comments/1n4ctsy/ban_afk_xp_servers/,,0,BAN AFK XP servers,Chemical-Debate1888,False,True,False,,False,"takes me 30 mins to host a portal server for EE. before afk xp servers was a thing. took me couple mins max to host one.

also when playing a normal AOW match. i get server issues due it being overflowing.

played this game since day one. never had this bad of an issues before till now.

yall scummy lazy people complaining about reward track xp being forever and dont wanna play it. Dice gave yall 45-60 days to complete it. all weekly challenges in total is 28 tiers. aslo due to being 45-60 days long to complete Reward track. thats 1-2 tiers per day. all you new people bought the game for 3 usd. thats hella cheap compared to when i preordered the game. and yall don't have to play it as much till BF6 comes out.

last thing, playing the game gives the most xp compared to afk xp servers. afk xp server 8 hrs overnight i got maybe 3 tiers. compared to 8hr gametime with weekly challenges done that week. i gained 24 tiers",False,/r/Battlefeild2042/comments/1n4ctsy/ban_afk_xp_servers/,Battlefeild2042,1756588578.0,4,0.5,
1n4ct3i,https://i.redd.it/5svvl75dj5mf1.png,,0,"DICE, eu nunca te pedi nada, mas o Brasil merece pelo menos um mapa nesse BF6!!! Eu só quero derrubar árvores nos meus inimigos.",SollidSnak3,False,False,False,"{'images': [{'id': 's7UNKybtxZjPCJbXM02vmig2rA_mQ-VNvQmtPSUWw4I', 'source': {'url': 'https://preview.redd.it/5svvl75dj5mf1.png?auto=webp&s=d5882ad0c9b01b4144d823e264241009d5105d52', 'width': 1080, 'height': 1920}, 'variants': {}, 'resolutions': [{'url': 'https://preview.redd.it/5svvl75dj5mf1.png?width=108&crop=smart&auto=webp&s=a2a9e6328ef685406b735bf833800e553174cc5c', 'width': 108, 'height': 192}, {'url': 'https://preview.redd.it/5svvl75dj5mf1.png?width=216&crop=smart&auto=webp&s=1551987fba96758fc85993e194499207f9f52fe9', 'width': 216, 'height': 384}, {'url': 'https://preview.redd.it/5svvl75dj5mf1.png?width=320&crop=smart&auto=webp&s=fde3bd829a9fef903372102e0620dd6e97d6f2bc', 'width': 320, 'height': 568}, {'url': 'https://preview.redd.it/5svvl75dj5mf1.png?width=640&crop=smart&auto=webp&s=4c6c7b4981620412a3c17002c95860558ef6e132', 'width': 640, 'height': 1137}, {'url': 'https://preview.redd.it/5svvl75dj5mf1.png?width=960&crop=smart&auto=webp&s=4a04fe18dcb1f169cf54199cc12ce1f02a4d50d3', 'width': 960, 'height': 1706}, {'url': 'https://preview.redd.it/5svvl75dj5mf1.png?width=1080&crop=smart&auto=webp&s=0231ed8ef5ccf1f088ab8ddd88140dca2c5586b2', 'width': 1080, 'height': 1920}]}], 'enabled': True}",False,,False,/r/Battlefield6/comments/1n4ct3i/dice_eu_nunca_te_pedi_nada_mas_o_brasil_merece/,Battlefield6,1756588530.0,1,0.23,Discussion
1n4cs8z,https://www.reddit.com/r/pcmasterrace/comments/1n4cs8z/switching_from_mouse_to_controller_due_to_injury/,,2,Switching from mouse to controller due to injury.,Gohardgrandpa,1756588660.0,True,False,,False,"Sorry but I’ve got some questions and hopefully y’all can help me out with this. 

My right wrist is done, I can’t place my hand to where my palm faces down. My thumb, index and middle finger have full range of motion still. I can use my phone one handed so holding a controller should be ok. 

I’m unable to use a mouse with my right hand and I’m not ambidextrous. I can’t even twist the cap off a bottle of aleve it’s so bad. Old age and wear n tear has caught up to me. 

I’ve been on pc for over 25 years with mouse and keyboard. This injury is really getting to me, not being able to enjoy my lifelong hobby sucks. I’ve already paid for BF6 and Borderlands 4 and I was really looking forward to playing them. 

Is there a good lightweight controller I can use on pc that’s not junk? I’m not worried about the price and it can be wired/wireless I don’t mind that. 

Has anyone here changed from mouse to controller? If so how was the switch and is there any tips you can give me? Is it harder to aim accurately?



",False,/r/pcmasterrace/comments/1n4cs8z/switching_from_mouse_to_controller_due_to_injury/,pcmasterrace,1756588468.0,4,1.0,Discussion
1n4cr9n,https://i.redd.it/5svvl75dj5mf1.png,,0,"DICE, eu nunca te pedi nada, mas o Brasil merece pelo menos um mapa nesse BF6!!! Eu só quero derrubar árvores nos meus inimigos.",SollidSnak3,False,False,False,"{'images': [{'id': 's7UNKybtxZjPCJbXM02vmig2rA_mQ-VNvQmtPSUWw4I', 'source': {'url': 'https://preview.redd.it/5svvl75dj5mf1.png?auto=webp&s=d5882ad0c9b01b4144d823e264241009d5105d52', 'width': 1080, 'height': 1920}, 'variants': {}, 'resolutions': [{'url': 'https://preview.redd.it/5svvl75dj5mf1.png?width=108&crop=smart&auto=webp&s=a2a9e6328ef685406b735bf833800e553174cc5c', 'width': 108, 'height': 192}, {'url': 'https://preview.redd.it/5svvl75dj5mf1.png?width=216&crop=smart&auto=webp&s=1551987fba96758fc85993e194499207f9f52fe9', 'width': 216, 'height': 384}, {'url': 'https://preview.redd.it/5svvl75dj5mf1.png?width=320&crop=smart&auto=webp&s=fde3bd829a9fef903372102e0620dd6e97d6f2bc', 'width': 320, 'height': 568}, {'url': 'https://preview.redd.it/5svvl75dj5mf1.png?width=640&crop=smart&auto=webp&s=4c6c7b4981620412a3c17002c95860558ef6e132', 'width': 640, 'height': 1137}, {'url': 'https://preview.redd.it/5svvl75dj5mf1.png?width=960&crop=smart&auto=webp&s=4a04fe18dcb1f169cf54199cc12ce1f02a4d50d3', 'width': 960, 'height': 1706}, {'url': 'https://preview.redd.it/5svvl75dj5mf1.png?width=1080&crop=smart&auto=webp&s=0231ed8ef5ccf1f088ab8ddd88140dca2c5586b2', 'width': 1080, 'height': 1920}]}], 'enabled': True}",False,,False,/r/Battlefield6/comments/1n4cr9n/dice_eu_nunca_te_pedi_nada_mas_o_brasil_merece/,Battlefield6,1756588399.0,0,0.36,Discussion
1n4cou3,https://i.redd.it/21alou0h28mf1.png,,18,The Dissapointment Of This Achievement Not Popping Is Immeasurable......,CoffeeMonster1994,False,False,False,"{'images': [{'id': 'hu8YDS762X5R1KOyLyTh10BbRJ_APnYFZC34XnOIvnc', 'source': {'url': 'https://preview.redd.it/21alou0h28mf1.png?auto=webp&s=23bd83252d6923a06c90e2ef82e18fb5920e8f78', 'width': 710, 'height': 294}, 'variants': {}, 'resolutions': [{'url': 'https://preview.redd.it/21alou0h28mf1.png?width=108&crop=smart&auto=webp&s=6701eae7f3bf93db9e6fabd0d59ecd4655c2faa4', 'width': 108, 'height': 44}, {'url': 'https://preview.redd.it/21alou0h28mf1.png?width=216&crop=smart&auto=webp&s=9d43a779295de98ae2f42f53b6c0929770d4952e', 'width': 216, 'height': 89}, {'url': 'https://preview.redd.it/21alou0h28mf1.png?width=320&crop=smart&auto=webp&s=c6f1e12d27f08ba0267c8b59c29b23f494c27709', 'width': 320, 'height': 132}, {'url': 'https://preview.redd.it/21alou0h28mf1.png?width=640&crop=smart&auto=webp&s=0c7d72443cf77be391d22da638709070fa19247b', 'width': 640, 'height': 265}]}], 'enabled': True}",False,"Last achievement 'Wheeled Warrior' in BF2042 decided it doesn't want to work, known issue apparently! (EA Support)

Was hoping to get it 100% before BF6....",False,/r/steamachievements/comments/1n4cou3/the_dissapointment_of_this_achievement_not/,steamachievements,1756588221.0,12,0.92,
1n4ccmy,https://www.reddit.com/r/Battlefield/comments/1n4ccmy/battlefield_4_rented_server/,,2,Battlefield 4 rented server,Expensive-Stranger64,False,True,False,,False,I have a question. So I just rented a battlefield 4 server on ps5 until the launch of BF6 but when I go in the server it says 800 tickets even when I set the ticket count to 400% which is 3200 tickets???,False,/r/Battlefield/comments/1n4ccmy/battlefield_4_rented_server/,Battlefield,1756587354.0,3,1.0,🪖Only In Battlefield💥
1n4casy,https://i.redd.it/4idygssnz7mf1.png,,77,Would you like to see Carrier Assault return in BF6? Do you think in theory it could be made in Portal?,AllFatherMedia93,False,False,False,"{'images': [{'id': 'GX3Y6PnMFBpQX6vPuvKfHgNfa7AzIkb1QmwUkmysCG4', 'source': {'url': 'https://preview.redd.it/4idygssnz7mf1.png?auto=webp&s=3f1c21aefa578cab1d9db78b6d471c3f7174c153', 'width': 618, 'height': 348}, 'variants': {}, 'resolutions': [{'url': 'https://preview.redd.it/4idygssnz7mf1.png?width=108&crop=smart&auto=webp&s=f712d7411eb1436331a856c04677e3c15883f48c', 'width': 108, 'height': 60}, {'url': 'https://preview.redd.it/4idygssnz7mf1.png?width=216&crop=smart&auto=webp&s=f33122ac1e8cd21fdc52efa15f5bab4f10893880', 'width': 216, 'height': 121}, {'url': 'https://preview.redd.it/4idygssnz7mf1.png?width=320&crop=smart&auto=webp&s=a37a17ed1f0356c17b9f84cef0df770a698323d6', 'width': 320, 'height': 180}]}], 'enabled': True}",False,,False,/r/Battlefield/comments/1n4casy/would_you_like_to_see_carrier_assault_return_in/,Battlefield,1756587219.0,14,0.97,Battlefield Portal
1n4c795,https://www.reddit.com/r/battlefield2042/comments/1n4c795/are_the_severs_overwhelmed_rubberbanding_on/,,20,Are the severs overwhelmed? Rubber-banding on weekend,DangerousAd7295,False,True,False,,False,"Hey all, 

I think the servers are overwhelmed, I am rubber banding like crazy on Conquest when the prior weeks have been fine. 

Is everyone afk farming on portal and just the mass rush to play this game for BF6 skins causing the EA servers to be saturated?

This is the only explanation I can see.

EA when are you going to fix this? 

",False,/r/battlefield2042/comments/1n4c795/are_the_severs_overwhelmed_rubberbanding_on/,battlefield2042,1756586963.0,17,0.95,Concern
1n4c754,https://v.redd.it/4drni1l1t7mf1,"{'reddit_video': {'width': 1280, 'height': 720, 'is_gif': False, 'hls_url': 'https://v.redd.it/4drni1l1t7mf1/HLSPlaylist.m3u8?a=1759188424%2CZjExMTNlZDg3NTY5ODAwZmY3N2NkNTRkNzM2ZGMxYzZiYjc3MWYzNzgyZDMzNjYwN2IyMjE0NjUwYzJmY2ZkNQ%3D%3D&v=1&f=sd', 'dash_url': 'https://v.redd.it/4drni1l1t7mf1/DASHPlaylist.mpd?a=1759188424%2CZDU5MDJmMDU5ZGNlMzIxYWViOTY5OWZkZDhjMzI5YjViZjMyY2IxZmY0MDhjMzY5Mjg5NzQ3MGNiMDdiMmJlMg%3D%3D&v=1&f=sd', 'duration': 54, 'has_audio': True, 'bitrate_kbps': 2400, 'fallback_url': 'https://v.redd.it/4drni1l1t7mf1/DASH_720.mp4?source=fallback', 'scrubber_media_url': 'https://v.redd.it/4drni1l1t7mf1/DASH_96.mp4', 'transcoding_status': 'completed'}}",71,chopper comms voice acting comparison (BF6) 2025 vs Medal of honor 2010,New_Age6338,False,False,False,"{'images': [{'id': 'Yjh2NWE5M3B5N21mMca9xrb64eumNOvtySSJezqUnogn2cnvn-PGSYhFgYF6', 'source': {'url': 'https://external-preview.redd.it/Yjh2NWE5M3B5N21mMca9xrb64eumNOvtySSJezqUnogn2cnvn-PGSYhFgYF6.png?format=pjpg&auto=webp&s=1559e396d8f4528f80d4f9d1cad8a4e50a61f593', 'width': 1392, 'height': 782}, 'variants': {}, 'resolutions': [{'url': 'https://external-preview.redd.it/Yjh2NWE5M3B5N21mMca9xrb64eumNOvtySSJezqUnogn2cnvn-PGSYhFgYF6.png?width=108&crop=smart&format=pjpg&auto=webp&s=7899e5ef3baf950b2b64c65e0ae86589937fa51f', 'width': 108, 'height': 60}, {'url': 'https://external-preview.redd.it/Yjh2NWE5M3B5N21mMca9xrb64eumNOvtySSJezqUnogn2cnvn-PGSYhFgYF6.png?width=216&crop=smart&format=pjpg&auto=webp&s=3c31e37e13bc2d3e780c8ebf98d7b7d17528dc65', 'width': 216, 'height': 121}, {'url': 'https://external-preview.redd.it/Yjh2NWE5M3B5N21mMca9xrb64eumNOvtySSJezqUnogn2cnvn-PGSYhFgYF6.png?width=320&crop=smart&format=pjpg&auto=webp&s=c3e5e921a7fd361a444eddf9e7d44f571f6afd72', 'width': 320, 'height': 179}, {'url': 'https://external-preview.redd.it/Yjh2NWE5M3B5N21mMca9xrb64eumNOvtySSJezqUnogn2cnvn-PGSYhFgYF6.png?width=640&crop=smart&format=pjpg&auto=webp&s=3f6ae1264eb8f62bbc4c75c98ac5785daa9d3cf9', 'width': 640, 'height': 359}, {'url': 'https://external-preview.redd.it/Yjh2NWE5M3B5N21mMca9xrb64eumNOvtySSJezqUnogn2cnvn-PGSYhFgYF6.png?width=960&crop=smart&format=pjpg&auto=webp&s=31cda7d0563faf2d4b8761f0314a9d168b4f11d2', 'width': 960, 'height': 539}, {'url': 'https://external-preview.redd.it/Yjh2NWE5M3B5N21mMca9xrb64eumNOvtySSJezqUnogn2cnvn-PGSYhFgYF6.png?width=1080&crop=smart&format=pjpg&auto=webp&s=5bd6656381874654dcefb3acd4ba502ba50fa7fb', 'width': 1080, 'height': 606}]}], 'enabled': False}",False,,False,/r/Battlefield/comments/1n4c754/chopper_comms_voice_acting_comparison_bf6_2025_vs/,Battlefield,1756586956.0,116,0.64,Battlefield 6
1n4c66t,https://i.redd.it/097bw4xny7mf1.png,,58,Bf6 needs service stars!,zombieDog50,False,False,False,"{'images': [{'id': 'cDoTXjxluKk7tUy1IbcRiJK6NMnDEhdWGV39dEGm5Ks', 'source': {'url': 'https://preview.redd.it/097bw4xny7mf1.png?auto=webp&s=b485d4b643897208725734e542faaa43a20cc273', 'width': 1440, 'height': 809}, 'variants': {}, 'resolutions': [{'url': 'https://preview.redd.it/097bw4xny7mf1.png?width=108&crop=smart&auto=webp&s=61ab888a567360d16ee8dedb6b1ec9f7a9d9e82e', 'width': 108, 'height': 60}, {'url': 'https://preview.redd.it/097bw4xny7mf1.png?width=216&crop=smart&auto=webp&s=9e76e0827a59748a5d41f9021d4dd8d718796bb0', 'width': 216, 'height': 121}, {'url': 'https://preview.redd.it/097bw4xny7mf1.png?width=320&crop=smart&auto=webp&s=405e306dd9474cfc251398f3ab54bd6b12c24fc1', 'width': 320, 'height': 179}, {'url': 'https://preview.redd.it/097bw4xny7mf1.png?width=640&crop=smart&auto=webp&s=cab6b719f6375f9e278c35bacd36e4dd964cda8c', 'width': 640, 'height': 359}, {'url': 'https://preview.redd.it/097bw4xny7mf1.png?width=960&crop=smart&auto=webp&s=d62faa356459f69618196978467b4c022f9f9e7b', 'width': 960, 'height': 539}, {'url': 'https://preview.redd.it/097bw4xny7mf1.png?width=1080&crop=smart&auto=webp&s=ff2847f6c950d518c62224744594572f1c72c0da', 'width': 1080, 'height': 606}]}], 'enabled': True}",False,"Hoping bf6 gets thre same weapon/equipment/class stars system bf3, bf4, hardline, and bf1 had. Going for 100 stars on something or just having some goal was always fun. Getting killed by someone who had 100 stars with a claymore or just something was also cool to see. Gave a purpose to using something and showing it off. Would deffinity give motivation to playing in the long run in my opinion.",False,/r/Battlefield/comments/1n4c66t/bf6_needs_service_stars/,Battlefield,1756586883.0,2,0.97,🪖Only In Battlefield💥
1n4c1l1,https://www.reddit.com/r/battlefield2042/comments/1n4c1l1/not_good/,,0,not good,Smok3r420,False,True,False,,False,"after playing to lvl 36 normally on battlepass, im now just gonna go on AFK servers and farm xp there  
i really enjoyed bf6, but this game leaves alot to be desired. bad hitreg, i shoot nearly half a mag to a mag  in someone, they run around a corner, pop out somewhere else or simply turn around  and shoot me 2-4 times and im dead, cant even react, nothing.   
i always get on a incompetent team where we get absolutely steamrolled, i never get good squads, who play the objective toghether, maybe once in a full moon ( i play okay, i usually am at top 5 on my team )   
ping and packet loss issues constantly ( i have a 500/500 fiberoptic internet ) so it isnt me, i do not have these issues in any other games.

i could go on and on

i am done this game is actually trash, i remember why i played it for a few days some years ago, stopped and didnt touch it again until this battlepass. maybe we see eachother in afk xp grind servers, if not see ya on BF6  
sorry for the vent",False,/r/battlefield2042/comments/1n4c1l1/not_good/,battlefield2042,1756586555.0,2,0.29,Discussion
1n4bhes,https://www.reddit.com/r/Battlefield/comments/1n4bhes/i_played_mw2019_ground_war_last_night_and_it/,,0,I played MW2019 Ground War last night and it reminded me why BF6 needs persistent servers.,Narrow-Musician-3174,1756585329.0,True,False,,False,"I got stuck playing the same damn map 3 times in a row because the match making system insists on forcing a lobby shuffle between every single game, and it fucking sucks! Seriously. Fuck this kind of match making system. There was nothing wrong with the old system that would keep players in a server until they leave, which allowed full map rotation! ",False,/r/Battlefield/comments/1n4bhes/i_played_mw2019_ground_war_last_night_and_it/,Battlefield,1756585103.0,0,0.25,Battlefield 6
1n4bevc,https://youtu.be/BoUJ6LG-u4Y?si=T4eo5R3wGbXVcqaJ,"{'type': 'youtube.com', 'oembed': {'html': '<iframe width=""356"" height=""200"" src=""https://www.youtube.com/embed/BoUJ6LG-u4Y?feature=oembed&enablejsapi=1"" frameborder=""0"" allow=""accelerometer; autoplay; clipboard-write; encrypted-media; gyroscope; picture-in-picture; web-share"" referrerpolicy=""strict-origin-when-cross-origin"" allowfullscreen title=""BATTLEFIELD 6 - JAY Z | &#39;99&#39; - REMAKE #jayz #battlefield6""></iframe>', 'type': 'video', 'title': ""BATTLEFIELD 6 - JAY Z | '99' - REMAKE #jayz #battlefield6"", 'width': 356, 'height': 200, 'version': '1.0', 'author_url': 'https://www.youtube.com/@noxcinematic6407', 'author_name': 'Nox Cinematic', 'provider_url': 'https://www.youtube.com/', 'provider_name': 'YouTube', 'thumbnail_url': 'https://i.ytimg.com/vi/BoUJ6LG-u4Y/hqdefault.jpg', 'thumbnail_width': 480, 'thumbnail_height': 360}}",0,Battlefield 6 '99 Problems' Remade! 🔥 #bf3 #bf6,Nox-Cinematic_YT,False,False,False,"{'images': [{'id': 'zRUpjUswgDl4vJUIh983ObJ_D2z1wf1izXH5LyHLe4o', 'source': {'url': 'https://external-preview.redd.it/zRUpjUswgDl4vJUIh983ObJ_D2z1wf1izXH5LyHLe4o.jpeg?auto=webp&s=8467362a35f6d9e3ac55c49ff466e841a055bdb2', 'width': 480, 'height': 360}, 'variants': {}, 'resolutions': [{'url': 'https://external-preview.redd.it/zRUpjUswgDl4vJUIh983ObJ_D2z1wf1izXH5LyHLe4o.jpeg?width=108&crop=smart&auto=webp&s=1e1e5db318d8d3ca4a6e0c4cd49698f6f66774b6', 'width': 108, 'height': 81}, {'url': 'https://external-preview.redd.it/zRUpjUswgDl4vJUIh983ObJ_D2z1wf1izXH5LyHLe4o.jpeg?width=216&crop=smart&auto=webp&s=2306b0fb557e9a4acb1b990166eec3a82bfe9ec2', 'width': 216, 'height': 162}, {'url': 'https://external-preview.redd.it/zRUpjUswgDl4vJUIh983ObJ_D2z1wf1izXH5LyHLe4o.jpeg?width=320&crop=smart&auto=webp&s=d5db2fbfaec48696b9583008ddf8b543c7292699', 'width': 320, 'height': 240}]}], 'enabled': False}",False,,False,/r/Battlefield6/comments/1n4bevc/battlefield_6_99_problems_remade_bf3_bf6/,Battlefield6,1756584916.0,1,0.5,Fan Content
1n4baxt,https://youtu.be/BoUJ6LG-u4Y?si=T4eo5R3wGbXVcqaJ,"{'type': 'youtube.com', 'oembed': {'html': '<iframe width=""356"" height=""200"" src=""https://www.youtube.com/embed/BoUJ6LG-u4Y?feature=oembed&enablejsapi=1"" frameborder=""0"" allow=""accelerometer; autoplay; clipboard-write; encrypted-media; gyroscope; picture-in-picture; web-share"" referrerpolicy=""strict-origin-when-cross-origin"" allowfullscreen title=""BATTLEFIELD 6 - JAY Z | &#39;99&#39; - REMAKE #jayz #battlefield6""></iframe>', 'type': 'video', 'title': ""BATTLEFIELD 6 - JAY Z | '99' - REMAKE #jayz #battlefield6"", 'width': 356, 'height': 200, 'version': '1.0', 'author_url': 'https://www.youtube.com/@noxcinematic6407', 'author_name': 'Nox Cinematic', 'provider_url': 'https://www.youtube.com/', 'provider_name': 'YouTube', 'thumbnail_url': 'https://i.ytimg.com/vi/BoUJ6LG-u4Y/hqdefault.jpg', 'thumbnail_width': 480, 'thumbnail_height': 360}}",8,Battlefield 6 '99 Problems' Remade! 🔥 #bf3 #bf6,Nox-Cinematic_YT,False,False,False,"{'images': [{'id': 'zRUpjUswgDl4vJUIh983ObJ_D2z1wf1izXH5LyHLe4o', 'source': {'url': 'https://external-preview.redd.it/zRUpjUswgDl4vJUIh983ObJ_D2z1wf1izXH5LyHLe4o.jpeg?auto=webp&s=8467362a35f6d9e3ac55c49ff466e841a055bdb2', 'width': 480, 'height': 360}, 'variants': {}, 'resolutions': [{'url': 'https://external-preview.redd.it/zRUpjUswgDl4vJUIh983ObJ_D2z1wf1izXH5LyHLe4o.jpeg?width=108&crop=smart&auto=webp&s=1e1e5db318d8d3ca4a6e0c4cd49698f6f66774b6', 'width': 108, 'height': 81}, {'url': 'https://external-preview.redd.it/zRUpjUswgDl4vJUIh983ObJ_D2z1wf1izXH5LyHLe4o.jpeg?width=216&crop=smart&auto=webp&s=2306b0fb557e9a4acb1b990166eec3a82bfe9ec2', 'width': 216, 'height': 162}, {'url': 'https://external-preview.redd.it/zRUpjUswgDl4vJUIh983ObJ_D2z1wf1izXH5LyHLe4o.jpeg?width=320&crop=smart&auto=webp&s=d5db2fbfaec48696b9583008ddf8b543c7292699', 'width': 320, 'height': 240}]}], 'enabled': False}",False,"**Hey all!**

**Recreated the BF3 JAYZ 99 PROBLEMS Advert - But inside BF6!**

Some fan content here so hope you enjoy :) 

PS: Was harder than it looked.

1. Tried to use gameplay not trailers - That does not work well so chose footage for abstract parts of BF6 trailers / Media.

2. All the original footage had either music or Dev talking over the top. I had to start from scratch. The audio is either BF6 sounds or Epidemic Sounds layered over silent footage. Even some of the sounds I spent ages on cannot be heard because of the main music/song.

3. I had to match all BF6 footage / activity at that specific time to the music which includes sound effects in. This was to best match the original where possible and to make it make sense.",False,/r/Battlefield/comments/1n4baxt/battlefield_6_99_problems_remade_bf3_bf6/,Battlefield,1756584637.0,6,0.79,Fan Content
1n4bae8,https://www.reddit.com/r/Eve/comments/1n4bae8/battle_of_ranni_my_little_dread_pop/,,5,Battle of Ranni : My little Dread Pop,Lhocon,False,True,False,,False,"**BR**:https://br.evetools.org/br/68b2ed8e4ff6700012d90f77

https://preview.redd.it/5ifbpm1bq7mf1.png?width=1337&format=png&auto=webp&s=32965cfa6afcc505daf9deed05715e4d244b1c7f

**AAR**:  
[After seeing this post,](https://www.reddit.com/r/Eve/comments/1n26qfg/my_little_soda_pop/) our mighty FC, Errestrian, stopped humpunching alliance haulers and cheered up a bit.

The alliance members could relax, since when uncle erres is in a good mood he just plays Age of Empires instead of throwing us into crazy OPs. 

This day, everyone was just chilling in their own way like heading off to the Osaka Expo, swapping army stories and triggering their PTSD, or arguing about whether to buy BF6 or Pokémon this October.   
I was trawling the dark web for otokonoko Reshiram to salvage a losing argument, when out of nowhere a Discord ping went off.

*""I wanna dread pop*"" Errestrian yelled, and called his fleet.

The Reshiram I found was a masterpiece so I thought about ignoring the ping but with full SRP promised, I undocked my dreads.

Our FC figured Metenox was a vending machine for dread pops, and ordered the entire fleet to bash SC's Metenox. Since that was on its hull timer, SC and their ally forces quickly showed up.

In the Low sec tradition, the proper greeting is dropping dreadnaughts.  
A Hostile Pilgrim uncloaked and in no time the fight escalated into a full dread brawl.

Hostile fleet focused on our FAX, while we focused on their dreads cas we were there to make dread pops.  
I think this was what decided the course of the battle.   
After we made enough dread pops, FC gave the order to withdraw.

Enough with the nonsense, big thanks to all capsuleers who joined this fight o7  
A good battle doesn't happen without people showing up.",False,/r/Eve/comments/1n4bae8/battle_of_ranni_my_little_dread_pop/,Eve,1756584599.0,0,1.0,Battle Report
1n4b9bu,https://www.reddit.com/r/battlefield2042/comments/1n4b9bu/road_to_bf6_building_the_real_bp_xp_curve_share/,,0,Road to BF6: Building the real BP XP curve — share your level + XP needed for next level,axeler0d,False,True,False,,False,"Hi! I’m collecting real numbers for how much XP is needed for the next Battle Pass level at different levels. I’ll feed this into AI to approximate total grind time for AFK farming (I barely play actively).

My current data:

Level 10 → 11: 9,250 XP per BP point

Level 11 → 12: 9,750 XP per BP point

~Level 40: 30,000 XP per BP point (from a video)


My farming pace: 34,000 XP / 30 min on weekends with 2× (no missions), and 17,000 XP / 30 min on weekdays.

Also:
— If you know any faster but legit AFK methods (Portal presets/server settings), please share.
— If there’s already a public sheet/post with the full XP curve, a link would be awesome.

",False,/r/battlefield2042/comments/1n4b9bu/road_to_bf6_building_the_real_bp_xp_curve_share/,battlefield2042,1756584520.0,10,0.25,Question
1n4ayhx,https://www.reddit.com/r/anno/comments/1n4ayhx/sadly_wont_be_getting_117/,,0,Sadly won't be getting 117.,Lord-and-Leige,False,True,False,,False,"I had two choices.. pre-order battlefield 6 (awesome) or pre-order 117: I chose bf6. The reason why I decided to choose bf6 it's because in 117 it's going to take a lot longer to play than for example 1800. 1800 was right at the precipice of the industrial revolution and ships, vehicles and manufacturing was way faster and reliable which means things got done quicker. 

For example, I can get stone roads and have a car transport supplies to the factory in a really fast time but now with 117 it's only going to be horse and cart or someone carrying it. Why would I downgrade from 1800 technology with the advancements of the industrial revolution to have to sit and wait for primitive technology. 

I get it's going to be really fun because it's in the Roman era and Romans are awesome, but I can't be bothered waiting around for horse and carts and manual labor especially off the back of 1800s machinery. 

",False,/r/anno/comments/1n4ayhx/sadly_wont_be_getting_117/,anno,1756583760.0,30,0.05,Discussion
1n4awqn,https://www.reddit.com/r/battlefield3/comments/1n4awqn/is_bf3_rush_alive/,,6,Is BF3 Rush Alive?,thehitman009,1756584435.0,True,False,,False,"TLDR: I have played battlefield for the last 15 or so years on Xbox, but obviously the servers shut down for BF3. Wondering how the PC scene (what remains) in BF3 is like, specifically Rush game mode and premium maps.

Background: Looking for a modern warfare setting battlefield experience, but can't scratch the itch.

I recently played the BF6 beta - felt lured in by the comments that it was a return to BF3/4 roots. Couldn't be more disappointed. Fake gun names, some made-up faction in a NATO vs NATO equipment scenario (what happened to the classic US vs Russia?), terrible maps, etc. I could go on, but suffice to say it is not a return to anything close to BF3/BF4 in my book.

So then I tried going back to BF4, but it grew stale quickly despite having better graphics (Xbox One vs 360 at least) and better gun customization options. Overall, the game does have some improvements, but it just didn't feel as immersive. Sure, it felt more grounded than BF6, but I was reminded that even in 2013, I got bored with the game far faster than BF3. 

Chasing the enemy team around in circles endlessly on BF4 Conquest, it finally clicked. The reason I haven't enjoyed battlefield games as much for over a decade now is because Rush hasn't been great since BF3. There isn't the same finality to capturing conquest objectives as moving to the next set of MCOMs. You leave the conquest point to capture another, ultimately to turn around because the enemy recaptured it. There's no underlying narrative to the chaos. It's also clear that the franchise isn't making a concerted effort to return to Rush as a mainstream game mode as it was in BC2 and BF3.

I'm honestly contemplating buying BF3 on PC, but first I wanted to know if Rush servers are still alive? I've seen posts that there are only 3-5 servers on PC filled. As the Xbox servers came to a close, the only games running were conquest. Is the PC scene the same?

Edit: I would be on US servers",False,/r/battlefield3/comments/1n4awqn/is_bf3_rush_alive/,battlefield3,1756583633.0,5,0.87,
1n4al1q,https://www.reddit.com/r/radeon/comments/1n4al1q/issues_with_stutter_and_freezing_while_watching/,,2,"Issues with stutter and freezing while watching videos. GPU hardware fault? 5700X3D + 9070 XT (Also Deathloop, but not other games)",TheMihle,False,True,False,"{'images': [{'id': 'hTCvheF_FYmWwMw5yEVLsc_k-1ItODgIIDYe2saA8y8', 'source': {'url': 'https://external-preview.redd.it/hTCvheF_FYmWwMw5yEVLsc_k-1ItODgIIDYe2saA8y8.jpeg?auto=webp&s=027fe0a11a1cc47f9ca54b3432ae7ececd0bce57', 'width': 480, 'height': 360}, 'variants': {}, 'resolutions': [{'url': 'https://external-preview.redd.it/hTCvheF_FYmWwMw5yEVLsc_k-1ItODgIIDYe2saA8y8.jpeg?width=108&crop=smart&auto=webp&s=820b384c38cee3311dd2b8c157f28339ad291f31', 'width': 108, 'height': 81}, {'url': 'https://external-preview.redd.it/hTCvheF_FYmWwMw5yEVLsc_k-1ItODgIIDYe2saA8y8.jpeg?width=216&crop=smart&auto=webp&s=3f6870c7335f07e5ac09d2d78ec6101fd913548a', 'width': 216, 'height': 162}, {'url': 'https://external-preview.redd.it/hTCvheF_FYmWwMw5yEVLsc_k-1ItODgIIDYe2saA8y8.jpeg?width=320&crop=smart&auto=webp&s=583e64160718a531108e98429648c78443b0281c', 'width': 320, 'height': 240}]}], 'enabled': False}",False,"So this summer I got a new GPU, a Steel Legend 9070 XT. I am happy with the raw peformance in itself, if you ignore the issues I have in video playback.  
  
Firstly, my other specs are 5700X3D, B450 Mortar max, 32GB 3600MT memory.   
  
**So the issues:** 

**Video:**   
While watching videos, Netflix app, Youtube, another streaming site, The video starts to stutter/low framerate quite often.   
Its not constant stutter/low framerate, its varying. 

And sometimes it freezes while watching video. Image just locks up as it where. No sound, nothing. If I just wait it comes back. Netflix app then requires a restart but other streaming just continue to play.  
Sometimes AMD driver have an ""an issue has occurred"" error, or whatever it says. Its no error code, non spesific, but sometimes not.

When the framerate get lows,it often helps temporary to alt tab to something else and back again. One time when having a video in the background, it happened and the stutter did affect the mouse and GUI of the proram in focus too. 

Its worse on Netflix app and the other streeming site, than it is on youtube. Youtube get stutters/low framerate, but little less bad and have never freezed the PC for a while. But Netflix probably do it most often. 

**Games:**   
BF6 Open Beta, Humankind, Endless Legend:   
Run with zero issues. 

Cyberpunk 2077:   
Have no issues except for *sometimes* stutter when looking at the map.

Deathloop: Average framerate is fine, but the lows are poor. HWInfo says that the 1% lows are 40-50 while average is around 80-100. But it feels much worse than than that. Its bad stutter in my opinion. AMD overlay 1% lows says 25-30. To my head it feels like kinda the stutter is closer to 15 FPS area stutter, but like one frame at the time, maybe 2-5 times a second if you understand what I mean.   
It is varying how bad it is, It seems to be maybe worse on some of the maps/worse at evening time in game? Or that may be random or the fact that evening time comes after already played for a while.   
Locking FPS to 60 FPS doesnt help, and in that scenario, none of the CPU cores, or the GPU have 100% utilization. 

But no freezing or crashing in games, as I remember. 

**What I have done:**

* Checked temps --> No temp is too high,
* Played with different settings, for example turning for example freesync, relive, chill on and off. --> No effect,
* Tried diferent driver versions. From 25.3.1 to 25.8.2 --> No effect.
* Reinstalled windows. --> No effect.
* Turning off and on XMP memory setting --> No effect.
* Updated BIOS and tried turning off and on rebar --> No effect.
* Run Memtest86, OCCT on both memory and GPU. --> Did not detect errors.

Do other people here also think its likely a hardware defect? Even if its in my mind kinda a weird issue, becuase it doesnt outright crash in games etc? Kinda think maybe its the video decoder, but then why is eks Deathloop have issues?   
  
(I did have some game crashing with my previous 5700 XT, but it was very different and probably hardware fault is my guess.)

Video of stutter in youtube, look at Linus: (30 sec): [https://youtu.be/iISuROe6rdc](https://youtu.be/iISuROe6rdc) 

Video of one stutter in Netflix: (3 sec) :[https://youtu.be/Jkv-Jj9F-H0](https://youtu.be/Jkv-Jj9F-H0)",False,/r/radeon/comments/1n4al1q/issues_with_stutter_and_freezing_while_watching/,radeon,1756582786.0,6,1.0,Tech Support
1n4aal8,https://www.reddit.com/r/Battlefield/comments/1n4aal8/maybe_unpopular_opinion_about_sniper_class/,,3,Maybe unpopular opinion about sniper class,Dylink2a,False,True,False,,False,"I am playing some BFV waiting for BF6 (couldn't attend the beta).

I can't F-ing stand this godamn class. Everything about it. That is by far the most useless class to the game.

The only thing that it could bring is the spotting which sniper players don't even bother to do. The class as it is played is only to show off, stay on a godamn corner of the map and they annoy other players by breaking map flow.

Some games I see that there are teams with almost 16 players as snipers. 50% of the F-ing team. That's absolutely abnormal.

I wouldn't be bothered at all if this plague class were to disappear.

I HATE IT.",False,/r/Battlefield/comments/1n4aal8/maybe_unpopular_opinion_about_sniper_class/,Battlefield,1756582033.0,13,0.57,Battlefield V
1n49vpr,https://www.reddit.com/r/playstationbrasil/comments/1n49vpr/áudio_3d_e_headsets/,,2,Áudio 3D e Headsets,mlinktieline,False,True,False,,False,"Estou cogitando trocar de headset por conta da função 3D do PS5, já vi o preço do Pulse mas vi que existem outros modelos que também servem. O fone que uso atualmente é só estéreo, e o uso principal vai ser pra multiplayer (em específico, BF6 quando lançar.) A função de áudio 3D vale a pena? ",False,/r/playstationbrasil/comments/1n49vpr/áudio_3d_e_headsets/,playstationbrasil,1756581004.0,1,1.0,:PS: PS5
1n49uzn,https://v.redd.it/888x5lohd7mf1,"{'reddit_video': {'width': 1920, 'height': 1080, 'is_gif': False, 'hls_url': 'https://v.redd.it/888x5lohd7mf1/HLSPlaylist.m3u8?a=1759188424%2CYThmNTZhNDk3MDkxMTUwMmMzOWVlOGVmZjgxZThmNzBiYjVjNzhkNWY3NTZhMzlhMmRlMDNjYzdiN2JkOWQ2ZA%3D%3D&v=1&f=sd', 'dash_url': 'https://v.redd.it/888x5lohd7mf1/DASHPlaylist.mpd?a=1759188424%2CNDNlYzQ2M2VlNGQ3N2FhN2M2MWNkMDFlOTMyYzQ1ZGYzMjE2OTNjNzM5YjM4ZWYyZWZiMzBmMzA0ZjEyNzVjMA%3D%3D&v=1&f=sd', 'duration': 114, 'has_audio': True, 'bitrate_kbps': 5000, 'fallback_url': 'https://v.redd.it/888x5lohd7mf1/DASH_1080.mp4?source=fallback', 'scrubber_media_url': 'https://v.redd.it/888x5lohd7mf1/DASH_96.mp4', 'transcoding_status': 'completed'}}",16,I created a BF3 inspired track (loading screen music),M0ntix,False,False,False,"{'images': [{'id': 'bXYyNmlvb2hkN21mMVpKx18zu2Al60haJHCIipoecy1_uH38KnrawZp01IuI', 'source': {'url': 'https://external-preview.redd.it/bXYyNmlvb2hkN21mMVpKx18zu2Al60haJHCIipoecy1_uH38KnrawZp01IuI.png?format=pjpg&auto=webp&s=cbe081e06775d7e74d95abfd7cd7206d170644d4', 'width': 1920, 'height': 1080}, 'variants': {}, 'resolutions': [{'url': 'https://external-preview.redd.it/bXYyNmlvb2hkN21mMVpKx18zu2Al60haJHCIipoecy1_uH38KnrawZp01IuI.png?width=108&crop=smart&format=pjpg&auto=webp&s=957330e1a638b41eb76af322f08d0d5eaf7dbb24', 'width': 108, 'height': 60}, {'url': 'https://external-preview.redd.it/bXYyNmlvb2hkN21mMVpKx18zu2Al60haJHCIipoecy1_uH38KnrawZp01IuI.png?width=216&crop=smart&format=pjpg&auto=webp&s=7f23691581afc95bfd5a4204ade12637e798dbc7', 'width': 216, 'height': 121}, {'url': 'https://external-preview.redd.it/bXYyNmlvb2hkN21mMVpKx18zu2Al60haJHCIipoecy1_uH38KnrawZp01IuI.png?width=320&crop=smart&format=pjpg&auto=webp&s=db34e54fd2a62ca7283548f9abbde73cd967f0ef', 'width': 320, 'height': 180}, {'url': 'https://external-preview.redd.it/bXYyNmlvb2hkN21mMVpKx18zu2Al60haJHCIipoecy1_uH38KnrawZp01IuI.png?width=640&crop=smart&format=pjpg&auto=webp&s=188a673cb67c9b02a001686ca41b989ffd72b2da', 'width': 640, 'height': 360}, {'url': 'https://external-preview.redd.it/bXYyNmlvb2hkN21mMVpKx18zu2Al60haJHCIipoecy1_uH38KnrawZp01IuI.png?width=960&crop=smart&format=pjpg&auto=webp&s=6bcab94639dba4b553a47df3007b4584fef5d011', 'width': 960, 'height': 540}, {'url': 'https://external-preview.redd.it/bXYyNmlvb2hkN21mMVpKx18zu2Al60haJHCIipoecy1_uH38KnrawZp01IuI.png?width=1080&crop=smart&format=pjpg&auto=webp&s=073755a52ebf71373313073573869ae6e2ee03ad', 'width': 1080, 'height': 607}]}], 'enabled': False}",False,"In the midst of getting hyped for BF6, I got inspired and created a BF3 inspired track, similar to the loading screen music you'd hear in that game. I used FL Studio to create this and Adobe Premiere for the visuals.

  
Shout out to u/MartianGeneral for the awesome take on a BF6 loading screen in the style of BF3, you can view their post [here](https://www.reddit.com/r/Battlefield/comments/1m6kgc7/a_battlefield_6_loading_screen_in_the_style_of/)!

I've also posted this on YouTube [here](https://www.youtube.com/watch?v=Mv9tPRD9WDE&ab_channel=MontixProductions) if you are interested :) 

Would be curious to hear what everyone's favorite loading screen music was in the battlefield series, BF3 and BF4 had some really great ones imo.",False,/r/Battlefield/comments/1n49uzn/i_created_a_bf3_inspired_track_loading_screen/,Battlefield,1756580954.0,2,0.94,Discussion
1n49jy4,/r/Battlefield/comments/1n49jlp/stop_grinding_for_the_meta_start_grinding_for/,,0,"Stop grinding for the Meta, Start grinding for moments when BF6 comes out",Aggressive_Virus9632,False,False,False,,False,,False,/r/Battlefield6/comments/1n49jy4/stop_grinding_for_the_meta_start_grinding_for/,Battlefield6,1756580236.0,4,0.22,Discussion
1n49gus,https://www.reddit.com/r/PcBuild/comments/1n49gus/3060_ti_with_what_for_bf6/,,1,3060 Ti with what for BF6?,mada-nnamuen,False,True,False,,False,"Poor guy finally has some $$ to upgrade his PC for the upcoming Battlefield 6:  
i7-6700K (OC’d) + 3060 Ti + 2×16GB + 1TB SATA SSD.

I’m ditching everything except the 3060 Ti, and my budget for the rest is under $1400.

As you can see, I’m budget-conscious — I don’t need top-notch performance today, just something upgradable that can last another 8 years:

* **Phase 1**: Upgrade the 3060 Ti to a 5070 Ti Super or 9080 XT in the next 1–2 years.
* **Phase 2**: Upgrade the CPU to a newer one in the next 3–5 years.

Based on my budget, what AM5 AMD CPU and motherboard should I get **TODAY**?",False,/r/PcBuild/comments/1n49gus/3060_ti_with_what_for_bf6/,PcBuild,1756580027.0,4,1.0,Build - Help
1n49d6d,https://www.reddit.com/r/buildapc/comments/1n49d6d/what_would_be_a_good_build_upgrade_from_my/,,0,What would be a good build upgrade from my current one?,jgmain1116,1756580929.0,True,False,,False,"I mostly play Esports titles like League and Valorant. I wanted to start playing games like BF6 or other new releases at 1440p. This is my current build. My budget is around 1,200 USD.

\[PCPartPicker Part List\](https://pcpartpicker.com/list/9qWbMC)

Type|Item|Price

:----|:----|:----

\*\*CPU\*\* | \[AMD Ryzen 5 5600 3.5 GHz 6-Core Processor\](https://pcpartpicker.com/product/PgcG3C/amd-ryzen-5-5600-36-ghz-6-core-processor-100-100000927box) | $123.29 @ MemoryC

\*\*CPU Cooler\*\* | \[Scythe Fuma 3 67.62 CFM CPU Cooler\](https://pcpartpicker.com/product/g7pQzy/scythe-fuma-3-6762-cfm-cpu-cooler-scfm-3000) | Purchased For $0.00

\*\*Motherboard\*\* | \[Gigabyte B550M AORUS ELITE AX Micro ATX AM4 Motherboard\](https://pcpartpicker.com/product/YhtLrH/gigabyte-b550m-aorus-elite-ax-micro-atx-am4-motherboard-b550m-aorus-elite-ax) | $119.99 @ Amazon

\*\*Memory\*\* | \[TEAMGROUP T-Force Delta RGB 16 GB (2 x 8 GB) DDR4-3600 CL18 Memory\](https://pcpartpicker.com/product/7Wytt6/team-t-force-delta-rgb-16-gb-2-x-8-gb-ddr4-3600-cl18-memory-tf3d416g3600hc18jdc01) | $50.99 @ Amazon

\*\*Storage\*\* | \[Samsung 870 Evo 1 TB 2.5"" Solid State Drive\](https://pcpartpicker.com/product/7nsnTW/samsung-870-evo-1-tb-25-solid-state-drive-mz-77e1t0bam) | $84.99 @ Abt

\*\*Storage\*\* | \[Crucial P3 Plus 1 TB M.2-2280 PCIe 4.0 X4 NVME Solid State Drive\](https://pcpartpicker.com/product/chzhP6/crucial-p3-plus-1-tb-m2-2280-nvme-solid-state-drive-ct1000p3pssd8) | $61.95 @ iBUYPOWER

\*\*Video Card\*\* | \[EVGA SC GAMING ACX 3.0 Black Edition GeForce GTX 1070 Ti 8 GB Video Card\](https://pcpartpicker.com/product/jvwqqs/evga-geforce-gtx-1070-ti-8gb-sc-gaming-acx-30-black-edition-video-card-08g-p4-5671-kr) | $349.00 @ Amazon

\*\*Case\*\* | \[Cooler Master MasterBox Q300L MicroATX Mini Tower Case\](https://pcpartpicker.com/product/rnGxFT/cooler-master-masterbox-q300l-microatx-mini-tower-case-mcb-q300l-kann-s00) | $39.99 @ Amazon

\*\*Power Supply\*\* | \[EVGA SuperNOVA 650 G3 650 W 80+ Gold Certified Fully Modular ATX Power Supply\](https://pcpartpicker.com/product/y88H99/evga-supernova-650-g3-650-w-80-gold-certified-fully-modular-atx-power-supply-220-g3-0650) | $279.99 @ Amazon

\*\*Monitor\*\* | \[Asus ROG Strix XG27ACS 27.0"" 2560 x 1440 180 Hz Monitor\](https://pcpartpicker.com/product/mgWJ7P/asus-rog-strix-xg27acs-270-2560-x-1440-180-hz-monitor-xg27acs) | $219.00 @ Amazon

| \*Prices include shipping, taxes, rebates, and discounts\* |

| \*\*Total\*\* | \*\*$1329.19\*\*

| Generated by \[PCPartPicker\](https://pcpartpicker.com) 2025-08-30 14:47 EDT-0400 |",False,/r/buildapc/comments/1n49d6d/what_would_be_a_good_build_upgrade_from_my/,buildapc,1756579782.0,2,0.5,Build Help
1n49bbt,https://i.redd.it/aq3ta0gib7mf1.png,,1,Will there be SUAV in the new BF6?,diystrument,False,False,False,"{'images': [{'id': '7tA0vbqhiP1yVmbWIijoYGFCdvyjANQPs9XkonmFJhA', 'source': {'url': 'https://preview.redd.it/aq3ta0gib7mf1.png?auto=webp&s=c919aae20f61818a21d28da703644bf7b8698070', 'width': 677, 'height': 177}, 'variants': {}, 'resolutions': [{'url': 'https://preview.redd.it/aq3ta0gib7mf1.png?width=108&crop=smart&auto=webp&s=3f8dfb808976e2f245ee98187a9857cada01a13e', 'width': 108, 'height': 28}, {'url': 'https://preview.redd.it/aq3ta0gib7mf1.png?width=216&crop=smart&auto=webp&s=5214181a856bf53f2c94bae69ca4848885acedda', 'width': 216, 'height': 56}, {'url': 'https://preview.redd.it/aq3ta0gib7mf1.png?width=320&crop=smart&auto=webp&s=87ae02aad7c253ac8be48643ff45b9097bde2f65', 'width': 320, 'height': 83}, {'url': 'https://preview.redd.it/aq3ta0gib7mf1.png?width=640&crop=smart&auto=webp&s=1474bbf3323aaf9126d9ea4d2fe91b5b90ac7c17', 'width': 640, 'height': 167}]}], 'enabled': True}",False,Or whatever equipment that is not meta but can kill peple? Pls DICE,False,/r/Battlefield/comments/1n49bbt/will_there_be_suav_in_the_new_bf6/,Battlefield,1756579653.0,0,0.6,🪖Only In Battlefield💥
1n4980s,https://www.reddit.com/r/pcmasterrace/comments/1n4980s/is_my_pc_quite_good_i_want_to_change_my_graphic/,,1,Is my PC quite good ? I want to change my graphic card,volrod64,False,True,False,,False,"Hi guys, 

I'm really noob in hardware stuff. I do a lot of gaming, mainly FPS and right now I want to play BF6 or Cyberpunk. For competitive games, I want to maximize my FPS (I won't enable RTX for example) but for CP2077 I would love to enable RTX, some graphics mods etc, but my performance get really low, like 55 FPS max.

My config is quite recent (2022 and upgraded my CPU in 2023) but it actually ... doesn't feel right.  
Am I missing something ? 

https://preview.redd.it/npm4hez4c7mf1.png?width=1139&format=png&auto=webp&s=0f7fd8920024d6435e0ad8595e3497697db39c37

  
All my drivers are up to date except for Bios (2022).

I also cleaned up my windows recently just in case, but doesn't change anything.

Thanks for your help and advices !",False,/r/pcmasterrace/comments/1n4980s/is_my_pc_quite_good_i_want_to_change_my_graphic/,pcmasterrace,1756579425.0,6,0.67,Hardware
1n491yf,https://i.redd.it/6h3yjpm7b7mf1.jpeg,,1,Samsung Oddysey: is it good?,FieryHDD,False,False,False,"{'images': [{'id': 'hxf-3Frj0lYQxstNX2efi6NEAzg4_xSMQ09rm25CAt8', 'source': {'url': 'https://preview.redd.it/6h3yjpm7b7mf1.jpeg?auto=webp&s=287d2f1023494e2281a337bbe7133b7b6030909a', 'width': 1080, 'height': 1647}, 'variants': {}, 'resolutions': [{'url': 'https://preview.redd.it/6h3yjpm7b7mf1.jpeg?width=108&crop=smart&auto=webp&s=f7952993146bb8fdc41caf7898099d243b9d0b1a', 'width': 108, 'height': 164}, {'url': 'https://preview.redd.it/6h3yjpm7b7mf1.jpeg?width=216&crop=smart&auto=webp&s=3417ff506cf373aee91c08e18799b123e755a6d8', 'width': 216, 'height': 329}, {'url': 'https://preview.redd.it/6h3yjpm7b7mf1.jpeg?width=320&crop=smart&auto=webp&s=3034487d20e94d4d700a66728bdf37193ad01c32', 'width': 320, 'height': 488}, {'url': 'https://preview.redd.it/6h3yjpm7b7mf1.jpeg?width=640&crop=smart&auto=webp&s=747f24d6d33cd4c8008a4da9072d0e3ec4ddc361', 'width': 640, 'height': 976}, {'url': 'https://preview.redd.it/6h3yjpm7b7mf1.jpeg?width=960&crop=smart&auto=webp&s=10e6e97b9bc47582e19c36a459a89b060ea45c51', 'width': 960, 'height': 1464}, {'url': 'https://preview.redd.it/6h3yjpm7b7mf1.jpeg?width=1080&crop=smart&auto=webp&s=8b6cf87a68e24bcabf994f0f681dcbd6fec40516', 'width': 1080, 'height': 1647}]}], 'enabled': True}",False,"Hi there!
I currently have and Acer Nitro WQHD 27' inch screen and i'd love to upgrade to 4K. I have a 2070S and I always felt the view could have been better. 

Upgrading for BF6 and eventually a new pc for GTA6. Would this be ok? Any other options in the 350-500 price category?
Thanks! ",False,/r/Monitors/comments/1n491yf/samsung_oddysey_is_it_good/,Monitors,1756578997.0,1,1.0,Discussion
1n490wm,https://i.redd.it/48va3wpk77mf1.png,,3,"Help, my game keeps freezing every few seconds.",Snakakee,False,False,False,"{'images': [{'id': '5lNSTGNlUB_H-aY6VjRsYE-PxYgLakAbf-NZQEgC570', 'source': {'url': 'https://preview.redd.it/48va3wpk77mf1.png?auto=webp&s=c3c8c532cbea70ad0be349009df1888292dd74e2', 'width': 602, 'height': 473}, 'variants': {}, 'resolutions': [{'url': 'https://preview.redd.it/48va3wpk77mf1.png?width=108&crop=smart&auto=webp&s=135c839a0ddf437719a874703068dcb625578cbc', 'width': 108, 'height': 84}, {'url': 'https://preview.redd.it/48va3wpk77mf1.png?width=216&crop=smart&auto=webp&s=5086379c9b6d65ec4af1b8c3b2db6946d50c179f', 'width': 216, 'height': 169}, {'url': 'https://preview.redd.it/48va3wpk77mf1.png?width=320&crop=smart&auto=webp&s=1906dbc1df0b5c6d3439737d9b1e316f69cb7c29', 'width': 320, 'height': 251}]}], 'enabled': True}",False,"Hello people, 

I'm trying to get my bf6 cosmetics but my game is almost unplayable. As you can see from the attached image my CPU bounces between 100% and \~20%, my GPU match's this behavior. A temporary fix i have found is to open and close a bunch of programs until the CPU chart evens out, but this only lasts for about one match and is inconsistent.

 I run this game very well when it works so i don't think performance is the issue, I have also tried: 

* reinstalling the anti-cheat
* Verifying the game files
* opening from different launchers
* disabling steam overlay

2042 has run fine in the past its only recently that I'm having this issue. Any advice will be appreciated!",False,/r/battlefield2042/comments/1n490wm/help_my_game_keeps_freezing_every_few_seconds/,battlefield2042,1756578928.0,3,1.0,Concern
1n48z6f,https://www.reddit.com/r/GamerPals/comments/1n48z6f/25estpc_nightowl_looking_for_nerdy_friends_lol/,,0,25/EST/PC Nightowl looking for nerdy friends lol,Buhngo,False,True,False,,False,"About Me:
I’m very nerdy and shy but once I warm up ima yap machine when it comes to topics im passionate about. Love to have some friends to share some laughs and good times with (also memes)

Love anything that is final fantasy,resident evil or tekken related, really into fighting games, roguelike/lites, MMO, ARPG, FPS  and usually anything competitive but also love to play casual cozy games.

Schedule-
Most nights and all day thrus. n fri

Games I play-  
•BF6 •Skate •Turtle Wow •GOWR •Helldivers 2 •Tekken 8 •Ready or Not •CS2 •FFXIV<3 • also gamepass

steam id for more games: 130782000

**PLZ NO DISCORD SERVER OR GROUP INVITES**

**If youre interested in becoming friends send me a DM about yourself.**",False,/r/GamerPals/comments/1n48z6f/25estpc_nightowl_looking_for_nerdy_friends_lol/,GamerPals,1756578809.0,2,0.5,North America
1n48xf1,https://i.redd.it/d7dz2ohaa7mf1.png,,1,Need a remake of this map in bf6,Adr1an_QQQ,False,False,False,"{'images': [{'id': 'Khcj8R9XRh5bVpBqgMSUDdHr-IbnzZ33SVnukIL4fZc', 'source': {'url': 'https://preview.redd.it/d7dz2ohaa7mf1.png?auto=webp&s=fd79c0f29636a3e2323cc2b80db5a52d79415926', 'width': 512, 'height': 512}, 'variants': {}, 'resolutions': [{'url': 'https://preview.redd.it/d7dz2ohaa7mf1.png?width=108&crop=smart&auto=webp&s=f46ba2d3a49e2906a5f26a076363e7fd50876924', 'width': 108, 'height': 108}, {'url': 'https://preview.redd.it/d7dz2ohaa7mf1.png?width=216&crop=smart&auto=webp&s=7c9c55d497632a86c535193eae615593f2b916a8', 'width': 216, 'height': 216}, {'url': 'https://preview.redd.it/d7dz2ohaa7mf1.png?width=320&crop=smart&auto=webp&s=625ddb7de3eab76516eb11d62f4f34123f0b79fe', 'width': 320, 'height': 320}]}], 'enabled': True}",False,I also need battlefield vietnam music back in the main menus thank you dice.,False,/r/Battlefield6/comments/1n48xf1/need_a_remake_of_this_map_in_bf6/,Battlefield6,1756578687.0,3,0.53,Image/Gif
1n48vzs,https://www.reddit.com/r/pchelp/comments/1n48vzs/usb_motherboard_headers_stop_working_for_a_couple/,,1,USB motherboard headers stop working for a couple of secs?,CristianYNWA,False,True,False,,False,"Hi, I'm not sure where this issue is coming from because I updated a lot of things these days (BIOS, chipset drivers, GPU drivers, Windows itself, and full unistalled Armoury Crate which came back with the BIOS update ) For now only happens to me when I'm playing Battlefield 2042. And just one time per boot of the game during the first minutes. The issue consist in some Corsair devices unplug and plug (just one time they didn't plug again) after a few seconds causing freezing during that time. I added an image of the USB log, in red you can see the devices identified. 

Furthermore the ICUE Link devices (pump, fans, lcd screen) take a few seconds to run when i boot my PC. Causing the classic CPU FAN speed error, not a big deal but there it is.

https://preview.redd.it/vskpzbvl97mf1.png?width=1757&format=png&auto=webp&s=d8ee473b8b7d093fc1fc3d1f69558af7d02b3793



Is a really specific scenario for now. And i hope it's just because of the game, which also gave me more problems like this one from the link below, as other BF titles including BF6 Beta.

[https://www.reddit.com/r/battlefield2042/comments/s34n11/directx\_function\_getdeviceremovedreason\_failed](https://www.reddit.com/r/battlefield2042/comments/s34n11/directx_function_getdeviceremovedreason_failed)  

The rest of the games, software, etc. runs perfect. Appreciate any advice, Thx in advance.



System specs:

\-CPU AMD Ryzen 9 9950X

\-Motherboard ASUS ROG CROSSHAIR X670E HERO (Bios Ver: 3205)

\-CORSAIR DOMINATOR TITANIUM RGB DDR5 64GB (2x32GB) DDR5 6000MHz CL30 (CMP64GX5M2B6000Z30) -------- ""2 more modules from the Light Enhancement Kit""

\-Corsair HX1000i 80 Plus Platinum Modular

\-Corsair iCUE LINK H150i LCD 360mm

\-Corsair QX120 RGB fans (x7)

\-GPU Nvidia RTX5080 Founders Edition",False,/r/pchelp/comments/1n48vzs/usb_motherboard_headers_stop_working_for_a_couple/,pchelp,1756578595.0,1,1.0,Discussion
1n48lvi,https://v.redd.it/83ftd1ug77mf1,"{'reddit_video': {'width': 1724, 'height': 1080, 'is_gif': False, 'hls_url': 'https://v.redd.it/83ftd1ug77mf1/HLSPlaylist.m3u8?a=1759188424%2CMzhhYTEyZTlhODlkY2YyZDU4NDRmZDE2YWI2NDQ4YmViMWUwZjJkYzcyNjBmZjVlMjIxNjY3ZWFiYjhjNmMyMA%3D%3D&v=1&f=sd', 'dash_url': 'https://v.redd.it/83ftd1ug77mf1/DASHPlaylist.mpd?a=1759188424%2CMDM0NWE5N2QzYWEwMDQwYzk3YmM3NjhlNGM0MzYxMzczYmRiMWIwZDc4NWJlYWEzMDlhMTFhZDU1YTYxMzVkZg%3D%3D&v=1&f=sd', 'duration': 28, 'has_audio': True, 'bitrate_kbps': 5000, 'fallback_url': 'https://v.redd.it/83ftd1ug77mf1/DASH_1080.mp4?source=fallback', 'scrubber_media_url': 'https://v.redd.it/83ftd1ug77mf1/DASH_96.mp4', 'transcoding_status': 'completed'}}",1,After DDUing my graphics from 566 to 581 back to 577. Im still facing this insane drop.,Gaggy_31317,False,False,False,"{'images': [{'id': 'czNndWowdWc3N21mMR5gMgBZrE9Ayo0b7rLjF2MAmfrYUcEI9encZEVbjj92', 'source': {'url': 'https://external-preview.redd.it/czNndWowdWc3N21mMR5gMgBZrE9Ayo0b7rLjF2MAmfrYUcEI9encZEVbjj92.png?format=pjpg&auto=webp&s=e5fd41358dc6a0d0913c1b55397ab8ea0cd9e0d0', 'width': 1724, 'height': 1080}, 'variants': {}, 'resolutions': [{'url': 'https://external-preview.redd.it/czNndWowdWc3N21mMR5gMgBZrE9Ayo0b7rLjF2MAmfrYUcEI9encZEVbjj92.png?width=108&crop=smart&format=pjpg&auto=webp&s=d2dcf61c4bd169eb46977d6b00379f4d7dd94806', 'width': 108, 'height': 67}, {'url': 'https://external-preview.redd.it/czNndWowdWc3N21mMR5gMgBZrE9Ayo0b7rLjF2MAmfrYUcEI9encZEVbjj92.png?width=216&crop=smart&format=pjpg&auto=webp&s=e2fd07251415f3747e2a6f7fc45c1bfeda1d7733', 'width': 216, 'height': 135}, {'url': 'https://external-preview.redd.it/czNndWowdWc3N21mMR5gMgBZrE9Ayo0b7rLjF2MAmfrYUcEI9encZEVbjj92.png?width=320&crop=smart&format=pjpg&auto=webp&s=1450b65bee5487cc62fe9ac5a779330c7b2c3861', 'width': 320, 'height': 200}, {'url': 'https://external-preview.redd.it/czNndWowdWc3N21mMR5gMgBZrE9Ayo0b7rLjF2MAmfrYUcEI9encZEVbjj92.png?width=640&crop=smart&format=pjpg&auto=webp&s=d78500c78da073b432f02374e624e79d2cc4cc27', 'width': 640, 'height': 400}, {'url': 'https://external-preview.redd.it/czNndWowdWc3N21mMR5gMgBZrE9Ayo0b7rLjF2MAmfrYUcEI9encZEVbjj92.png?width=960&crop=smart&format=pjpg&auto=webp&s=f81f5b1d3034799a46ccac4729c47cfcdc2aa9f3', 'width': 960, 'height': 601}, {'url': 'https://external-preview.redd.it/czNndWowdWc3N21mMR5gMgBZrE9Ayo0b7rLjF2MAmfrYUcEI9encZEVbjj92.png?width=1080&crop=smart&format=pjpg&auto=webp&s=41c88a0b9cf3afdf3efe1fcce6e976f3176ced18', 'width': 1080, 'height': 676}]}], 'enabled': False}",False,"Please help, It was running fine on 566 but BF6 needed 577+ so i updated my drivers and this problem started after that. 

GPU= 4060   
Legion 5i 16irx9 ",False,/r/csgo/comments/1n48lvi/after_dduing_my_graphics_from_566_to_581_back_to/,csgo,1756577921.0,1,0.67,
1n48lv6,https://www.reddit.com/r/ShouldIbuythisgame/comments/1n48lv6/debating_on_whether_i_should_play_apex_or/,,0,"Debating on whether I should play Apex or Overwatch, which one do you see having a better future?",Some-Technology-6831,False,True,False,,False,"I enjoy both equally after putting around 60 hours into each but I want to commit to one. I know both games have had rough periods but both seem to be making good updates recently. Which one do you think will actually survive the longest with a sustainable player count, especially with BF6 coming out?",False,/r/ShouldIbuythisgame/comments/1n48lv6/debating_on_whether_i_should_play_apex_or/,ShouldIbuythisgame,1756577920.0,10,0.17,[Other]
1n48egz,https://i.redd.it/55yrb1ih67mf1.jpeg,,14,Thank you battlefield community,zbananajuice,False,False,False,"{'images': [{'id': '1xi8lyz_end5BFfvlEw2RjhmcdJaFL9pzomGNFdLn2s', 'source': {'url': 'https://preview.redd.it/55yrb1ih67mf1.jpeg?auto=webp&s=0983e797a147dd213a7fc5ddffdea49fd06e6292', 'width': 1920, 'height': 1080}, 'variants': {}, 'resolutions': [{'url': 'https://preview.redd.it/55yrb1ih67mf1.jpeg?width=108&crop=smart&auto=webp&s=ae698d52c2e13da5d98ff694a32edd56651b8a31', 'width': 108, 'height': 60}, {'url': 'https://preview.redd.it/55yrb1ih67mf1.jpeg?width=216&crop=smart&auto=webp&s=310458e3abfe1c22347ee368843b95867b358be9', 'width': 216, 'height': 121}, {'url': 'https://preview.redd.it/55yrb1ih67mf1.jpeg?width=320&crop=smart&auto=webp&s=68202745d3497aab2dc439bbff1d43a258940349', 'width': 320, 'height': 180}, {'url': 'https://preview.redd.it/55yrb1ih67mf1.jpeg?width=640&crop=smart&auto=webp&s=760effff4bdf890f152dff5cceb34953c0889dbb', 'width': 640, 'height': 360}, {'url': 'https://preview.redd.it/55yrb1ih67mf1.jpeg?width=960&crop=smart&auto=webp&s=8b422d397ece7cd09070ab1e8d0842714fad26ce', 'width': 960, 'height': 540}, {'url': 'https://preview.redd.it/55yrb1ih67mf1.jpeg?width=1080&crop=smart&auto=webp&s=16979a09eb66e5fe57f28095c2f61eb9eb0c8715', 'width': 1080, 'height': 607}]}], 'enabled': True}",False,"This might seem caring to a few people but I just wanted to talk about this, recently I’ve gotten crazy into fps games and I’ve pretty much always been a cod player.but after the bf6 beta I had so much fun and I’m still so hyped,I’ve played previous battlefield titles and there amazing, the cinematic of bf1 the gameplay of bf5 I do enjoy 2042 as well lol, now I gotta play bf4 and a classic bf3, but THANK YOU I made two posts on this Reddit and got 900 total replies I really appreciated that, and  genuinely every battlefield fan I’ve talked to about the game have been incredibly nice, so now I consider myself a bf fan as I love this franchise, and hopefully part of the battlefield community ",False,/r/Battlefield/comments/1n48egz/thank_you_battlefield_community/,Battlefield,1756577407.0,1,0.82,Discussion
1n48del,https://www.reddit.com/r/cachyos/comments/1n48del/cod_warzone_bf6_on_cachyos/,,0,COD Warzone / BF6 on CachyOS,AbbasMohammed28,False,True,False,,False,"I am planning to install CachyOS on my gaming PC (separate SSD) as i have RTX 4070.

Can i play games like COD and BF6 (when released) or i will be hit by Anti cheat?",False,/r/cachyos/comments/1n48del/cod_warzone_bf6_on_cachyos/,cachyos,1756577335.0,7,0.5,Question
1n484wb,https://www.reddit.com/r/StreamersCheating/comments/1n484wb/as_posted_by_modteamchris82/,,0,As posted by MOD-TeamChris82,RedManGaming,1756577674.0,True,False,,False,"""...You can discuss the actions of the streamer without going into their personal lives (unless they have broken the law and it's on record)."" ---TeamChris82  
\-------------------------------------------------------------------------------------

Yes, video game cheating can be a violation of the Digital Millennium Copyright Act (DMCA) if it involves circumventing technological protection measures, such as anti-cheat software, that control access to the copyrighted video game. Game developers frequently sue cheat makers for violating the DMCA's anti-circumvention provisions, which prohibit bypassing these technical controls without authorization. 

How Cheating Can Violate the DMCA

* **Circumventing Technological Measures**:The DMCA prohibits circumventing technological measures that effectively control access to a copyrighted work. Video game anti-cheat software is often considered a technological protection measure, and creating or using cheats that bypass it can be a DMCA violation. 
* **Controlling Access**:The technological measure must effectively control access to the game. Anti-cheat software fits this definition by preventing unauthorized access to the game's servers or features. 
* High Stakes Litigation: Many developers are taking legal action against cheat software creators, with successful outcomes often leading to large financial judgments against the cheat makers. 

\-------------  
In short, every cheater should be served a court summons and they deserve our public bashing. Online gaming is ruined because of cheating. The Top 12,000 ban happened---people that weren't even playing the game since the first week of the season made the Top 250---meanwhile, cheaters were allowed to run around all season long and got banned on the last day. COD is an unplayable game because of cheaters.

Don't play the game, make Top 250, that is what an unplayable game looks like. At least BF6's crossplay off option will find a game.

COD is an arcade style shooter, BF6 is a mil-sim...even the COD fanboys corrected me on this LOL Yes I agree, COD with all that bunny hopping is an arcade style shooter :)

When us console players get our own lobbies, you cheating PC players will finally realize what we mean by get gooder. These mouse flicks are going to be crazy! LOL The PC lobbies will be left with nothing but cheaters---it's far harder to cheat on console, and PS and Xbox have more access to our systems, PS was able to detect and disable a cronus at some point---the joke is on the gaslighters of this forum...just wait until your lobbies are cheater vs cheater, and us on console will maybe have to deal with a cronus user, but at least that's not aimbot and walls! And spectator counter, and spoofer, and trigger bot and hit shot % and removing water effects and bushes and whatever else the cheating PC community came up with.

So yeah, every cheater deserves to be shunned, because they are breaking the law as MOD-TeamChris82 said, ""...(unless they have broken the law and it's on record).""

I posted facts: and yes, these people that are cheating deserve their day in court. Even if it was just a small fine that would clean up the cheating problem real fast. THESE ARE FACTS. I'm making the switch to BF6, COD listened to the wrong community...we never asked for an arcade style shooter, we wanted grounded movement, real movement. A working anti-cheat, and if that's not possible---a working crossplay off option---instead, they let the cheaters run rampant all season and made the legit players quit.

But but Cronus! I know, we can beat a cronus, what we can't beat is the depth of the PC cheats. A cronus doesn't come with walls, or ESP, or spectator counter LOL

One of these days maybe our law and order president will come down on these cheaters. I guarantee you if some streamer ever got arrested and brought to court for cheating---this cheating epidemic will dry up real fast.

But it's all ok, intrusive PC checks are coming boys! LOL Get gooder!",True,/r/StreamersCheating/comments/1n484wb/as_posted_by_modteamchris82/,StreamersCheating,1756576742.0,3,0.35,
1n47se2,https://youtu.be/YgQm_VbzYGc?si=VvamzzZu2_jz6fIJ,"{'type': 'youtube.com', 'oembed': {'html': '<iframe width=""356"" height=""200"" src=""https://www.youtube.com/embed/YgQm_VbzYGc?feature=oembed&enablejsapi=1"" frameborder=""0"" allow=""accelerometer; autoplay; clipboard-write; encrypted-media; gyroscope; picture-in-picture; web-share"" referrerpolicy=""strict-origin-when-cross-origin"" allowfullscreen title=""Ben Shapiro Tries (And Fails) To Play Battlefield 6 &amp; Battlefront 2""></iframe>', 'type': 'video', 'title': 'Ben Shapiro Tries (And Fails) To Play Battlefield 6 & Battlefront 2', 'width': 356, 'height': 200, 'version': '1.0', 'author_url': 'https://www.youtube.com/@BenShapiro', 'author_name': 'Ben Shapiro', 'provider_url': 'https://www.youtube.com/', 'provider_name': 'YouTube', 'thumbnail_url': 'https://i.ytimg.com/vi/YgQm_VbzYGc/hqdefault.jpg', 'thumbnail_width': 480, 'thumbnail_height': 360}}",0,Ben Shapiro plays bf2 and bf6,Toshiomifune,False,False,False,"{'images': [{'id': '2XE3ZXCy_OeRBYBrwIcb60WXMVJwHXUUCUqvyzyBKjM', 'source': {'url': 'https://external-preview.redd.it/2XE3ZXCy_OeRBYBrwIcb60WXMVJwHXUUCUqvyzyBKjM.jpeg?auto=webp&s=d701ad3b3e79605487bacf0e8e2baf1e6ff1593e', 'width': 480, 'height': 360}, 'variants': {}, 'resolutions': [{'url': 'https://external-preview.redd.it/2XE3ZXCy_OeRBYBrwIcb60WXMVJwHXUUCUqvyzyBKjM.jpeg?width=108&crop=smart&auto=webp&s=a71d9b9a8a6f60759d494da4b5c4441dc1f9868a', 'width': 108, 'height': 81}, {'url': 'https://external-preview.redd.it/2XE3ZXCy_OeRBYBrwIcb60WXMVJwHXUUCUqvyzyBKjM.jpeg?width=216&crop=smart&auto=webp&s=686f1a03781b6e487cb8a39b88be8dfe1db1c20e', 'width': 216, 'height': 162}, {'url': 'https://external-preview.redd.it/2XE3ZXCy_OeRBYBrwIcb60WXMVJwHXUUCUqvyzyBKjM.jpeg?width=320&crop=smart&auto=webp&s=b3fe55e829d354cb24efcc78d527cbd2deaa4f92', 'width': 320, 'height': 240}]}], 'enabled': False}",False,lol ,False,/r/BattlefrontTWO/comments/1n47se2/ben_shapiro_plays_bf2_and_bf6/,BattlefrontTWO,1756575874.0,4,0.38,Video
1n47p1x,https://www.reddit.com/r/Battlefield/comments/1n47p1x/bf6_player_count_thoughts_32v32/,,1,BF6 Player Count Thoughts 32v32,Buckwild1339,False,True,False,,False,"I was wondering what we think of the 32v32 player count size in general on battlefield 6.

Personally I am a fan of it, but when it comes to the larger maps (mirak/firestorm) I feel like when everyone is loaded up into a vehicle there is little infantry on the ground. Not saying I want to see 64v64 return as that was too chaotic, but I am curious what people would think if there was like a 46v46 or 42v42 just to make infantry ground combat at objectives be hotter than they are now.",False,/r/Battlefield/comments/1n47p1x/bf6_player_count_thoughts_32v32/,Battlefield,1756575643.0,10,0.56,Battlefield 6
1n47lmk,https://www.reddit.com/r/Battlefield/comments/1n47lmk/are_bf6_progressskins_going_to_be_cross_platform/,,0,Are BF6 progress/skins going to be cross platform,These_Living1429,False,True,False,,False,"Hey guys just wondering if there's any information if progress/skins is cross platform, looking to get a pc",False,/r/Battlefield/comments/1n47lmk/are_bf6_progressskins_going_to_be_cross_platform/,Battlefield,1756575408.0,4,0.4,Battlefield 6
1n47jq4,https://www.reddit.com/r/Battlefield/comments/1n47jq4/engagement_optimized_matchmakingskill_based/,,0,Engagement optimized matchmaking/skill based matching making in bf6 beta,CupPlenty,False,True,False,,False,"Hello everyone, I’m here as a well known player in the battlefield community. I’m not here to be toxic, or to sow negativity, I’m only here to tell you all the truth about what this game is doing so far:
The matchmaking is rigged, point blank. I have more than a thousand hours in 2042 and a lot of time in previous games that have eomm/sbmm and I can tell you bf6 is EXACTLY the same experience possibly even worse than what you’ll see in those games. Dice/ea is lying to their community saying the long queue times and overpowered shotguns etc are all things that are bugs but it is a LIE. This game is 100% intentionally designed to play the way it plays, as it ensures that it makes it more difficult to consistently do well as a top player. The ttk/damage feeling inconsistent is a patent of eomm similar to modern call of duty games in the way that it nerfs your damage output as the system seems fit. None of this is conspiracy as many popular battlefield streamers have spoken about these things extremely subtly. The issue with this matchmaking is that eomm completely lies to the player about their skill level in order to keep players who are worse more engaged and coming back. They throw you a few matches where you feel unstoppable and then they give you a ton that feel like you’re suffocating barely staying above water. I know that this is going to piss people off but I just want everyone to know the truth of the system, and how disgusting it is that so many content creators are completely turning a blind eye to it. I just hope that people see the eomm for what it is, a disgusting practice that puts the experience of loyal battlefield fans second to its player retention strategies. This system has likely had millions invested into it and I doubt it’s ever going to be removed, portal might even have it too considering this is one of the most egregious forms of eomm I’ve ever seen. I kept my mouth shut about it for long enough, it’s time for the community to know about it too ",False,/r/Battlefield/comments/1n47jq4/engagement_optimized_matchmakingskill_based/,Battlefield,1756575273.0,26,0.28,Battlefield 6
1n472jy,https://i.redd.it/1gb510vlw6mf1.jpeg,,199,New Firestorm,Unlucky-Example1799,False,False,False,"{'images': [{'id': 'ehslDOSN_5J0yGG-nYunQTYgeoQxteogQTBclGiBmUY', 'source': {'url': 'https://preview.redd.it/1gb510vlw6mf1.jpeg?auto=webp&s=ef8a65cc6a10968a92a017aeb6cae7e55d9dca68', 'width': 1164, 'height': 775}, 'variants': {}, 'resolutions': [{'url': 'https://preview.redd.it/1gb510vlw6mf1.jpeg?width=108&crop=smart&auto=webp&s=bc7e55fafda009a65dc7b4e494637f74ae401951', 'width': 108, 'height': 71}, {'url': 'https://preview.redd.it/1gb510vlw6mf1.jpeg?width=216&crop=smart&auto=webp&s=4542edb6eeae95a6d3be28aac9920b8aa6af2f94', 'width': 216, 'height': 143}, {'url': 'https://preview.redd.it/1gb510vlw6mf1.jpeg?width=320&crop=smart&auto=webp&s=0cbea2cb78083cda7295b21b4bc8573564f765cd', 'width': 320, 'height': 213}, {'url': 'https://preview.redd.it/1gb510vlw6mf1.jpeg?width=640&crop=smart&auto=webp&s=32c14cb43a695cdf49e2ca7439091f265ade0611', 'width': 640, 'height': 426}, {'url': 'https://preview.redd.it/1gb510vlw6mf1.jpeg?width=960&crop=smart&auto=webp&s=a26219592b21b6b1c98bb0516139a38bf15deeb6', 'width': 960, 'height': 639}, {'url': 'https://preview.redd.it/1gb510vlw6mf1.jpeg?width=1080&crop=smart&auto=webp&s=109db9a1b70bbca9b7aa7fde0d5132dd6cd3b14d', 'width': 1080, 'height': 719}]}], 'enabled': True}",False,"Hey guys, just curious what everyone thinks abt the updated borders to firestorm for bf6. 

It’s long been one of my favorite maps in battlefield as I love fighting for control of the mountain and using it for c4 jeep flanks. After voicing my concerns over how unbalanced it might become one sided if one team can park tanks and snipers up on the hill without consequence people flamed me for not contributing enough if I’m not playing flags. 

I know that the mountain does have an issue with being able to shoot into left teams base but I feel like there are other ways to fix that than to remove half of the maps playable space (someone did actual calculations and it’s ~49%)


I worry that this game will fall into the same trap that another game I love did. Rainbow six siege had TONs of really fun maps and in order to make the game more “competitive” they reworked all of the maps they saw as flawed and turned them all into steamy boring pieces of shit. If dice feels like players need to be at a flag the second they step off their base that will take away all of the fun flanking, tactical sniping, random battlefield experiences that don’t happen when you are constantly balls deep on a flag. ",False,/r/battlefield_4/comments/1n472jy/new_firestorm/,battlefield_4,1756574085.0,100,0.92,
1n46xyi,https://youtu.be/5Wu-Gyp2F_w?si=VGZlCgdALSjv5GBk,"{'type': 'youtube.com', 'oembed': {'html': '<iframe width=""356"" height=""200"" src=""https://www.youtube.com/embed/5Wu-Gyp2F_w?feature=oembed&enablejsapi=1"" frameborder=""0"" allow=""accelerometer; autoplay; clipboard-write; encrypted-media; gyroscope; picture-in-picture; web-share"" referrerpolicy=""strict-origin-when-cross-origin"" allowfullscreen title=""Battlefield 5: Conquest Devastation Gameplay (No Commentary)""></iframe>', 'type': 'video', 'title': 'Battlefield 5: Conquest Devastation Gameplay (No Commentary)', 'width': 356, 'height': 200, 'version': '1.0', 'author_url': 'https://www.youtube.com/@10ebr1s', 'author_name': '10ebr1s', 'provider_url': 'https://www.youtube.com/', 'provider_name': 'YouTube', 'thumbnail_url': 'https://i.ytimg.com/vi/5Wu-Gyp2F_w/hqdefault.jpg', 'thumbnail_width': 480, 'thumbnail_height': 360}}",1,DEVASTATION: A classic map,Dismal_Wizard,False,False,False,"{'images': [{'id': 'KPkaxj52vIwaLQlQ0Xh15eQTwX_yQzPnd3QxsEJAcBk', 'source': {'url': 'https://external-preview.redd.it/KPkaxj52vIwaLQlQ0Xh15eQTwX_yQzPnd3QxsEJAcBk.jpeg?auto=webp&s=22b4defaa93a84a02e7757ab1dc80ea7a59608b1', 'width': 480, 'height': 360}, 'variants': {}, 'resolutions': [{'url': 'https://external-preview.redd.it/KPkaxj52vIwaLQlQ0Xh15eQTwX_yQzPnd3QxsEJAcBk.jpeg?width=108&crop=smart&auto=webp&s=b022e1d9e6e75dc64e476c3b1c2b12b62f1e60c3', 'width': 108, 'height': 81}, {'url': 'https://external-preview.redd.it/KPkaxj52vIwaLQlQ0Xh15eQTwX_yQzPnd3QxsEJAcBk.jpeg?width=216&crop=smart&auto=webp&s=9b9d9eedc1dcfefe7ae6747edd35bb39c10d598e', 'width': 216, 'height': 162}, {'url': 'https://external-preview.redd.it/KPkaxj52vIwaLQlQ0Xh15eQTwX_yQzPnd3QxsEJAcBk.jpeg?width=320&crop=smart&auto=webp&s=1155411e3a820a9815bc60040d284c58433bb889', 'width': 320, 'height': 240}]}], 'enabled': False}",False,"Favourite map of all BFs except for maybe a couple from BF1. Personally, I would like to see this kind of aesthetic extended to future DLC for BF6. 

I get that some of the maps are destructible, but I still want my battlefield grimmer and darker.

Hoping we get at least less *brightly lit* maps in the future. 

But, generally, can’t wait for 10/10/25",False,/r/Battlefield/comments/1n46xyi/devastation_a_classic_map/,Battlefield,1756573781.0,2,0.67,Battlefield V
1n46oil,https://www.reddit.com/r/Battlefield6/comments/1n46oil/will_bf6_have_cringe_voice_lines/,,0,Will bf6 have cringe voice lines?,RecentMatter3790,1756590369.0,True,False,,False,"Or just have NO voice lines at all. I hope that they don’t add voice lines whatsoever so that the immersion isn’t broken.

(I don’t like how one of the soldiers does a hand gesture when the game presents the top squads, as if war is a game).

I’m talking about more the voice lines after a match is over, and when I go to the main menu.",False,/r/Battlefield6/comments/1n46oil/will_bf6_have_cringe_voice_lines/,Battlefield6,1756573142.0,16,0.28,Question
1n46kg3,https://www.reddit.com/r/steamfriend/comments/1n46kg3/34m_want_to_make_friends/,,1,34M want to make friends,ollidar,False,True,False,,False,"Ollidar is the name on steam and discord, 
language I speak is English.

Time zone is Pacific time 
Weekdays 4-930pm
Weekend 12-10pm

I am kinda quiet until I get comfortable.
I like playing helldivers 2, warframe, Ready or Not, waiting on BF6, and a slew of other games.",False,/r/steamfriend/comments/1n46kg3/34m_want_to_make_friends/,steamfriend,1756572861.0,1,0.66,North America
1n46ios,https://www.reddit.com/r/battlefield2042/comments/1n46ios/black_screen_no_signal_problem/,,2,"Black screen, No Signal problem",corba02,False,True,False,,False,"I am having an issue with BF2042, randomly when playing my screen will go black like i turned off my monitor. My monitor displays that it has no signal, i hear the game and my freinds over discord (for about 5-10 seconds) but they cannot hear me. Also my fans all go up to 100% speed (Only hear it, cannot check anything on the computer) .No inputs of mine are registered (not even alt+tab, ctrl+alt+del, esc, windows...). I have to reset the computer thru the reset button on case.

My specs are:

* Zotac RTX 3070 Twin Edge
* Ryzen 5 5600
* ASUS BM550M-A
* G.Skill Ripjaws V DDR4 RAM (2x8)

If anyone knows what could be the problem, i would greatly appreciate it.

  
P.S. This has never happend to me before in any game, not even in the BF6 Open Beta.",False,/r/battlefield2042/comments/1n46ios/black_screen_no_signal_problem/,battlefield2042,1756572737.0,0,1.0,Question
1n46fvx,https://v.redd.it/w08twyf0s6mf1,"{'reddit_video': {'width': 1280, 'height': 720, 'is_gif': False, 'hls_url': 'https://v.redd.it/w08twyf0s6mf1/HLSPlaylist.m3u8?a=1759188424%2CYzhjZTM0ODZiNjJiOWM2MTFiYTk5N2NmMjU2YmI2YzlhZjgwZDRkNjk5MWZkNWY0M2UwODk3MDYzMzY1MzM4NA%3D%3D&v=1&f=sd', 'dash_url': 'https://v.redd.it/w08twyf0s6mf1/DASHPlaylist.mpd?a=1759188424%2CMzAxM2ZlZjk0OGFlMWI4NWVhY2YzYTBmNjM5ZDRjZDI1NzZhYjA3NDI5ZjBiNDYzMDQ5ZTEzYTgxNDNiNmVkOQ%3D%3D&v=1&f=sd', 'duration': 26, 'has_audio': True, 'bitrate_kbps': 2400, 'fallback_url': 'https://v.redd.it/w08twyf0s6mf1/DASH_720.mp4?source=fallback', 'scrubber_media_url': 'https://v.redd.it/w08twyf0s6mf1/DASH_96.mp4', 'transcoding_status': 'completed'}}",102,My all time Battlefield moment! Helicopters in BF6 better watch out,tomasjohanns,False,False,False,"{'images': [{'id': 'OXBkd29vYTBzNm1mMRyQ8F_KTdCD_nfMoLrf3LuRECKXhYyezviJ9ZlYKClD', 'source': {'url': 'https://external-preview.redd.it/OXBkd29vYTBzNm1mMRyQ8F_KTdCD_nfMoLrf3LuRECKXhYyezviJ9ZlYKClD.png?format=pjpg&auto=webp&s=ab526419c47ef311054c6575aed4f05b8772eca6', 'width': 1280, 'height': 720}, 'variants': {}, 'resolutions': [{'url': 'https://external-preview.redd.it/OXBkd29vYTBzNm1mMRyQ8F_KTdCD_nfMoLrf3LuRECKXhYyezviJ9ZlYKClD.png?width=108&crop=smart&format=pjpg&auto=webp&s=494ca2ba3238edb731a73046b99352dc2ccbcd1d', 'width': 108, 'height': 60}, {'url': 'https://external-preview.redd.it/OXBkd29vYTBzNm1mMRyQ8F_KTdCD_nfMoLrf3LuRECKXhYyezviJ9ZlYKClD.png?width=216&crop=smart&format=pjpg&auto=webp&s=98ab5b6d95eaf28e7f6533ae6e2583eb08501f19', 'width': 216, 'height': 121}, {'url': 'https://external-preview.redd.it/OXBkd29vYTBzNm1mMRyQ8F_KTdCD_nfMoLrf3LuRECKXhYyezviJ9ZlYKClD.png?width=320&crop=smart&format=pjpg&auto=webp&s=339a4c3d276f48472998c1cb99594564ca1d8088', 'width': 320, 'height': 180}, {'url': 'https://external-preview.redd.it/OXBkd29vYTBzNm1mMRyQ8F_KTdCD_nfMoLrf3LuRECKXhYyezviJ9ZlYKClD.png?width=640&crop=smart&format=pjpg&auto=webp&s=bf6690d1663d528ba2f34820e2283767e0c01cc6', 'width': 640, 'height': 360}, {'url': 'https://external-preview.redd.it/OXBkd29vYTBzNm1mMRyQ8F_KTdCD_nfMoLrf3LuRECKXhYyezviJ9ZlYKClD.png?width=960&crop=smart&format=pjpg&auto=webp&s=8572027050ce830913d4ad5d91db8ddcea20d120', 'width': 960, 'height': 540}, {'url': 'https://external-preview.redd.it/OXBkd29vYTBzNm1mMRyQ8F_KTdCD_nfMoLrf3LuRECKXhYyezviJ9ZlYKClD.png?width=1080&crop=smart&format=pjpg&auto=webp&s=8cb6e97dd77290ff080683a5b92ccd5e977a3207', 'width': 1080, 'height': 607}]}], 'enabled': False}",False,,False,/r/Battlefield/comments/1n46fvx/my_all_time_battlefield_moment_helicopters_in_bf6/,Battlefield,1756572545.0,7,1.0,🪖Only In Battlefield💥
1n460oe,https://i.redd.it/9gi9gluyo6mf1.png,,0,Were you upset about that?,TeachingOwn8058,False,False,False,"{'images': [{'id': 'q3v2Vleu_0sZv7RwwzkUZJaZfdzsoc8Hq7vpukz6yGs', 'source': {'url': 'https://preview.redd.it/9gi9gluyo6mf1.png?auto=webp&s=37c0830268a8d341ad5c34d0c2a433495e2f0b0a', 'width': 1080, 'height': 758}, 'variants': {}, 'resolutions': [{'url': 'https://preview.redd.it/9gi9gluyo6mf1.png?width=108&crop=smart&auto=webp&s=cf7630bb72ca06fa2bb700abfe245b761128d08e', 'width': 108, 'height': 75}, {'url': 'https://preview.redd.it/9gi9gluyo6mf1.png?width=216&crop=smart&auto=webp&s=3223741eda28068f0274036307953fd6f5aaccf3', 'width': 216, 'height': 151}, {'url': 'https://preview.redd.it/9gi9gluyo6mf1.png?width=320&crop=smart&auto=webp&s=1bb9d7ea84f3ad812f9ce11ef3f2402db51f6c93', 'width': 320, 'height': 224}, {'url': 'https://preview.redd.it/9gi9gluyo6mf1.png?width=640&crop=smart&auto=webp&s=0b4c56426a62efdb7c3b4086471a69b5566548fd', 'width': 640, 'height': 449}, {'url': 'https://preview.redd.it/9gi9gluyo6mf1.png?width=960&crop=smart&auto=webp&s=6fb855e889022a8c2877caee06180d72fefccaf7', 'width': 960, 'height': 673}, {'url': 'https://preview.redd.it/9gi9gluyo6mf1.png?width=1080&crop=smart&auto=webp&s=1eb3dd5e287eeea42f62ba09fb2cc01e082ad3a2', 'width': 1080, 'height': 758}]}], 'enabled': True}",False,"For HK416 fans like me. I believe there will be an HK416 in the future, in BF3 there is the M27 and M416 and they are identical there too. Those who played with it at Apha reported that it has the weight and mobility of an Assault but as there are those who prefer to play assault and with closed weapons, they will have to use it only in support and so I believe so, then the M416 will come (that's what I believe).
It's going to be my favorite weapon in BF6, the HK are beautiful.",False,/r/Battlefield/comments/1n460oe/were_you_upset_about_that/,Battlefield,1756571516.0,12,0.4,Discussion
1n45typ,https://www.reddit.com/r/PcBuildHelp/comments/1n45typ/update_to_rtx_5080/,,1,Update to RTX 5080?,AgreeableSnow3849,1756571583.0,True,False,,False,"I have the current setup as follows:

CPU: Intel 11th gen i7-11700k @ 3.6GHz

RAM: 32GB DDR4 3600MHz

Motherboard: ASUS Prime Z590-P

Graphics: NVidia RTX 3070

Monitor: Samsung Odyssey G9 45""

I am getting ready for the upcoming BF6 release and was thinking of updating to RTX 5080. I was looking at ASUS Prime RTX 5080 OC as it's almost 400€ cheaper than the TUF version. I played the beta and it was running ok (maybe 70fps) with all low settings and with 5120x1440 resolution.

Does this update make sense or should I first update the CPU/RAM/etc.?",False,/r/PcBuildHelp/comments/1n45typ/update_to_rtx_5080/,PcBuildHelp,1756571064.0,0,1.0,Build Question
1n45t2h,https://www.reddit.com/r/pcmasterrace/comments/1n45t2h/update_to_rtx_5080/,,0,Update to RTX 5080?,AgreeableSnow3849,1756571601.0,True,False,,False,"I have the current setup as follows:

CPU: Intel 11th gen i7-11700k @ 3.6GHz

RAM: 32GB DDR4 3600MHz

Motherboard: ASUS Prime Z590-P

Graphics: NVidia RTX 3070

Monitor: Samsung Odyssey G9 45""

I am getting ready for the upcoming BF6 release and was thinking of updating to RTX 5080. I was looking at ASUS Prime RTX 5080 OC as it's almost 400€ cheaper than the TUF version. I played the beta and it was running ok (maybe 70fps) with all low settings and with 5120x1440 resolution.

Does this update make sense or should I first update the CPU/RAM/etc.?",False,/r/pcmasterrace/comments/1n45t2h/update_to_rtx_5080/,pcmasterrace,1756571006.0,2,0.5,Question
1n45s9s,https://www.reddit.com/r/nvidia/comments/1n45s9s/upgrade_to_5080/,,3,Upgrade to 5080?,AgreeableSnow3849,1756571555.0,True,False,,False,"I have the current setup as follows:

CPU: Intel 11th gen i7-11700k @ 3.6GHz

RAM: 32GB DDR4 3600MHz

Motherboard: ASUS Prime Z590-P

Graphics: NVidia RTX 3070

Monitor: Samsung Odyssey G9 45""

I am getting ready for the upcoming BF6 release and was thinking of updating to RTX 5080. I was looking at ASUS Prime RTX 5080 OC as it's almost 400€ cheaper than the TUF version. I played the beta and it was running ok (maybe 70fps) with all low settings and with 5120x1440 resolution.

Does this update make sense or should I first update the CPU/RAM/etc.?",False,/r/nvidia/comments/1n45s9s/upgrade_to_5080/,nvidia,1756570952.0,27,0.57,Question
1n45rs0,https://www.reddit.com/r/Battlefield/comments/1n45rs0/i_miss_commanders/,,8,I miss commanders,BEAT_LA,False,True,False,,False,"BF6 could really have the cherry on top with commanders like the old days. Issuing orders to specific squads, supply drops, UAV, all that other stuff could be so awesome. ",False,/r/Battlefield/comments/1n45rs0/i_miss_commanders/,Battlefield,1756570920.0,4,0.75,Battlefield 6
1n45mce,https://www.reddit.com/r/battlefield2042/comments/1n45mce/so_what_tier_is_everyone_at_in_the_pass/,,72,So what Tier is everyone at in the pass?,BUR6S,False,True,False,,False,"Just want to check in with the community to see how everyone’s doing in their pass. I mean this as genuine “low sodium” question. Personally I’ve been grinding the pass probably harder than most, I genuinely enjoy the game and have been having an unexpected blast playing it. I played Halo Infinite for the last 3 years (another fellow “trainwreck” lmao) and only just hopped on 2042 for the new BP for BF6, having not played since launch. Like I said though I didn’t expect to enjoy the game this much.

I just hit Tier 40 today. Are you grinding it out? Waiting for weeklies and going casually? What tier are you currently sitting at?",False,/r/battlefield2042/comments/1n45mce/so_what_tier_is_everyone_at_in_the_pass/,battlefield2042,1756570551.0,264,0.88,Discussion
1n45eg9,https://i.redd.it/co7h29s9k6mf1.jpeg,,1113,"I don't play BF6, but the new Miraak Valley leaks are looking hella good guys",LinceDorado,False,False,False,"{'images': [{'id': 'wQkmYssTd0RYHEA1B49bl4YajI81nsHoScsKpbG7ukg', 'source': {'url': 'https://preview.redd.it/co7h29s9k6mf1.jpeg?auto=webp&s=e5da2b53edeb2a16de727048e76f5fd26fb21468', 'width': 1280, 'height': 721}, 'variants': {}, 'resolutions': [{'url': 'https://preview.redd.it/co7h29s9k6mf1.jpeg?width=108&crop=smart&auto=webp&s=00b64db622d991a47f9e641c2b30d2068d28d3a1', 'width': 108, 'height': 60}, {'url': 'https://preview.redd.it/co7h29s9k6mf1.jpeg?width=216&crop=smart&auto=webp&s=57ed7aef4678429651cb0dbdf1a633120f0509c3', 'width': 216, 'height': 121}, {'url': 'https://preview.redd.it/co7h29s9k6mf1.jpeg?width=320&crop=smart&auto=webp&s=2ebe2984799ef46eb12b01f95ef782c510731c59', 'width': 320, 'height': 180}, {'url': 'https://preview.redd.it/co7h29s9k6mf1.jpeg?width=640&crop=smart&auto=webp&s=68fa8b438c377193d4384335517a4f8dc49d17ad', 'width': 640, 'height': 360}, {'url': 'https://preview.redd.it/co7h29s9k6mf1.jpeg?width=960&crop=smart&auto=webp&s=119b33889b513bb62f30c1f3e89f58f4b5b694ba', 'width': 960, 'height': 540}, {'url': 'https://preview.redd.it/co7h29s9k6mf1.jpeg?width=1080&crop=smart&auto=webp&s=1063af7c350846696dd70cb722e218cffd6fa272', 'width': 1080, 'height': 608}]}], 'enabled': True}",False,,False,/r/Battlefield/comments/1n45eg9/i_dont_play_bf6_but_the_new_miraak_valley_leaks/,Battlefield,1756570002.0,25,0.98,Meme
1n45dn9,https://www.reddit.com/r/Battlefield/comments/1n45dn9/new_battlefield_6_fanmade_trailer/,,0,New Battlefield 6 Fan-Made Trailer !,Senior_Current_6244,False,True,False,"{'images': [{'id': 'PstuZIKBipefHOPuliLDdKn_i-tHVawW5DlV3AuRiDo', 'source': {'url': 'https://external-preview.redd.it/PstuZIKBipefHOPuliLDdKn_i-tHVawW5DlV3AuRiDo.jpeg?auto=webp&s=54badd5544bc1aed083a1f6857779dc3d3457b27', 'width': 480, 'height': 360}, 'variants': {}, 'resolutions': [{'url': 'https://external-preview.redd.it/PstuZIKBipefHOPuliLDdKn_i-tHVawW5DlV3AuRiDo.jpeg?width=108&crop=smart&auto=webp&s=c8ff8f67ec8bb87da8bb893d596f6be711dd4ecf', 'width': 108, 'height': 81}, {'url': 'https://external-preview.redd.it/PstuZIKBipefHOPuliLDdKn_i-tHVawW5DlV3AuRiDo.jpeg?width=216&crop=smart&auto=webp&s=6af1c74e08e7baac6a0e5b6242648f92d705c588', 'width': 216, 'height': 162}, {'url': 'https://external-preview.redd.it/PstuZIKBipefHOPuliLDdKn_i-tHVawW5DlV3AuRiDo.jpeg?width=320&crop=smart&auto=webp&s=cba1a0cdced2f4d2402d089b1b262b5bfa47c46a', 'width': 320, 'height': 240}]}], 'enabled': False}",False,"Hey soldiers! I’ve been working on a **cinematic fan-made trailer for Battlefield VI**, edited with epic gameplay footage and powerful music!!  
 My goal: capture the heroic and glorious vibe of the Battlefield franchise ;)!!

 Watch the video here: [https://www.youtube.com/watch?v=McwLWiSVAz8](https://www.youtube.com/watch?v=McwLWiSVAz8)  
 Let me know your thoughts in the comments!



\#Battlefield6 #BF6 #FanMade #Trailer",False,/r/Battlefield/comments/1n45dn9/new_battlefield_6_fanmade_trailer/,Battlefield,1756569948.0,1,0.5,Battlefield 6
1n45cag,https://www.reddit.com/r/Battlefield/comments/1n45cag/nouveau_trailer_battlefield_6_fanmade/,,0,Nouveau Trailer Battlefield 6 (Fan-Made) 🔥,Senior_Current_6244,False,True,False,"{'images': [{'id': 'PstuZIKBipefHOPuliLDdKn_i-tHVawW5DlV3AuRiDo', 'source': {'url': 'https://external-preview.redd.it/PstuZIKBipefHOPuliLDdKn_i-tHVawW5DlV3AuRiDo.jpeg?auto=webp&s=54badd5544bc1aed083a1f6857779dc3d3457b27', 'width': 480, 'height': 360}, 'variants': {}, 'resolutions': [{'url': 'https://external-preview.redd.it/PstuZIKBipefHOPuliLDdKn_i-tHVawW5DlV3AuRiDo.jpeg?width=108&crop=smart&auto=webp&s=c8ff8f67ec8bb87da8bb893d596f6be711dd4ecf', 'width': 108, 'height': 81}, {'url': 'https://external-preview.redd.it/PstuZIKBipefHOPuliLDdKn_i-tHVawW5DlV3AuRiDo.jpeg?width=216&crop=smart&auto=webp&s=6af1c74e08e7baac6a0e5b6242648f92d705c588', 'width': 216, 'height': 162}, {'url': 'https://external-preview.redd.it/PstuZIKBipefHOPuliLDdKn_i-tHVawW5DlV3AuRiDo.jpeg?width=320&crop=smart&auto=webp&s=cba1a0cdced2f4d2402d089b1b262b5bfa47c46a', 'width': 320, 'height': 240}]}], 'enabled': False}",False,"Salut à tous ! J’ai bossé sur un **trailer cinématique de Battlefield VI**, monté avec des images de gameplay et une musique épique.  
Le but : recréer l’ambiance glorieuse et héroïque de la saga Battlefield. ;) !!!

 Regardez la vidéo ici : [https://www.youtube.com/watch?v=McwLWiSVAz8](https://www.youtube.com/watch?v=McwLWiSVAz8)  
 Dites-moi ce que vous en pensez !



\#Battlefield6 #BF6 #FanMade #Trailer",False,/r/Battlefield/comments/1n45cag/nouveau_trailer_battlefield_6_fanmade/,Battlefield,1756569855.0,0,0.5,Battlefield 6
1n458st,https://www.reddit.com/r/Battlefield/comments/1n458st/bf6_beta_something_missing/,,4,BF6 Beta something missing?,R3dscar3,False,True,False,,False,"Did anyone else during the beta for battlefield 6 notice that you couldn't throw back grenades? I attempted to do this multiple times in different matches and tried different inputs, but I don't think the mechanic was implemented in the beta which I thought was weird. Can anyone confirm if it's going to be in the full release of the game?",False,/r/Battlefield/comments/1n458st/bf6_beta_something_missing/,Battlefield,1756569628.0,2,0.75,Battlefield 6
1n44vtr,https://www.reddit.com/r/battlefield2042/comments/1n44vtr/bf6_discussion/,,1,BF6 discussion,PhraseOne7958,False,True,False,,False,"Based on the beta experience, what features do we think should be added or removed for BF6? For starters i would like them to bring back the commander role and remove the auto spot feature. ",False,/r/battlefield2042/comments/1n44vtr/bf6_discussion/,battlefield2042,1756568717.0,7,0.67,Discussion
1n44jxn,https://i.redd.it/8psfihbwd6mf1.jpeg,,460,BF6 Is it a ladder...and a RAMP???,jcaashby,False,False,False,"{'images': [{'id': 'BvBG5v4eNChbgp85x3e804ZWa_WhlroUnU84TEApD5U', 'source': {'url': 'https://preview.redd.it/8psfihbwd6mf1.jpeg?auto=webp&s=024f02d42d34d48b4a751ccc757303bdd494ac84', 'width': 2457, 'height': 1351}, 'variants': {}, 'resolutions': [{'url': 'https://preview.redd.it/8psfihbwd6mf1.jpeg?width=108&crop=smart&auto=webp&s=cac586f958062299cd05663ab269d5ad996477ba', 'width': 108, 'height': 59}, {'url': 'https://preview.redd.it/8psfihbwd6mf1.jpeg?width=216&crop=smart&auto=webp&s=98fdea346003a5d8eb5ad937f424c245063e6b57', 'width': 216, 'height': 118}, {'url': 'https://preview.redd.it/8psfihbwd6mf1.jpeg?width=320&crop=smart&auto=webp&s=00e3e72307dd3063fbd2e02cafe0838fba74935c', 'width': 320, 'height': 175}, {'url': 'https://preview.redd.it/8psfihbwd6mf1.jpeg?width=640&crop=smart&auto=webp&s=6482cad7d9c4655c5bbead189527df41c3d285fc', 'width': 640, 'height': 351}, {'url': 'https://preview.redd.it/8psfihbwd6mf1.jpeg?width=960&crop=smart&auto=webp&s=c854edd179ea673e98ace33942be820a19fa1c7f', 'width': 960, 'height': 527}, {'url': 'https://preview.redd.it/8psfihbwd6mf1.jpeg?width=1080&crop=smart&auto=webp&s=fa91a02643f14253280ac7bd6497701eb8364404', 'width': 1080, 'height': 593}]}], 'enabled': True}",False,"This is a screen shot from the MP trailer from a few weeks ago and we see players CLIMBING ladders in the distance. But to the left....the player is walking up a ramp. 

I just watched a clip someone posted showing the ladder in action but it was not a ladder it was the ramp you see on the left. 

  
[https://www.reddit.com/r/Battlefield/comments/1n3vb90/the\_ladder\_in\_operation/](https://www.reddit.com/r/Battlefield/comments/1n3vb90/the_ladder_in_operation/)

So I am wondering can it do BOTH?? ",False,/r/Battlefield/comments/1n44jxn/bf6_is_it_a_ladderand_a_ramp/,Battlefield,1756567891.0,81,0.96,Battlefield 6
1n44div,https://www.reddit.com/r/Battlefield/comments/1n44div/eaac_crashes_and_bsod_for_bf2042/,,2,EAAC Crashes and BSOD for BF2042,e4rthdog,1756568082.0,True,False,"{'images': [{'id': '2iY1A9r3V9Ivi6krZKIaquY0CKjz48R5RshQ_2hUEfA', 'source': {'url': 'https://external-preview.redd.it/2iY1A9r3V9Ivi6krZKIaquY0CKjz48R5RshQ_2hUEfA.png?auto=webp&s=eb9f6919a0ca320e7dec6dc9bf7f140ae8c766ee', 'width': 250, 'height': 250}, 'variants': {}, 'resolutions': [{'url': 'https://external-preview.redd.it/2iY1A9r3V9Ivi6krZKIaquY0CKjz48R5RshQ_2hUEfA.png?width=108&crop=smart&auto=webp&s=aaa7f7e4b06faf35ee69f2c7a9c5854d041d9eb9', 'width': 108, 'height': 108}, {'url': 'https://external-preview.redd.it/2iY1A9r3V9Ivi6krZKIaquY0CKjz48R5RshQ_2hUEfA.png?width=216&crop=smart&auto=webp&s=10a630bfa960dfdcaf1409a4cdeaf52a6a80da9f', 'width': 216, 'height': 216}]}], 'enabled': False}",False,"Me desktop rig is a 24x7 MSFS2024 machine, rock solid stable.

All battlefields are running ok except BF2042 cause of EA Anticheat. Lost 2 days reading and trying everything i could read or think:

### Things I have already tried (none of these fixed it):

- DDU clean NVIDIA driver reinstall (latest 581.15 WHQL)  
- Updated BIOS (MSI MAG Z790 TOMAHAWK WIFI → Aug 2025)  
- Loaded BIOS optimized defaults (no OC, ReBAR ON, XMP defaults)  
- Disabled HAGS (Hardware Accelerated GPU Scheduling)  
- Disabled Future Frame Rendering / tested Borderless window mode  
- Turned off all overlays (EA App, Discord, Steam, NVIDIA)  
- Uninstalled monitoring/utility apps:  
  - MSI Afterburner  
  - RivaTuner Statistics Server (RTSS)  
  - HWiNFO  
  - Corsair iCUE  
  - ESET AV  
- Disabled VPN & extra network drivers:  
  - Surfshark adapter  
  - Cisco AnyConnect adapter  
  - Unbound Hyper-V switch from NIC  
- Booted with Hyper-V disabled
- Fully reinstalled EA Anti-Cheat as per EA's guide
- Disabled VBS (Virtualization Based Security) / Memory Integrity  
- Confirmed no NVIDIA GeForce Experience present  
- Confirmed Secure Boot ON, Core Isolation ON, Memory Integrity OFF  
- Ran tests both with iCUE closed and completely uninstalled  

Still consistent BSODs (`IRQL_NOT_LESS_OR_EQUAL`) or CTDs (`0xC0000005`) within ~5 minutes of BF2042. 
Dumps consistently point to `eaanticheat.sys` or EA Anti-Cheat service.  

The funny thing is that in my laptop (13900H / 4070) with similar apps and config , everything runs ok without disabling anything, nor afterburner, overlays, riot client and vanguard etc.

My Desktop has a 14700k / 4070 Ti super. Currently i have no way of playing BF2042/BF6 on my main rig.

Any news on what's going on with the EAAC?

Here are a dimp file , analysis and a screenshot from event viewer : https://www.mediafire.com/folder/10f5dybcsxusg/EA",False,/r/Battlefield/comments/1n44div/eaac_crashes_and_bsod_for_bf2042/,Battlefield,1756567452.0,6,1.0,Discussion
1n448dl,https://v.redd.it/p2lk6xnza6mf1,"{'reddit_video': {'width': 854, 'height': 352, 'is_gif': False, 'hls_url': 'https://v.redd.it/p2lk6xnza6mf1/HLSPlaylist.m3u8?a=1759188424%2CNWVlMmU2MmFkOGNhNTQ3NTdlZDQ4NmM0ZTA5NDI3MWY4NWUwMTA1YmEyNWIxNDE3NThmYzRhZTNlY2Y4Nzc1ZA%3D%3D&v=1&f=sd', 'dash_url': 'https://v.redd.it/p2lk6xnza6mf1/DASHPlaylist.mpd?a=1759188424%2COWY2ZWNmZmE0NGE5YTM5ZDM3ZWQ5ZTZkMWQ4MGE1YTA3OTNlNmIxNTI1ZThhZjU4MDczYmY3YjRmYWVkYzBlYg%3D%3D&v=1&f=sd', 'duration': 658, 'has_audio': True, 'bitrate_kbps': 1200, 'fallback_url': 'https://v.redd.it/p2lk6xnza6mf1/DASH_480.mp4?source=fallback', 'scrubber_media_url': 'https://v.redd.it/p2lk6xnza6mf1/DASH_96.mp4', 'transcoding_status': 'completed'}}",1,BF6 Mirak Valley esplorazione completa!,Animal_Hell,False,False,False,"{'images': [{'id': 'ZHo5cG45Z3phNm1mMX-SiS7hsuGvlJel2L3kREPVhjeDmV18iuWV2h9vfUm1', 'source': {'url': 'https://external-preview.redd.it/ZHo5cG45Z3phNm1mMX-SiS7hsuGvlJel2L3kREPVhjeDmV18iuWV2h9vfUm1.png?format=pjpg&auto=webp&s=5fb94e81b3b2283e8ec13b7b32247ba6c36ba085', 'width': 1280, 'height': 528}, 'variants': {}, 'resolutions': [{'url': 'https://external-preview.redd.it/ZHo5cG45Z3phNm1mMX-SiS7hsuGvlJel2L3kREPVhjeDmV18iuWV2h9vfUm1.png?width=108&crop=smart&format=pjpg&auto=webp&s=8e0a39a214c761fe9eff631fddac5c6e2b2897b0', 'width': 108, 'height': 44}, {'url': 'https://external-preview.redd.it/ZHo5cG45Z3phNm1mMX-SiS7hsuGvlJel2L3kREPVhjeDmV18iuWV2h9vfUm1.png?width=216&crop=smart&format=pjpg&auto=webp&s=a9cd0f622c52028f2979bbaaa23dbb5c7f058d5d', 'width': 216, 'height': 89}, {'url': 'https://external-preview.redd.it/ZHo5cG45Z3phNm1mMX-SiS7hsuGvlJel2L3kREPVhjeDmV18iuWV2h9vfUm1.png?width=320&crop=smart&format=pjpg&auto=webp&s=b9619b51a03042c11d1f1148da3f785ae94abf8e', 'width': 320, 'height': 132}, {'url': 'https://external-preview.redd.it/ZHo5cG45Z3phNm1mMX-SiS7hsuGvlJel2L3kREPVhjeDmV18iuWV2h9vfUm1.png?width=640&crop=smart&format=pjpg&auto=webp&s=3f977c13e33f8b23357f93c8a754b64d05747cfe', 'width': 640, 'height': 264}, {'url': 'https://external-preview.redd.it/ZHo5cG45Z3phNm1mMX-SiS7hsuGvlJel2L3kREPVhjeDmV18iuWV2h9vfUm1.png?width=960&crop=smart&format=pjpg&auto=webp&s=1f7cb4ded27869089a480e0c7efc1ac75f91d5a3', 'width': 960, 'height': 396}, {'url': 'https://external-preview.redd.it/ZHo5cG45Z3phNm1mMX-SiS7hsuGvlJel2L3kREPVhjeDmV18iuWV2h9vfUm1.png?width=1080&crop=smart&format=pjpg&auto=webp&s=30c442426c0d811a27a26224bf40e6ee0f17f58a', 'width': 1080, 'height': 445}]}], 'enabled': False}",False,Ma che figata di Dio è??? 🫠🫠🫠🫠😍😍😍,False,/r/BATTLEFIELD6_ITALIANI/comments/1n448dl/bf6_mirak_valley_esplorazione_completa/,BATTLEFIELD6_ITALIANI,1756567106.0,0,1.0,
1n43v7h,https://www.reddit.com/r/Battlefield/comments/1n43v7h/looking_for_germanspeaking_battlefield_6_players/,,2,Looking for German-speaking Battlefield 6 players – Casual Crossplay Squad [PC | PS5 | Xbox],Delicious_Ad2337,False,True,False,"{'images': [{'id': 'TaalqAqVUhIbr04hh2Dr1sqCIoGOwCGKeKW9CFdRp-Q', 'source': {'url': 'https://external-preview.redd.it/TaalqAqVUhIbr04hh2Dr1sqCIoGOwCGKeKW9CFdRp-Q.png?auto=webp&s=44c72f9e4c65c61dc70177a47160bef9b73f760e', 'width': 395, 'height': 381}, 'variants': {}, 'resolutions': [{'url': 'https://external-preview.redd.it/TaalqAqVUhIbr04hh2Dr1sqCIoGOwCGKeKW9CFdRp-Q.png?width=108&crop=smart&auto=webp&s=bec84a49825b90ca1e8bcf2479a037f190347a21', 'width': 108, 'height': 104}, {'url': 'https://external-preview.redd.it/TaalqAqVUhIbr04hh2Dr1sqCIoGOwCGKeKW9CFdRp-Q.png?width=216&crop=smart&auto=webp&s=00a3b0020bea0d332daee61b6be524f3bc56f783', 'width': 216, 'height': 208}, {'url': 'https://external-preview.redd.it/TaalqAqVUhIbr04hh2Dr1sqCIoGOwCGKeKW9CFdRp-Q.png?width=320&crop=smart&auto=webp&s=a58e9b81e4f48baca51dcee626245e73b3494616', 'width': 320, 'height': 308}]}], 'enabled': False}",False,"Hey everyone 👋

With Battlefield 6 around the corner, we’re building a **German-speaking Crossplay Clan** across **PC, PS5 & Xbox**.  
We’re casual, fun-oriented, and running weekly sessions via Discord.

---

**🎯 What we offer:**

• Chill, team-focused players  
• Structured squad roles (but no pressure)  
• Weekly events, tactics & banter  
• Active Discord with info & squads  
• Established since Battlefield 2

---

If you're from 🇩🇪 Germany, Austria or Switzerland (or just speak German), feel free to join:

🌐 Website: [https://warfighters.de](https://warfighters.de)  
💬 Discord: [https://discord.gg/warfighters](https://discord.gg/warfighters)

---

No requirements. Just be respectful, play the objective – and maybe revive us once in a while 😅  
Looking forward to meeting some new folks for BF6!",False,/r/Battlefield/comments/1n43v7h/looking_for_germanspeaking_battlefield_6_players/,Battlefield,1756566209.0,0,0.67,Battlefield 6
1n43qtv,https://www.reddit.com/r/battlefield2042/comments/1n43qtv/why_is_there_zero_communication_in_this_game_chat/,,1,"Why is there zero communication in this game, chat or voice?",GabenFixPls,False,True,False,,False,"I've been playing since BF6 Beta hype ended and I have almost 100 hours in this game and after all the hours I’ve spent in BF2042 I see almost no one communicating at all, not even in chat. 

Even the less popular Star Wars Battlefront 2 has people using the chat, but not this game. What am I missing?",False,/r/battlefield2042/comments/1n43qtv/why_is_there_zero_communication_in_this_game_chat/,battlefield2042,1756565928.0,17,0.54,PC
1n438wg,https://youtu.be/UZhpBxkSg8k?si=RNwOrs_1ZyqlMQTR,"{'type': 'youtube.com', 'oembed': {'html': '<iframe width=""356"" height=""200"" src=""https://www.youtube.com/embed/UZhpBxkSg8k?feature=oembed&enablejsapi=1"" frameborder=""0"" allow=""accelerometer; autoplay; clipboard-write; encrypted-media; gyroscope; picture-in-picture; web-share"" referrerpolicy=""strict-origin-when-cross-origin"" allowfullscreen title=""BF6 - BOOM Ragdoll lol #battlefield #bf6 #gaming #sodiumscrub ""></iframe>', 'type': 'video', 'title': 'BF6 - BOOM Ragdoll lol #battlefield #bf6 #gaming #sodiumscrub ', 'width': 356, 'height': 200, 'version': '1.0', 'author_url': 'https://www.youtube.com/@sodiumscrub', 'author_name': 'SodiumScrub', 'provider_url': 'https://www.youtube.com/', 'provider_name': 'YouTube', 'thumbnail_url': 'https://i.ytimg.com/vi/UZhpBxkSg8k/hqdefault.jpg', 'thumbnail_width': 480, 'thumbnail_height': 360}}",2,BF6 - BOOM Ragdoll lol #battlefield #bf6 #gaming #sodiumscrub,SodiumScrub,False,False,False,"{'images': [{'id': 'is7bnYEMyTeMuXe5M1iIKsw4ArIfi66i2F6M7a9PDok', 'source': {'url': 'https://external-preview.redd.it/is7bnYEMyTeMuXe5M1iIKsw4ArIfi66i2F6M7a9PDok.jpeg?auto=webp&s=85403578a591d3a9b05906030c19dbf86d365ba9', 'width': 480, 'height': 360}, 'variants': {}, 'resolutions': [{'url': 'https://external-preview.redd.it/is7bnYEMyTeMuXe5M1iIKsw4ArIfi66i2F6M7a9PDok.jpeg?width=108&crop=smart&auto=webp&s=56084b2a7414428d33b24ac5ee4d440ad569f6c3', 'width': 108, 'height': 81}, {'url': 'https://external-preview.redd.it/is7bnYEMyTeMuXe5M1iIKsw4ArIfi66i2F6M7a9PDok.jpeg?width=216&crop=smart&auto=webp&s=d3317fbd73027eb590e4192cc10e014710329225', 'width': 216, 'height': 162}, {'url': 'https://external-preview.redd.it/is7bnYEMyTeMuXe5M1iIKsw4ArIfi66i2F6M7a9PDok.jpeg?width=320&crop=smart&auto=webp&s=9ddd430295da3cd521b9dbb659b483a718a8aee2', 'width': 320, 'height': 240}]}], 'enabled': False}",False,"Those physics, lol.",False,/r/Battlefield/comments/1n438wg/bf6_boom_ragdoll_lol_battlefield_bf6_gaming/,Battlefield,1756564699.0,0,0.75,Fan Content
1n438hf,https://youtu.be/UZhpBxkSg8k?si=icZnxQtAkinv3JfA,"{'type': 'youtube.com', 'oembed': {'html': '<iframe width=""356"" height=""200"" src=""https://www.youtube.com/embed/UZhpBxkSg8k?feature=oembed&enablejsapi=1"" frameborder=""0"" allow=""accelerometer; autoplay; clipboard-write; encrypted-media; gyroscope; picture-in-picture; web-share"" referrerpolicy=""strict-origin-when-cross-origin"" allowfullscreen title=""BF6 - BOOM Ragdoll lol #battlefield #bf6 #gaming #sodiumscrub ""></iframe>', 'type': 'video', 'title': 'BF6 - BOOM Ragdoll lol #battlefield #bf6 #gaming #sodiumscrub ', 'width': 356, 'height': 200, 'version': '1.0', 'author_url': 'https://www.youtube.com/@sodiumscrub', 'author_name': 'SodiumScrub', 'provider_url': 'https://www.youtube.com/', 'provider_name': 'YouTube', 'thumbnail_url': 'https://i.ytimg.com/vi/UZhpBxkSg8k/hqdefault.jpg', 'thumbnail_width': 480, 'thumbnail_height': 360}}",1,BF6 - BOOM Ragdoll lol #battlefield #bf6 #gaming #sodiumscrub,SodiumScrub,False,False,False,"{'images': [{'id': 'is7bnYEMyTeMuXe5M1iIKsw4ArIfi66i2F6M7a9PDok', 'source': {'url': 'https://external-preview.redd.it/is7bnYEMyTeMuXe5M1iIKsw4ArIfi66i2F6M7a9PDok.jpeg?auto=webp&s=85403578a591d3a9b05906030c19dbf86d365ba9', 'width': 480, 'height': 360}, 'variants': {}, 'resolutions': [{'url': 'https://external-preview.redd.it/is7bnYEMyTeMuXe5M1iIKsw4ArIfi66i2F6M7a9PDok.jpeg?width=108&crop=smart&auto=webp&s=56084b2a7414428d33b24ac5ee4d440ad569f6c3', 'width': 108, 'height': 81}, {'url': 'https://external-preview.redd.it/is7bnYEMyTeMuXe5M1iIKsw4ArIfi66i2F6M7a9PDok.jpeg?width=216&crop=smart&auto=webp&s=d3317fbd73027eb590e4192cc10e014710329225', 'width': 216, 'height': 162}, {'url': 'https://external-preview.redd.it/is7bnYEMyTeMuXe5M1iIKsw4ArIfi66i2F6M7a9PDok.jpeg?width=320&crop=smart&auto=webp&s=9ddd430295da3cd521b9dbb659b483a718a8aee2', 'width': 320, 'height': 240}]}], 'enabled': False}",False,"Those physics, lol.",False,/r/Battlefield6/comments/1n438hf/bf6_boom_ragdoll_lol_battlefield_bf6_gaming/,Battlefield6,1756564672.0,0,1.0,Video
1n437km,https://v.redd.it/0o96nc0v36mf1,"{'reddit_video': {'width': 1280, 'height': 528, 'is_gif': False, 'hls_url': 'https://v.redd.it/0o96nc0v36mf1/HLSPlaylist.m3u8?a=1759188424%2CZGQ4YWM0NDg2MzlhZDM2ZjViMGM0MGZlZWJjNDUwMGM4MzcxNjkxYTFlNWQ4N2UwMzZlYWYwNDZlNmVjMjM0Yw%3D%3D&v=1&f=sd', 'dash_url': 'https://v.redd.it/0o96nc0v36mf1/DASHPlaylist.mpd?a=1759188424%2CZWIzNTI4NWQ2OGM0MTk5ZDBkZGE5YzM2Y2MyYjIwYzMzZDU1YjIwMTQ2Yzc5YjQxZmY2OWJkNWM5OGVjOTM0OQ%3D%3D&v=1&f=sd', 'duration': 658, 'has_audio': True, 'bitrate_kbps': 2400, 'fallback_url': 'https://v.redd.it/0o96nc0v36mf1/DASH_720.mp4?source=fallback', 'scrubber_media_url': 'https://v.redd.it/0o96nc0v36mf1/DASH_96.mp4', 'transcoding_status': 'completed'}}",3866,BF6 Mirak Valley entire map showcase,Fit-Support2256,False,False,False,"{'images': [{'id': 'ZHNzNW00M3YzNm1mMYQS2bbd5JakMAWd8pRRkVe59LkaaP0H_AtSWGbN6r10', 'source': {'url': 'https://external-preview.redd.it/ZHNzNW00M3YzNm1mMYQS2bbd5JakMAWd8pRRkVe59LkaaP0H_AtSWGbN6r10.png?format=pjpg&auto=webp&s=ee809378a2cd5457efc56a7aa95dd3f43bfa9f5e', 'width': 1440, 'height': 594}, 'variants': {}, 'resolutions': [{'url': 'https://external-preview.redd.it/ZHNzNW00M3YzNm1mMYQS2bbd5JakMAWd8pRRkVe59LkaaP0H_AtSWGbN6r10.png?width=108&crop=smart&format=pjpg&auto=webp&s=e5b2aeb53bd3cd357716da8f6707e6b7e90e6daf', 'width': 108, 'height': 44}, {'url': 'https://external-preview.redd.it/ZHNzNW00M3YzNm1mMYQS2bbd5JakMAWd8pRRkVe59LkaaP0H_AtSWGbN6r10.png?width=216&crop=smart&format=pjpg&auto=webp&s=95cc827604d484857cd94339a6e3c4370a312044', 'width': 216, 'height': 89}, {'url': 'https://external-preview.redd.it/ZHNzNW00M3YzNm1mMYQS2bbd5JakMAWd8pRRkVe59LkaaP0H_AtSWGbN6r10.png?width=320&crop=smart&format=pjpg&auto=webp&s=b79b679044e6bb66d1e5bbc1ea48bc788cc2066b', 'width': 320, 'height': 132}, {'url': 'https://external-preview.redd.it/ZHNzNW00M3YzNm1mMYQS2bbd5JakMAWd8pRRkVe59LkaaP0H_AtSWGbN6r10.png?width=640&crop=smart&format=pjpg&auto=webp&s=896a7d3b171afb318b67a56f65db1bc061cc93d0', 'width': 640, 'height': 264}, {'url': 'https://external-preview.redd.it/ZHNzNW00M3YzNm1mMYQS2bbd5JakMAWd8pRRkVe59LkaaP0H_AtSWGbN6r10.png?width=960&crop=smart&format=pjpg&auto=webp&s=5651b168c7182d3c345e4c02233d46ab732b67c9', 'width': 960, 'height': 396}, {'url': 'https://external-preview.redd.it/ZHNzNW00M3YzNm1mMYQS2bbd5JakMAWd8pRRkVe59LkaaP0H_AtSWGbN6r10.png?width=1080&crop=smart&format=pjpg&auto=webp&s=1223d904b34403f631ddce0e4ff7bf9e8ccf8de5', 'width': 1080, 'height': 445}]}], 'enabled': False}",False,"A full showcase of the whole map on foot. And for me i'd say im satisfied. Honestly, it's pretty big on the infantry side of things, seems like vehicles have great space as well.",False,/r/Battlefield/comments/1n437km/bf6_mirak_valley_entire_map_showcase/,Battlefield,1756564608.0,561,0.97,Battlefield 6
1n43579,https://www.reddit.com/r/battlefield2042/comments/1n43579/can_we_stop_some_of_the_other_modes_cannot_get/,,0,"Can we stop some of the other modes, cannot get into an AFK server.",themothafuckinog,False,True,False,,False,The AFK servers are always full so i’m finding it hard to get into one. Can we allow these servers to take priority so more people can access these servers to get these BF6 rewards? ,False,/r/battlefield2042/comments/1n43579/can_we_stop_some_of_the_other_modes_cannot_get/,battlefield2042,1756564452.0,4,0.38,Discussion
1n431p9,https://www.reddit.com/r/Battlefield/comments/1n431p9/controller_players/,,3,Controller players,NinjaGuidan,False,True,False,,False,"Controller players on BF6, is there anything you would love to see implemented for controller players? ",False,/r/Battlefield/comments/1n431p9/controller_players/,Battlefield,1756564207.0,6,0.8,Battlefield 6
1n42xk5,https://www.reddit.com/r/Battlefield/comments/1n42xk5/portal_editor_for_coop_modes_in_bf6/,,6,Portal editor for coop modes in BF6,JerryLZ,False,True,False,,False,"I am a little confused by everyone's expectations but it seems like we would be able to create a insurgencyy style mode in the creator? Which I imagine wouldn't be too hard considering its like breakthrough but with more points and no AI on your own team, just 1-8 players. Limiting weapon slot types would be a cool touch too.

Or the COD coop missions would be another way to look at it. Couple of players vs horde of enemies. 

Think that will be a possibility and would you play that if it was tuned correctly outside of our usual pvp bashing?",False,/r/Battlefield/comments/1n42xk5/portal_editor_for_coop_modes_in_bf6/,Battlefield,1756563909.0,10,1.0,Battlefield Portal
1n42uc5,https://www.reddit.com/r/Battlefield/comments/1n42uc5/will_there_be_a_bf6_and_ps5_console_bundle/,,1,Will there be a BF6 and ps5 console bundle?,Matt_VL24,False,True,False,,False,"Will there be a BF6 and ps5 console bundle?
",False,/r/Battlefield/comments/1n42uc5/will_there_be_a_bf6_and_ps5_console_bundle/,Battlefield,1756563682.0,1,0.67,Battlefield 6
1n42tpn,https://youtube.com/watch?v=pxpXNHVwHnk&si=VtobGCgu9N2oIvpr,"{'type': 'youtube.com', 'oembed': {'html': '<iframe width=""356"" height=""200"" src=""https://www.youtube.com/embed/pxpXNHVwHnk?feature=oembed&enablejsapi=1"" frameborder=""0"" allow=""accelerometer; autoplay; clipboard-write; encrypted-media; gyroscope; picture-in-picture; web-share"" referrerpolicy=""strict-origin-when-cross-origin"" allowfullscreen title=""AUC3I - Daily Briefing  08-30-2025  On the WAR in Ukraine""></iframe>', 'type': 'video', 'title': 'AUC3I - Daily Briefing  08-30-2025  On the WAR in Ukraine', 'width': 356, 'height': 200, 'version': '1.0', 'author_url': 'https://www.youtube.com/@CobraCommans', 'author_name': 'AUC3I - Daily Briefing ', 'provider_url': 'https://www.youtube.com/', 'provider_name': 'YouTube', 'thumbnail_url': 'https://i.ytimg.com/vi/pxpXNHVwHnk/hqdefault.jpg', 'thumbnail_width': 480, 'thumbnail_height': 360}}",1,AUC3I - Daily Briefing  08-30-2025  On the WAR in Ukraine,AUC3I_SEC525,False,False,False,"{'images': [{'id': 'Wm2Lg-Oy_Pe-j8JppWzdsZG6rWHUhdQVVdIdiT4Iabo', 'source': {'url': 'https://external-preview.redd.it/Wm2Lg-Oy_Pe-j8JppWzdsZG6rWHUhdQVVdIdiT4Iabo.jpeg?auto=webp&s=e890afd103198abb39183366ac14f5060116b015', 'width': 480, 'height': 360}, 'variants': {}, 'resolutions': [{'url': 'https://external-preview.redd.it/Wm2Lg-Oy_Pe-j8JppWzdsZG6rWHUhdQVVdIdiT4Iabo.jpeg?width=108&crop=smart&auto=webp&s=eb42096bec5a6064837a149edfb73247c6d3c739', 'width': 108, 'height': 81}, {'url': 'https://external-preview.redd.it/Wm2Lg-Oy_Pe-j8JppWzdsZG6rWHUhdQVVdIdiT4Iabo.jpeg?width=216&crop=smart&auto=webp&s=3e8f82c3cf028e6fc849e2cc50fff749d0ff6a11', 'width': 216, 'height': 162}, {'url': 'https://external-preview.redd.it/Wm2Lg-Oy_Pe-j8JppWzdsZG6rWHUhdQVVdIdiT4Iabo.jpeg?width=320&crop=smart&auto=webp&s=8bbedacea9a3ba2be6c25eb8f501bc8dd0ab2824', 'width': 320, 'height': 240}]}], 'enabled': False}",False,"Understanding The War In Europe \_ Analyzing the situation on the ground with by way of an introduction, 3 points, and a conclusion #militaryanalysis #blackops #militaryoperations 



Combat Briefing Number 1282



""From:"" Colonel A.C. Oguntoye, Infantry Officer

""Subject:"" Operational Progress Report – August 30, 2025

""Classification:"" Strategic Briefing / Analyst Summary

 

\### Situation Overview



On the night of August 29–30, Russian forces launched a ""massive coordinated strike"" using high-precision ground, air, sea-based weapons, and unmanned aerial vehicles. Targets included ""Ukraine’s missile and aviation industry enterprises, as well as key military airfields"". All objectives were reportedly achieved, with designated targets destroyed. Supporting operations from operational-tactical aviation, missile troops, artillery, and UAV units struck ""152 separate targets"", including ammunition depots, UAV storage facilities, and temporary deployment areas of Ukrainian formations and foreign fighters. Air defense systems intercepted ""four Neptune long-range missiles, a guided bomb, and 233 Ukrainian UAVs"".

 

\### Ground Operations Summary



"" ""North Group (Sumy & Kharkiv):"" Engaged Ukrainian mechanized, airborne, assault, and National Guard units across multiple settlements. Enemy losses: ""185 personnel"", two armored vehicles, six artillery systems, and logistical assets including an EW station, counter-battery radar, and four warehouses.



"" ""West Group (Kharkiv & Donetsk):"" Improved tactical positioning near ""Kupyansk and Stavki"". Enemy losses: ""270+ personnel"", 10 armored vehicles (eight NATO-made), seven artillery systems, and six EW stations. Seven depots were destroyed, weakening local sustainment.



"" ""South Group (Donetsk):"" Advanced into stronger positions around ""Severesk, Konstantinovka, and Berestok"". Ukrainian formations suffered ""200+ casualties"", with two armored vehicles and five artillery guns destroyed. Ammunition depots and supply warehouses were neutralized, further constraining logistics.



"" ""Center Group (Donetsk):"" Improved front-line positions near ""Krasnoarmeysk and Rodinskoye"". Ukrainian brigades lost ""up to 405 personnel"", a tank, five armored vehicles (including a US M113), and three artillery guns. The operation eroded Ukrainian defensive cohesion in central Donetsk.



"" ""East Group (Donetsk & Dnipropetrovsk):"" Liberated ""Kamyshevakha"". Strikes against Ukrainian mechanized, marine, and territorial brigades resulted in ""250+ casualties"", destruction of six artillery systems (two NATO-made), and a warehouse of materiel. This liberation extends Russian depth of control in contested zones.



"" ""Dnepr Group (Zaporizhzhia & Kherson):"" Engaged coastal defense and mechanized units. Ukrainian forces lost ""80+ personnel"", 13 vehicles, one artillery gun, plus three EW stations and multiple depots. These actions disrupt Ukraine’s ability to stabilize defenses on the southern front.

 

\### Cumulative Losses (Since Feb 2022)



"" ""Aircraft:"" 666

"" ""Helicopters:"" 283

"" ""UAVs:"" 80,600

"" ""Tanks/Armored Vehicles:"" 24,878

"" ""Artillery/Mortars:"" 29,088

"" ""Special Vehicles:"" 40,681

 

\### Operational Analysis & Implications



1. ""Precision Strike Integration:"" The use of combined ground, air, and sea-based precision systems illustrates the Russian emphasis on ""multi-domain strike coordination"". Striking industrial and aviation assets reduces Ukraine’s replenishment capacity and further undermines long-range strike potential.



2. ""Sectoral Attrition:"" Casualty estimates across all fronts exceeded ""1,390 personnel in one day"", reflecting a strategy of sustained attrition to exhaust Ukrainian combat power gradually while maintaining territorial advances.



3. ""Tactical Gains:"" The liberation of Kamyshevakha and frontline improvements in Donetsk reflect an incremental but steady ""expansion of operational control"", securing staging grounds for future offensives.



4. ""Degradation of EW & Logistics:"" The repeated targeting of ""electronic warfare systems, depots, and warehouses"" reduces Ukrainian ability to conduct coordinated defense, counter-battery operations, and resupply missions.



5. ""Air Defense Effectiveness:"" Interceptions of ""Neptune missiles and UAVs"" highlight Russia’s capacity to blunt Ukraine’s strike assets, while mass UAV losses again raise sustainability concerns for Kyiv.

 

\### Strategic Outlook



Russian forces continue to pursue a combined approach of ""territorial encroachment, deep interdiction, and attritional degradation"". While territorial gains remain gradual, consistent pressure across all axes erodes Ukraine’s reserves and morale. The growing use of precision strike coordination underscores a shift toward ""synchronizing tactical maneuver with strategic strike operations"", aiming to deny Ukraine both battlefield initiative and industrial resilience.

 

\#MilitaryAnalysis #UkraineConflict #CombatBriefing #StrategicUpdate #OperationalDoctrine #Donetsk #Sumy #Zaporizhzhia #Kherson #bf6",False,/r/auc3i/comments/1n42tpn/auc3i_daily_briefing_08302025_on_the_war_in/,auc3i,1756563636.0,0,1.0,
1n42tae,https://youtube.com/watch?v=pxpXNHVwHnk&si=VtobGCgu9N2oIvpr,"{'type': 'youtube.com', 'oembed': {'html': '<iframe width=""356"" height=""200"" src=""https://www.youtube.com/embed/pxpXNHVwHnk?feature=oembed&enablejsapi=1"" frameborder=""0"" allow=""accelerometer; autoplay; clipboard-write; encrypted-media; gyroscope; picture-in-picture; web-share"" referrerpolicy=""strict-origin-when-cross-origin"" allowfullscreen title=""AUC3I - Daily Briefing  08-30-2025  On the WAR in Ukraine""></iframe>', 'type': 'video', 'title': 'AUC3I - Daily Briefing  08-30-2025  On the WAR in Ukraine', 'width': 356, 'height': 200, 'version': '1.0', 'author_url': 'https://www.youtube.com/@CobraCommans', 'author_name': 'AUC3I - Daily Briefing ', 'provider_url': 'https://www.youtube.com/', 'provider_name': 'YouTube', 'thumbnail_url': 'https://i.ytimg.com/vi/pxpXNHVwHnk/hqdefault.jpg', 'thumbnail_width': 480, 'thumbnail_height': 360}}",1,AUC3I - Daily Briefing  08-30-2025  On the WAR in Ukraine,AUC3I_SEC525,False,False,False,"{'images': [{'id': 'Wm2Lg-Oy_Pe-j8JppWzdsZG6rWHUhdQVVdIdiT4Iabo', 'source': {'url': 'https://external-preview.redd.it/Wm2Lg-Oy_Pe-j8JppWzdsZG6rWHUhdQVVdIdiT4Iabo.jpeg?auto=webp&s=e890afd103198abb39183366ac14f5060116b015', 'width': 480, 'height': 360}, 'variants': {}, 'resolutions': [{'url': 'https://external-preview.redd.it/Wm2Lg-Oy_Pe-j8JppWzdsZG6rWHUhdQVVdIdiT4Iabo.jpeg?width=108&crop=smart&auto=webp&s=eb42096bec5a6064837a149edfb73247c6d3c739', 'width': 108, 'height': 81}, {'url': 'https://external-preview.redd.it/Wm2Lg-Oy_Pe-j8JppWzdsZG6rWHUhdQVVdIdiT4Iabo.jpeg?width=216&crop=smart&auto=webp&s=3e8f82c3cf028e6fc849e2cc50fff749d0ff6a11', 'width': 216, 'height': 162}, {'url': 'https://external-preview.redd.it/Wm2Lg-Oy_Pe-j8JppWzdsZG6rWHUhdQVVdIdiT4Iabo.jpeg?width=320&crop=smart&auto=webp&s=8bbedacea9a3ba2be6c25eb8f501bc8dd0ab2824', 'width': 320, 'height': 240}]}], 'enabled': False}",False,"Understanding The War In Europe \_ Analyzing the situation on the ground with by way of an introduction, 3 points, and a conclusion #militaryanalysis #blackops #militaryoperations 



Combat Briefing Number 1282



""From:"" Colonel A.C. Oguntoye, Infantry Officer

""Subject:"" Operational Progress Report – August 30, 2025

""Classification:"" Strategic Briefing / Analyst Summary

 

\### Situation Overview



On the night of August 29–30, Russian forces launched a ""massive coordinated strike"" using high-precision ground, air, sea-based weapons, and unmanned aerial vehicles. Targets included ""Ukraine’s missile and aviation industry enterprises, as well as key military airfields"". All objectives were reportedly achieved, with designated targets destroyed. Supporting operations from operational-tactical aviation, missile troops, artillery, and UAV units struck ""152 separate targets"", including ammunition depots, UAV storage facilities, and temporary deployment areas of Ukrainian formations and foreign fighters. Air defense systems intercepted ""four Neptune long-range missiles, a guided bomb, and 233 Ukrainian UAVs"".

 

\### Ground Operations Summary



"" ""North Group (Sumy & Kharkiv):"" Engaged Ukrainian mechanized, airborne, assault, and National Guard units across multiple settlements. Enemy losses: ""185 personnel"", two armored vehicles, six artillery systems, and logistical assets including an EW station, counter-battery radar, and four warehouses.



"" ""West Group (Kharkiv & Donetsk):"" Improved tactical positioning near ""Kupyansk and Stavki"". Enemy losses: ""270+ personnel"", 10 armored vehicles (eight NATO-made), seven artillery systems, and six EW stations. Seven depots were destroyed, weakening local sustainment.



"" ""South Group (Donetsk):"" Advanced into stronger positions around ""Severesk, Konstantinovka, and Berestok"". Ukrainian formations suffered ""200+ casualties"", with two armored vehicles and five artillery guns destroyed. Ammunition depots and supply warehouses were neutralized, further constraining logistics.



"" ""Center Group (Donetsk):"" Improved front-line positions near ""Krasnoarmeysk and Rodinskoye"". Ukrainian brigades lost ""up to 405 personnel"", a tank, five armored vehicles (including a US M113), and three artillery guns. The operation eroded Ukrainian defensive cohesion in central Donetsk.



"" ""East Group (Donetsk & Dnipropetrovsk):"" Liberated ""Kamyshevakha"". Strikes against Ukrainian mechanized, marine, and territorial brigades resulted in ""250+ casualties"", destruction of six artillery systems (two NATO-made), and a warehouse of materiel. This liberation extends Russian depth of control in contested zones.



"" ""Dnepr Group (Zaporizhzhia & Kherson):"" Engaged coastal defense and mechanized units. Ukrainian forces lost ""80+ personnel"", 13 vehicles, one artillery gun, plus three EW stations and multiple depots. These actions disrupt Ukraine’s ability to stabilize defenses on the southern front.

 

\### Cumulative Losses (Since Feb 2022)



"" ""Aircraft:"" 666

"" ""Helicopters:"" 283

"" ""UAVs:"" 80,600

"" ""Tanks/Armored Vehicles:"" 24,878

"" ""Artillery/Mortars:"" 29,088

"" ""Special Vehicles:"" 40,681

 

\### Operational Analysis & Implications



1. ""Precision Strike Integration:"" The use of combined ground, air, and sea-based precision systems illustrates the Russian emphasis on ""multi-domain strike coordination"". Striking industrial and aviation assets reduces Ukraine’s replenishment capacity and further undermines long-range strike potential.



2. ""Sectoral Attrition:"" Casualty estimates across all fronts exceeded ""1,390 personnel in one day"", reflecting a strategy of sustained attrition to exhaust Ukrainian combat power gradually while maintaining territorial advances.



3. ""Tactical Gains:"" The liberation of Kamyshevakha and frontline improvements in Donetsk reflect an incremental but steady ""expansion of operational control"", securing staging grounds for future offensives.



4. ""Degradation of EW & Logistics:"" The repeated targeting of ""electronic warfare systems, depots, and warehouses"" reduces Ukrainian ability to conduct coordinated defense, counter-battery operations, and resupply missions.



5. ""Air Defense Effectiveness:"" Interceptions of ""Neptune missiles and UAVs"" highlight Russia’s capacity to blunt Ukraine’s strike assets, while mass UAV losses again raise sustainability concerns for Kyiv.

 

\### Strategic Outlook



Russian forces continue to pursue a combined approach of ""territorial encroachment, deep interdiction, and attritional degradation"". While territorial gains remain gradual, consistent pressure across all axes erodes Ukraine’s reserves and morale. The growing use of precision strike coordination underscores a shift toward ""synchronizing tactical maneuver with strategic strike operations"", aiming to deny Ukraine both battlefield initiative and industrial resilience.

 

\#MilitaryAnalysis #UkraineConflict #CombatBriefing #StrategicUpdate #OperationalDoctrine #Donetsk #Sumy #Zaporizhzhia #Kherson #bf6",False,/r/u_AUC3I_SEC525/comments/1n42tae/auc3i_daily_briefing_08302025_on_the_war_in/,u_AUC3I_SEC525,1756563608.0,0,1.0,
1n42jct,https://www.reddit.com/r/PcBuild/comments/1n42jct/gaming_pc_advice/,,2,gaming pc advice,qvinto95,1756563373.0,True,False,,False,"hello guys, for couple of days im trying to build my new pc for 1440p gaming high fps for new games like bf6, i dont really care for rgb and aesthetics just pure performance, im also trying to make a build that is somewhat future proof ideally to just only upgrading gpu in the future, i also tried to search for the parts that are best value for money and heres what i come up with:

GPU - 9070 XT Hellhound from PowerColor

CPU - 9800x3d 

Cooler - Thermalright Phantom Spirit 120 

Mobo - Asus Tuf Gaming B850 Plus Wifi 

Ram - Patriot Viper Venom 32GB 6000Mhz CL30 

SSD - Lexar NM790 2TB 

PSU - Be quiet Pure Power 13 M 850W Gold 

Case - Phanteks XT Pro Ultra

1920 euro in my country for everything

From my research everything is compatible with each other and ive seen good reviews about every part, my question is - is it a good build for its purpose which is playing new games flawlessly at 1440p high fps for lets say 5+ years to come and would u change something here to gain little more performance or temps without paying super extra or maybe exchange something like mobo for b650 with no performance loss to safe few bucks if its not going to make me replace mobo in few years, i will really appreciate ur thoughts on this",False,/r/PcBuild/comments/1n42jct/gaming_pc_advice/,PcBuild,1756562917.0,12,1.0,Build - Help
1n42iod,https://www.reddit.com/r/Battlefield/comments/1n42iod/firestorm_will_be_the_best_bf6_launch_map/,,0,Firestorm will be the best BF6 launch map,Character_Worth8210,False,True,False,,False,"Labs tester her. Not sure if a BF3 remake map being the best is a good or bad thing, but…

Yesterday I played Mirak Valley. I didn’t like it at first but then I began to like it. 

Then, I switched to Operation Firestorm. 

I don’t care that Mirak Valley is actually bigger, firestorm plays like it’s 2x bigger than Mirak.

You have more ‘room to breath’, if you will, and it feels like a hundred more options to play from. Also the points are much more spread out so it makes the entire map feel like a battlefield where the majority of Miraks combat is the two center points. 

It made me think of Mirak. And although I *think* that I like Mirak Valley, it doesn’t come close to hitting the same Battlefield feeling as Firestorm does. ",False,/r/Battlefield/comments/1n42iod/firestorm_will_be_the_best_bf6_launch_map/,Battlefield,1756562868.0,51,0.5,Battlefield 6
1n428ib,https://www.reddit.com/r/Battlefield/comments/1n428ib/bf6_javelin/,,0,BF6 Javelin,UnusualAgency2744,False,True,False,,False,"There was a post a few weeks back about how huge number of cheating attempts were blocked. Yet I've encountered at least 4 games with blatant cheaters. By blatant I mean they had hundreds of kills with 0 deaths, prefiring and aimbot.

My last bf game was BF4, and stopped playing due to cheaters. I really want to get into BF again, but debating to, especially at this price point if I have to face cheaters.",False,/r/Battlefield/comments/1n428ib/bf6_javelin/,Battlefield,1756562125.0,3,0.25,Battlefield 6
1n424vj,https://i.redd.it/m9i86jo7w5mf1.jpeg,,3,Gettin' ready for BF6,AhYesTheSoldier,False,False,False,"{'images': [{'id': 'rKUJhzWQP2i5aWnp-5E9gP8wUbQuvqUE26waHJHzGDI', 'source': {'url': 'https://preview.redd.it/m9i86jo7w5mf1.jpeg?auto=webp&s=dd3a4ba916d83c3ae76c9a11d42f502b8acd9c6d', 'width': 2252, 'height': 4000}, 'variants': {}, 'resolutions': [{'url': 'https://preview.redd.it/m9i86jo7w5mf1.jpeg?width=108&crop=smart&auto=webp&s=1dac1954e6fa63095241a672750c30f00631ee1f', 'width': 108, 'height': 191}, {'url': 'https://preview.redd.it/m9i86jo7w5mf1.jpeg?width=216&crop=smart&auto=webp&s=3bd991185e6e3d9c92ca60d8876d9e9c5be5bb37', 'width': 216, 'height': 383}, {'url': 'https://preview.redd.it/m9i86jo7w5mf1.jpeg?width=320&crop=smart&auto=webp&s=dd503e20e3aaba1704286e9936f55d4eba0f98ce', 'width': 320, 'height': 568}, {'url': 'https://preview.redd.it/m9i86jo7w5mf1.jpeg?width=640&crop=smart&auto=webp&s=251ba54b6a6334c64c804007d5ad9891d4441ee9', 'width': 640, 'height': 1136}, {'url': 'https://preview.redd.it/m9i86jo7w5mf1.jpeg?width=960&crop=smart&auto=webp&s=6342d14d24fc25f2cc35f83c19e9f65e0f57af58', 'width': 960, 'height': 1705}, {'url': 'https://preview.redd.it/m9i86jo7w5mf1.jpeg?width=1080&crop=smart&auto=webp&s=01d2177b87ebe24126ea17d2088a79cb87686a16', 'width': 1080, 'height': 1918}]}], 'enabled': True}",False,,False,/r/Battlefield/comments/1n424vj/gettin_ready_for_bf6/,Battlefield,1756561846.0,5,0.55,Battlefield 6
1n41m49,https://www.reddit.com/r/Battlefield/comments/1n41m49/advice_on_pc_component_upgrades/,,1,Advice on pc component upgrades,Important_Log_5710,False,True,False,,False,"I currently have a 7800xt and a ryzen 5 7600. My goal is to obtain at least 220 fps on a 1440p 240hz monitor with either medium or high graphics settings. Now BF6 is more cpu intensive but if I am not wrong at higher resolutions, the cpu matters less. If I were to replace my 7800xt with a 9700 (non xt) would I be able to obtain my target fps? Would I have to upgrade my cpu as well? Or am I in Disneyland and 220fps is not realistic ?",False,/r/Battlefield/comments/1n41m49/advice_on_pc_component_upgrades/,Battlefield,1756560404.0,4,1.0,Battlefield 6
1n41l10,https://v.redd.it/czslzvwdr5mf1,"{'reddit_video': {'width': 852, 'height': 480, 'is_gif': False, 'hls_url': 'https://v.redd.it/czslzvwdr5mf1/HLSPlaylist.m3u8?a=1759188424%2CM2UyZGUwNWZkYzU5ZDM5MDA1YzA3MjFhN2ZkMWQ1NTgyZjAyNTQ5ODg0ZGFkMzJiNjk5NmZkNjNmNTUxZmIzNQ%3D%3D&v=1&f=sd', 'dash_url': 'https://v.redd.it/czslzvwdr5mf1/DASHPlaylist.mpd?a=1759188424%2CMzcxYjMzZDdhZWIxZWQ5NzIwMmQ1YzFiNTA1NGQ5NGJmYWRhNzZkNzhlOWVhZWRlM2Y5Yjc5NGI5ODM2NDMyYQ%3D%3D&v=1&f=sd', 'duration': 51, 'has_audio': True, 'bitrate_kbps': 1200, 'fallback_url': 'https://v.redd.it/czslzvwdr5mf1/DASH_480.mp4?source=fallback', 'scrubber_media_url': 'https://v.redd.it/czslzvwdr5mf1/DASH_96.mp4', 'transcoding_status': 'completed'}}",7,My favorite going out in a blaze of glory end of beta battlefield 6.,Chaos_Ryzen_,False,False,False,"{'images': [{'id': 'dmFzOTN4d2RyNW1mMUj73EstnKgYifDYSy6YNLpxrdumpxYp28xg1WhHfBjs', 'source': {'url': 'https://external-preview.redd.it/dmFzOTN4d2RyNW1mMUj73EstnKgYifDYSy6YNLpxrdumpxYp28xg1WhHfBjs.png?format=pjpg&auto=webp&s=41fb15327f71a00945fefd7e25ca31b8a037dfdc', 'width': 852, 'height': 480}, 'variants': {}, 'resolutions': [{'url': 'https://external-preview.redd.it/dmFzOTN4d2RyNW1mMUj73EstnKgYifDYSy6YNLpxrdumpxYp28xg1WhHfBjs.png?width=108&crop=smart&format=pjpg&auto=webp&s=c2283b7305a5acae014e2c1a019ddfd3fab047bb', 'width': 108, 'height': 60}, {'url': 'https://external-preview.redd.it/dmFzOTN4d2RyNW1mMUj73EstnKgYifDYSy6YNLpxrdumpxYp28xg1WhHfBjs.png?width=216&crop=smart&format=pjpg&auto=webp&s=e4210eb70001f3a354b311c5caf54dd9b90602d8', 'width': 216, 'height': 121}, {'url': 'https://external-preview.redd.it/dmFzOTN4d2RyNW1mMUj73EstnKgYifDYSy6YNLpxrdumpxYp28xg1WhHfBjs.png?width=320&crop=smart&format=pjpg&auto=webp&s=5d53258b7e358479d517f3140df3c208b2d52067', 'width': 320, 'height': 180}, {'url': 'https://external-preview.redd.it/dmFzOTN4d2RyNW1mMUj73EstnKgYifDYSy6YNLpxrdumpxYp28xg1WhHfBjs.png?width=640&crop=smart&format=pjpg&auto=webp&s=22d52577988d937d77a6a1d69b5dbf921d9c8cb7', 'width': 640, 'height': 360}]}], 'enabled': False}",False,My favorite recording from bf6 beta.,False,/r/Battlefield/comments/1n41l10/my_favorite_going_out_in_a_blaze_of_glory_end_of/,Battlefield,1756560326.0,0,0.89,Battlefield 6
1n4151n,https://v.redd.it/tji9vuxgn5mf1,,61,"BF4 mechanics like this were so advanced, I would like to see a lot of the same in BF6",zanedummy,False,False,False,"{'images': [{'id': 'a3YxMzNudGduNW1mMQAsQRODRjxJY8gK_ta5kJBULpMp7xoA1eVRSEBAKyON', 'source': {'url': 'https://external-preview.redd.it/a3YxMzNudGduNW1mMQAsQRODRjxJY8gK_ta5kJBULpMp7xoA1eVRSEBAKyON.png?auto=webp&s=338eef6d5809adf3b2266d3f48dd1ff05eff5304', 'width': 1880, 'height': 1080}, 'variants': {}, 'resolutions': [{'url': 'https://external-preview.redd.it/a3YxMzNudGduNW1mMQAsQRODRjxJY8gK_ta5kJBULpMp7xoA1eVRSEBAKyON.png?width=108&crop=smart&auto=webp&s=3eb8c51e3451ef8d02225b2c93d366c75ea71520', 'width': 108, 'height': 62}, {'url': 'https://external-preview.redd.it/a3YxMzNudGduNW1mMQAsQRODRjxJY8gK_ta5kJBULpMp7xoA1eVRSEBAKyON.png?width=216&crop=smart&auto=webp&s=3c0e8851380d5632c72adb2c1f1074a466c1bfc4', 'width': 216, 'height': 124}, {'url': 'https://external-preview.redd.it/a3YxMzNudGduNW1mMQAsQRODRjxJY8gK_ta5kJBULpMp7xoA1eVRSEBAKyON.png?width=320&crop=smart&auto=webp&s=d045b613e3a3209716f91450327f4c46a094217b', 'width': 320, 'height': 183}, {'url': 'https://external-preview.redd.it/a3YxMzNudGduNW1mMQAsQRODRjxJY8gK_ta5kJBULpMp7xoA1eVRSEBAKyON.png?width=640&crop=smart&auto=webp&s=909afac89138f94d3b5a1b7c31e855f8c5949d20', 'width': 640, 'height': 367}, {'url': 'https://external-preview.redd.it/a3YxMzNudGduNW1mMQAsQRODRjxJY8gK_ta5kJBULpMp7xoA1eVRSEBAKyON.png?width=960&crop=smart&auto=webp&s=70578cde5aa4eb05b7693eb458e446aa094793e7', 'width': 960, 'height': 551}, {'url': 'https://external-preview.redd.it/a3YxMzNudGduNW1mMQAsQRODRjxJY8gK_ta5kJBULpMp7xoA1eVRSEBAKyON.png?width=1080&crop=smart&auto=webp&s=95c4f7c60bd7ab96a3f01dfb99bbd17901bb703e', 'width': 1080, 'height': 620}]}], 'enabled': False}",False,,False,/r/Battlefield6/comments/1n4151n/bf4_mechanics_like_this_were_so_advanced_i_would/,Battlefield6,1756559075.0,22,0.87,Discussion
1n413w5,https://v.redd.it/tji9vuxgn5mf1,"{'reddit_video': {'width': 1880, 'height': 1080, 'is_gif': False, 'hls_url': 'https://v.redd.it/tji9vuxgn5mf1/HLSPlaylist.m3u8?a=1759188424%2CN2YyNjg4NzkwMmE3NDRlOWEyMGZmNWFmZTA0ZGFjMTQzMDI4NjFmOWYwNmY0ZjMxNGQ1ODEzYzEwMDMzN2UzOQ%3D%3D&v=1&f=sd', 'dash_url': 'https://v.redd.it/tji9vuxgn5mf1/DASHPlaylist.mpd?a=1759188424%2CMDI3Y2I3MjRhOGQ2NjdjM2U1NTBmMmIxNjIwMjRmNDQ2NjYxNjkxYmUyNzA2ODJhMTIwZDdkNTM0ZTg0ODZhMg%3D%3D&v=1&f=sd', 'duration': 142, 'has_audio': True, 'bitrate_kbps': 5000, 'fallback_url': 'https://v.redd.it/tji9vuxgn5mf1/DASH_1080.mp4?source=fallback', 'scrubber_media_url': 'https://v.redd.it/tji9vuxgn5mf1/DASH_96.mp4', 'transcoding_status': 'completed'}}",324,"BF4 mechanics like this were so advanced, I would like to see a lot of the same in BF6",zanedummy,False,False,False,"{'images': [{'id': 'a3YxMzNudGduNW1mMQAsQRODRjxJY8gK_ta5kJBULpMp7xoA1eVRSEBAKyON', 'source': {'url': 'https://external-preview.redd.it/a3YxMzNudGduNW1mMQAsQRODRjxJY8gK_ta5kJBULpMp7xoA1eVRSEBAKyON.png?format=pjpg&auto=webp&s=7c85c1cebae12084113f1a57fb858562d1f14be9', 'width': 1880, 'height': 1080}, 'variants': {}, 'resolutions': [{'url': 'https://external-preview.redd.it/a3YxMzNudGduNW1mMQAsQRODRjxJY8gK_ta5kJBULpMp7xoA1eVRSEBAKyON.png?width=108&crop=smart&format=pjpg&auto=webp&s=d5a2f5f26fee905b33570163f2d8f2a4cecaadce', 'width': 108, 'height': 62}, {'url': 'https://external-preview.redd.it/a3YxMzNudGduNW1mMQAsQRODRjxJY8gK_ta5kJBULpMp7xoA1eVRSEBAKyON.png?width=216&crop=smart&format=pjpg&auto=webp&s=5cadb30fe645117820bdb75063a5984a40e66f36', 'width': 216, 'height': 124}, {'url': 'https://external-preview.redd.it/a3YxMzNudGduNW1mMQAsQRODRjxJY8gK_ta5kJBULpMp7xoA1eVRSEBAKyON.png?width=320&crop=smart&format=pjpg&auto=webp&s=e5b118908da2f04f48f657bd11e30f6d7b7b0456', 'width': 320, 'height': 183}, {'url': 'https://external-preview.redd.it/a3YxMzNudGduNW1mMQAsQRODRjxJY8gK_ta5kJBULpMp7xoA1eVRSEBAKyON.png?width=640&crop=smart&format=pjpg&auto=webp&s=9fee27336615df127146ae26ed934c62708ed864', 'width': 640, 'height': 367}, {'url': 'https://external-preview.redd.it/a3YxMzNudGduNW1mMQAsQRODRjxJY8gK_ta5kJBULpMp7xoA1eVRSEBAKyON.png?width=960&crop=smart&format=pjpg&auto=webp&s=0c01ede1d31c9b54b194bae9f5f912ca3e098f98', 'width': 960, 'height': 551}, {'url': 'https://external-preview.redd.it/a3YxMzNudGduNW1mMQAsQRODRjxJY8gK_ta5kJBULpMp7xoA1eVRSEBAKyON.png?width=1080&crop=smart&format=pjpg&auto=webp&s=7c1aebb5431360072b155f83a75223b93d805bcb', 'width': 1080, 'height': 620}]}], 'enabled': False}",False,"I was wondering what those gauges were in the scope and if they were functional or just for show, turns out the 40 power scope is the only scope with a functional Stadiametric rangefinder…

One of the Russian scopes has one, but it isn’t functional.",False,/r/Battlefield/comments/1n413w5/bf4_mechanics_like_this_were_so_advanced_i_would/,Battlefield,1756558985.0,61,0.95,Discussion
1n40zn5,https://www.reddit.com/r/Battlefield/comments/1n40zn5/does_battlefield_coins_from_2042_transfer_to_bf6/,,0,Does Battlefield Coins from 2042 Transfer to BF6,NovelConfusion7158,False,True,False,,False,Will the BF Coins in 2042 transfer to BF6? Sitting on 1300 and will wait to spend in BF6 if it transfers. Does anyone know?,False,/r/Battlefield/comments/1n40zn5/does_battlefield_coins_from_2042_transfer_to_bf6/,Battlefield,1756558661.0,5,0.4,Battlefield 6
1n40z4f,https://www.reddit.com/r/buildapc/comments/1n40z4f/first_build_in_9_years_stuck_choosing_between/,,1,First build in 9 years — stuck choosing between 7800X3D / 9700X / 9800X3D,SidGanji,False,True,False,,False,"Hi all,

I’m finally building a new PC for the first time in almost 9 years and to be frank with myself, I'm no longer educated on the matter. After reading countless threads, I’m still torn on which CPU makes the most sense in terms of value and longevity/future proofing. 

My budget’s decent but not bottomless, and the main use will be gaming (BF6 and similar titles). The plan is to pair the CPU with a 5070 Ti and 32GB (2x16) DDR5 6000MHz CL30. I’m based in the UK, and below is the best pricing I’ve found so far - 

* 7800X3D - £318 ($429 / €367)
* 9700X - £255 ($344 / €295)
* 9800X3D - £400 ($540 / €462)

Would love to hear your thoughts — which would you go for and why?",False,/r/buildapc/comments/1n40z4f/first_build_in_9_years_stuck_choosing_between/,buildapc,1756558619.0,15,0.6,Build Help
1n40udb,https://i.redd.it/5svvl75dj5mf1.png,,0,"DICE, eu nunca te pedi nada, mas o Brasil merece pelo menos um mapa nesse BF6!!! Eu só quero derrubar árvores nos meus inimigos.",SollidSnak3,False,False,False,"{'images': [{'id': 's7UNKybtxZjPCJbXM02vmig2rA_mQ-VNvQmtPSUWw4I', 'source': {'url': 'https://preview.redd.it/5svvl75dj5mf1.png?auto=webp&s=d5882ad0c9b01b4144d823e264241009d5105d52', 'width': 1080, 'height': 1920}, 'variants': {}, 'resolutions': [{'url': 'https://preview.redd.it/5svvl75dj5mf1.png?width=108&crop=smart&auto=webp&s=a2a9e6328ef685406b735bf833800e553174cc5c', 'width': 108, 'height': 192}, {'url': 'https://preview.redd.it/5svvl75dj5mf1.png?width=216&crop=smart&auto=webp&s=1551987fba96758fc85993e194499207f9f52fe9', 'width': 216, 'height': 384}, {'url': 'https://preview.redd.it/5svvl75dj5mf1.png?width=320&crop=smart&auto=webp&s=fde3bd829a9fef903372102e0620dd6e97d6f2bc', 'width': 320, 'height': 568}, {'url': 'https://preview.redd.it/5svvl75dj5mf1.png?width=640&crop=smart&auto=webp&s=4c6c7b4981620412a3c17002c95860558ef6e132', 'width': 640, 'height': 1137}, {'url': 'https://preview.redd.it/5svvl75dj5mf1.png?width=960&crop=smart&auto=webp&s=4a04fe18dcb1f169cf54199cc12ce1f02a4d50d3', 'width': 960, 'height': 1706}, {'url': 'https://preview.redd.it/5svvl75dj5mf1.png?width=1080&crop=smart&auto=webp&s=0231ed8ef5ccf1f088ab8ddd88140dca2c5586b2', 'width': 1080, 'height': 1920}]}], 'enabled': True}",False,,False,/r/battlefield_4/comments/1n40udb/dice_eu_nunca_te_pedi_nada_mas_o_brasil_merece/,battlefield_4,1756558245.0,10,0.33,
1n40sur,https://v.redd.it/bbc79sy4l5mf1,"{'reddit_video': {'width': 1080, 'height': 1080, 'is_gif': False, 'hls_url': 'https://v.redd.it/bbc79sy4l5mf1/HLSPlaylist.m3u8?a=1759188424%2CM2U3MjczZDRhNzJkZGI1MTlkMGMzYTA1ZTc1ZDQ0N2U3YmMyMmYyNmEzNTk2MWRiZjNjN2JlM2U4YjJjZThkZA%3D%3D&v=1&f=sd', 'dash_url': 'https://v.redd.it/bbc79sy4l5mf1/DASHPlaylist.mpd?a=1759188424%2CM2ExNjBkOTQwYjkyZDk5MTljZmRmOTNkZTA0NWM1M2FjODQwYmYyYmVlYWE2M2RjMGQ4MzZmMDY2NTVkMDRmNQ%3D%3D&v=1&f=sd', 'duration': 8, 'has_audio': True, 'bitrate_kbps': 5000, 'fallback_url': 'https://v.redd.it/bbc79sy4l5mf1/DASH_1080.mp4?source=fallback', 'scrubber_media_url': 'https://v.redd.it/bbc79sy4l5mf1/DASH_96.mp4', 'transcoding_status': 'completed'}}",1059,Are we back!?,Sumeribag,False,False,False,"{'images': [{'id': 'cWVuM3pzeTRsNW1mMd8CDweXrk9ziASbg8cNTUdWbXane3c1_4EYnHwmN2hm', 'source': {'url': 'https://external-preview.redd.it/cWVuM3pzeTRsNW1mMd8CDweXrk9ziASbg8cNTUdWbXane3c1_4EYnHwmN2hm.png?format=pjpg&auto=webp&s=eed32a485536e971b3a9c557f23520a10f8690ce', 'width': 1080, 'height': 1080}, 'variants': {}, 'resolutions': [{'url': 'https://external-preview.redd.it/cWVuM3pzeTRsNW1mMd8CDweXrk9ziASbg8cNTUdWbXane3c1_4EYnHwmN2hm.png?width=108&crop=smart&format=pjpg&auto=webp&s=76e400f1f9a0aab162799de5fdb3567a795e2b33', 'width': 108, 'height': 108}, {'url': 'https://external-preview.redd.it/cWVuM3pzeTRsNW1mMd8CDweXrk9ziASbg8cNTUdWbXane3c1_4EYnHwmN2hm.png?width=216&crop=smart&format=pjpg&auto=webp&s=f466b9c68815e0dab504cd0c63b286fbdf08989d', 'width': 216, 'height': 216}, {'url': 'https://external-preview.redd.it/cWVuM3pzeTRsNW1mMd8CDweXrk9ziASbg8cNTUdWbXane3c1_4EYnHwmN2hm.png?width=320&crop=smart&format=pjpg&auto=webp&s=85f1512b2d46dd466f11b47dca112b2f4f85094d', 'width': 320, 'height': 320}, {'url': 'https://external-preview.redd.it/cWVuM3pzeTRsNW1mMd8CDweXrk9ziASbg8cNTUdWbXane3c1_4EYnHwmN2hm.png?width=640&crop=smart&format=pjpg&auto=webp&s=59df0c9019cd40e37479a8cc615518358c35bb08', 'width': 640, 'height': 640}, {'url': 'https://external-preview.redd.it/cWVuM3pzeTRsNW1mMd8CDweXrk9ziASbg8cNTUdWbXane3c1_4EYnHwmN2hm.png?width=960&crop=smart&format=pjpg&auto=webp&s=45ede6f1d29c3cebbc4bc2907b9b1a1806035507', 'width': 960, 'height': 960}, {'url': 'https://external-preview.redd.it/cWVuM3pzeTRsNW1mMd8CDweXrk9ziASbg8cNTUdWbXane3c1_4EYnHwmN2hm.png?width=1080&crop=smart&format=pjpg&auto=webp&s=71c435480cd8ebc2355a316ef810e3189f837712', 'width': 1080, 'height': 1080}]}], 'enabled': False}",False,,False,/r/Battlefield/comments/1n40sur/are_we_back/,Battlefield,1756558123.0,78,0.96,Battlefield 6
1n40lpy,https://i.redd.it/dx3h1ukfj5mf1.jpeg,,9,Day 2 of asking Dice if ACB-90 will Return for BF6,Integral-Calculus,False,False,False,"{'images': [{'id': 'JQtkba4ttTESaN98R_ucFUpPvH8m67kPH1KouNlW5-Y', 'source': {'url': 'https://preview.redd.it/dx3h1ukfj5mf1.jpeg?auto=webp&s=e1238d2a1e55c5975c957eb996f9c2848ba79c7b', 'width': 470, 'height': 283}, 'variants': {}, 'resolutions': [{'url': 'https://preview.redd.it/dx3h1ukfj5mf1.jpeg?width=108&crop=smart&auto=webp&s=8224805e16378ab825b1b60ad20b77cb3930af16', 'width': 108, 'height': 65}, {'url': 'https://preview.redd.it/dx3h1ukfj5mf1.jpeg?width=216&crop=smart&auto=webp&s=ecf2d5c277baa4996d945dc7952a80d9f2adedec', 'width': 216, 'height': 130}, {'url': 'https://preview.redd.it/dx3h1ukfj5mf1.jpeg?width=320&crop=smart&auto=webp&s=e1e5caa97f1bd109a1499a0f3e47502b51f73f73', 'width': 320, 'height': 192}]}], 'enabled': True}",False,dice pls our beloved box cutter knife.,False,/r/Battlefield/comments/1n40lpy/day_2_of_asking_dice_if_acb90_will_return_for_bf6/,Battlefield,1756557547.0,4,0.72,Battlefield 6
1n40lhf,https://i.redd.it/5svvl75dj5mf1.png,,24,"DICE I never asked you for anything, but Brazil deserves at least one map in this BF6!!! I just want to knock down trees on my enemies.",SollidSnak3,False,False,False,"{'images': [{'id': 's7UNKybtxZjPCJbXM02vmig2rA_mQ-VNvQmtPSUWw4I', 'source': {'url': 'https://preview.redd.it/5svvl75dj5mf1.png?auto=webp&s=d5882ad0c9b01b4144d823e264241009d5105d52', 'width': 1080, 'height': 1920}, 'variants': {}, 'resolutions': [{'url': 'https://preview.redd.it/5svvl75dj5mf1.png?width=108&crop=smart&auto=webp&s=a2a9e6328ef685406b735bf833800e553174cc5c', 'width': 108, 'height': 192}, {'url': 'https://preview.redd.it/5svvl75dj5mf1.png?width=216&crop=smart&auto=webp&s=1551987fba96758fc85993e194499207f9f52fe9', 'width': 216, 'height': 384}, {'url': 'https://preview.redd.it/5svvl75dj5mf1.png?width=320&crop=smart&auto=webp&s=fde3bd829a9fef903372102e0620dd6e97d6f2bc', 'width': 320, 'height': 568}, {'url': 'https://preview.redd.it/5svvl75dj5mf1.png?width=640&crop=smart&auto=webp&s=4c6c7b4981620412a3c17002c95860558ef6e132', 'width': 640, 'height': 1137}, {'url': 'https://preview.redd.it/5svvl75dj5mf1.png?width=960&crop=smart&auto=webp&s=4a04fe18dcb1f169cf54199cc12ce1f02a4d50d3', 'width': 960, 'height': 1706}, {'url': 'https://preview.redd.it/5svvl75dj5mf1.png?width=1080&crop=smart&auto=webp&s=0231ed8ef5ccf1f088ab8ddd88140dca2c5586b2', 'width': 1080, 'height': 1920}]}], 'enabled': True}",False,,False,/r/Battlefield/comments/1n40lhf/dice_i_never_asked_you_for_anything_but_brazil/,Battlefield,1756557526.0,53,0.64,Battlefield 6
1n401ug,https://www.reddit.com/r/nvidia/comments/1n401ug/how_to_set_max_frame_rate_when_using_dlss4_frame/,,34,How to set max frame rate when using DLSS4 Frame Gen,McVersatilis,False,True,False,,False,"After playing the BF6 alpha/beta, I found DLSS 4 + Frame Gen is very well implemented and runs without ruining the input latency (unlike other FPS games I've tried like Warzone).

My setup: 1440p 160 Hz monitor, RTX 5070 FE, AMD 5700X3D

* On high settings BF6 runs \~120 fps native, GPU usage 90–95%. 
* If I enable 2× MFG, the game runs 200+ fps at the same 90–95% usage., but the input latency is noticeable. 
* If I cap max framerate in the Nvidia app to 155 fps (just under my monitor refresh), the game holds a rock-solid 155 fps with GPU usage only \~60%, and the input latency feels lower/better than FG with uncapped fps. The latency feels very close to native performance, but with more smoothness and fluidity.

Two questions: 

1. It seems logical to remove the max framerate cap to allow the Frame Gen to run off of the highest internal ""base"" framerate possible, right?  But in reality it seems that capping the max framerate results in lower latency, despite the decreased internal framerate (77 fps vs 120 fps). My understanding is that due to how Nvidia Reflex and G-Sync works, running an fps under the monitor refresh rate is very critical for latency.

2. Assuming I cap the max framerate to 155 fps: When Frame Gen is enabled, the internal “base” framerate is 155 ÷ 2 = \~77 fps, right? That’s \~35% less than my native framerate (120 fps) without Frame Gen. Doesn’t this mean that with Frame Gen enabled, my GPU isn’t being fully utilized? Should I crank settings to Ultra or use DLAA to push GPU usage back up toward 90–95%, since Frame Gen is limiting the base framerate anyway? 

Curious how others approach this trade-off.",False,/r/nvidia/comments/1n401ug/how_to_set_max_frame_rate_when_using_dlss4_frame/,nvidia,1756555873.0,68,0.86,Discussion
1n4018b,https://www.reddit.com/r/Battlefield/comments/1n4018b/operation_firestorm_issues/,,0,Operation firestorm issues,Slight_Giraffe628,False,True,False,,False,"Am I the only one who never cared for firestorm? my first BF game was bad company 2, and I loved that game so much because it seemed every thing in the game was destructable. 

I honestly have always thought bf3 was a step down from bc2, yes cool graphics and a lot of cool features that have been carried over to future games. But the maps were always lack luster to me. Firestorm was a prime example of this for me, because the map seemed completely indestructible. Im hoping they can make it a bit better in bf6",False,/r/Battlefield/comments/1n4018b/operation_firestorm_issues/,Battlefield,1756555820.0,8,0.44,Battlefield 6
1n3zvvf,https://www.reddit.com/r/PCGamingDE/comments/1n3zvvf/reicht_meine_graka_nach_aufrüstung_noch_für/,,2,Reicht meine Graka nach Aufrüstung noch für meinen „Aufgabenbereich“?,Status_Information_9,False,True,False,,False,"Moin Kollegen!

Ich habe ca. 2019 meinen PC das letzte Mal erneuert. 
Kurze Kerndaten die aber weniger interessieren:

AMD Ryzen 2700X
16GB RAM 
Nvidia RTX2070 Super

Da ich bis vor kurzem nur auf 1080p 144hz gezockt habe, hat mir das ganze tatsächlich voll und ganz gereicht. 
Bin vor kurzem auf einen QD LED WQHD 360hz Bildschirm umgestiegen und nun wird das ganze alles ein wenig zäh. 

Im Taskmanager sehe ich, dass in den Spiele die ich spiele, meistens die CPU zu 100% ausgelastet ist. Daher kann mir der Gedanke, auf eine andere CPU umzusteigen. Da sich AM5 anbietet mit DDR5, dachte ich an einen 7800X3D mit 32GB DDR5 RAM. 

Da zwar gerade im Moment die 9070XT relativ „günstig“ zu haben ist, aber ich mir nicht wirklich sicher bin ob das Not tut, wollte ich mal nachfragen, was ihr dazu sagt. Ich persönlich bin ein wenig aus dem ganzen Thema raus. 

Könnte ich bei meiner RTX2070 super bleiben oder wäre es schlau bzw. angebracht die Graka gleich mit auszutauschen?


Meine Spiele sind hauptsächlich:
-WoW
-CoD (bin ich aber inzwischen echt zu alt für)
-TfT
-BF6 wäre interessant (könnte ich aber auch auf meiner Xbox Series X spielen)
- und hier und da mal ein Game was mich anspricht aus dem GamePass

Schon mal danke für eure Antworten. 

",False,/r/PCGamingDE/comments/1n3zvvf/reicht_meine_graka_nach_aufrüstung_noch_für/,PCGamingDE,1756555367.0,4,1.0,Frage
1n3znop,https://www.reddit.com/r/Battlefield/comments/1n3znop/bf6_operation_firestorm_gameplay/,,56,BF6 Operation Firestorm Gameplay,akim_lindberg,False,True,False,"{'images': [{'id': 'eP_7--Go0mqabH9_h5gRkp9oUKE3A0xVSfMkI1SNKow', 'source': {'url': 'https://external-preview.redd.it/eP_7--Go0mqabH9_h5gRkp9oUKE3A0xVSfMkI1SNKow.jpeg?auto=webp&s=2bbf66fbaed2883646f070489faa2958c1ef8af6', 'width': 480, 'height': 360}, 'variants': {}, 'resolutions': [{'url': 'https://external-preview.redd.it/eP_7--Go0mqabH9_h5gRkp9oUKE3A0xVSfMkI1SNKow.jpeg?width=108&crop=smart&auto=webp&s=22cc286e65662d10c9107a62198d922e90e278ad', 'width': 108, 'height': 81}, {'url': 'https://external-preview.redd.it/eP_7--Go0mqabH9_h5gRkp9oUKE3A0xVSfMkI1SNKow.jpeg?width=216&crop=smart&auto=webp&s=76a6cc4d1316fc1a4f6a10799d91704c91486217', 'width': 216, 'height': 162}, {'url': 'https://external-preview.redd.it/eP_7--Go0mqabH9_h5gRkp9oUKE3A0xVSfMkI1SNKow.jpeg?width=320&crop=smart&auto=webp&s=9924cc370c6a83e7c9d74c553a903822d086a6f2', 'width': 320, 'height': 240}]}], 'enabled': False}",False,"[https://youtu.be/CSkuU8Wq2UQ](https://youtu.be/CSkuU8Wq2UQ)

I don't know if anyone posted it already, but here's what I found (it's not my video)",False,/r/Battlefield/comments/1n3znop/bf6_operation_firestorm_gameplay/,Battlefield,1756554668.0,38,0.95,Battlefield 6
1n3zexm,https://www.reddit.com/r/PcBuildHelp/comments/1n3zexm/should_i_go_for_cpumobo_first_or_gpu/,,2,Should i go for CPU/Mobo first or GPU ?,detasianguy,False,True,False,,False,"Hey guys, just wanted to ask you guys regarding on which is better, i have a rather low/medium build - CPU ryzen 5 5600G & a 3060 GPU, so just a quick question for you guys, i wanted to do a new build , consisting Ryzen 7 7700X, a decent mobo & an a 5060TI.

I know it isnt the optimal, but i guess within my budget , i guess that's an upgrade for me. Soo then, i wanted to buy parts by parts first, i first thought, since BF6 is coming out, might as well cop the 5060TI first, but then, i think i search/went through some comments saying, to achieve some FPS, you need better CPU too ?

So now im kinda divided, should i go for the CPU/Mobo first or the GPU ? Need help guys. Thanks. ",False,/r/PcBuildHelp/comments/1n3zexm/should_i_go_for_cpumobo_first_or_gpu/,PcBuildHelp,1756553871.0,7,1.0,Build Question
1n3z2s5,https://v.redd.it/vkfetyk255mf1,"{'reddit_video': {'width': 1280, 'height': 532, 'is_gif': False, 'hls_url': 'https://v.redd.it/vkfetyk255mf1/HLSPlaylist.m3u8?a=1759188442%2CMjM5YjE3Nzc2NmU3Zjc4OWQxMmMzODU0NjNlNzllMWUxMTY0Nzc1OWU1ZjdlOWFhNjJlOGEwZjA2YWI5NjNjMA%3D%3D&v=1&f=sd', 'dash_url': 'https://v.redd.it/vkfetyk255mf1/DASHPlaylist.mpd?a=1759188442%2CZTE5Y2U2MzBhZDI5MWQ5MWU3YmFmNjEzN2JjN2Y4OTE3YjYyNDcyZDAzMDA5ZjMzODk4M2IzNDczZTNhMzgxNA%3D%3D&v=1&f=sd', 'duration': 26, 'has_audio': True, 'bitrate_kbps': 2400, 'fallback_url': 'https://v.redd.it/vkfetyk255mf1/DASH_720.mp4?source=fallback', 'scrubber_media_url': 'https://v.redd.it/vkfetyk255mf1/DASH_96.mp4', 'transcoding_status': 'completed'}}",2669,BF6 Mirak Valley crane fall,Fit-Support2256,False,False,False,"{'images': [{'id': 'MjlqM2VybjI1NW1mMasSa9Q1ljeCUrFqlt28b4-mCzpEPbwE5cE5gbUwFP3P', 'source': {'url': 'https://external-preview.redd.it/MjlqM2VybjI1NW1mMasSa9Q1ljeCUrFqlt28b4-mCzpEPbwE5cE5gbUwFP3P.png?format=pjpg&auto=webp&s=9ee012600127f5565796c15a84a47421b848c8c9', 'width': 1440, 'height': 598}, 'variants': {}, 'resolutions': [{'url': 'https://external-preview.redd.it/MjlqM2VybjI1NW1mMasSa9Q1ljeCUrFqlt28b4-mCzpEPbwE5cE5gbUwFP3P.png?width=108&crop=smart&format=pjpg&auto=webp&s=4ac3fc26580c391b0fbab955bbbbfaf90754df20', 'width': 108, 'height': 44}, {'url': 'https://external-preview.redd.it/MjlqM2VybjI1NW1mMasSa9Q1ljeCUrFqlt28b4-mCzpEPbwE5cE5gbUwFP3P.png?width=216&crop=smart&format=pjpg&auto=webp&s=6f1bb2961e6d5079ba1b0e04f23f3a54c0370348', 'width': 216, 'height': 89}, {'url': 'https://external-preview.redd.it/MjlqM2VybjI1NW1mMasSa9Q1ljeCUrFqlt28b4-mCzpEPbwE5cE5gbUwFP3P.png?width=320&crop=smart&format=pjpg&auto=webp&s=5fcea2387e345fe43a19dd972b9aec297ab81340', 'width': 320, 'height': 132}, {'url': 'https://external-preview.redd.it/MjlqM2VybjI1NW1mMasSa9Q1ljeCUrFqlt28b4-mCzpEPbwE5cE5gbUwFP3P.png?width=640&crop=smart&format=pjpg&auto=webp&s=eae4ee237c4b2f666de4c95cce94594d3b10df95', 'width': 640, 'height': 265}, {'url': 'https://external-preview.redd.it/MjlqM2VybjI1NW1mMasSa9Q1ljeCUrFqlt28b4-mCzpEPbwE5cE5gbUwFP3P.png?width=960&crop=smart&format=pjpg&auto=webp&s=1a74121c2bd97d9d2e9301fadc991bef239b8858', 'width': 960, 'height': 398}, {'url': 'https://external-preview.redd.it/MjlqM2VybjI1NW1mMasSa9Q1ljeCUrFqlt28b4-mCzpEPbwE5cE5gbUwFP3P.png?width=1080&crop=smart&format=pjpg&auto=webp&s=6bc9babe954898766697d584c04aa7a79eda8276', 'width': 1080, 'height': 448}]}], 'enabled': False}",False,"Footage of the mirak valley crane falling, I think it looks good, It's like mini levolution. ",False,/r/Battlefield/comments/1n3z2s5/bf6_mirak_valley_crane_fall/,Battlefield,1756552721.0,215,0.98,Battlefield 6
1n3yqh7,https://www.reddit.com/gallery/1n3yqh7,,2,My Favorite Weapons in Battlefield 6 Open Beta (Reimagined via Magnum 3.0 App),DioArya01,False,False,False,,False,"My favorite weapons that I've used so far back in BF6 Open Beta, entirely reimagined and recreated with **Magnum 3.0 App**.",False,/r/Battlefield/comments/1n3yqh7/my_favorite_weapons_in_battlefield_6_open_beta/,Battlefield,1756551559.0,12,0.63,Battlefield 6
1n3xcoa,https://www.reddit.com/r/HeadphoneAdvice/comments/1n3xcoa/audiophile_headphones_for_music_and_gaming/,,4,Audiophile headphones for music and gaming,duschcreme,False,True,False,,False,"Hi all,

I am looking for a headphone and dac/amp setup for my computer only, for gaming and music listening / got a midi keyboard as well..

My main purpose surely will be gaming like bf6 or singleplayer games.

Currently I use a Steelseries Nova Pro Wireless.

Budget around 700 Euro.

My first idea is the Sennheiser HD660s2, a colleague said if I ever want to play games with mic with it I should use a closed back.. but I honestly did not find a comparable closed back to the 660s2.. only at least Sennheiser option is the HD620s.. reviews are mixed..

For the DAC/AMP I looked at the FiiO K7.. honestly watched a lot of reviews and tests and comparisons but the marked is very unclear for me ..

So if it shall be a closed back.. is there any comparable 500 euro option? Is the DAC fine or anything else for around 200?

Many thanks!",False,/r/HeadphoneAdvice/comments/1n3xcoa/audiophile_headphones_for_music_and_gaming/,HeadphoneAdvice,1756546217.0,27,0.75,Headphones - Open Back | 3 Ω
1n3x44x,https://www.reddit.com/r/Battlefield/comments/1n3x44x/battle_pass_xp_grind/,,0,Battle Pass XP Grind,chrisni66,False,True,False,,False,"Like many people, I hadn’t played BF2142 until the Battle Pass with BF6 rewards was launched.
I jumped in, and started the grind, and at first I was pleasantly surprised.

The rate of progression initially felt great, it was rewarding, my time was being respected.

But as I closed in on lvl 20, I started to see the diminishing returns, and now it seems like completion will be impossible.

It feels terrible, and has me worried about the BF6 Battlepasses. If the rate of XP progression initially felt great the BF6 Battlepasses works in the same way (getting exponentially less rewarding) then I won’t be spending a penny on them. I hope EA realise this. A game that has a huge ‘AFK XP GRIND’ server community is not in a healthy state…",False,/r/Battlefield/comments/1n3x44x/battle_pass_xp_grind/,Battlefield,1756545250.0,12,0.47,Battlefield 6
1n3wot9,https://www.reddit.com/r/Battlefield/comments/1n3wot9/i_know_that_its_wayy_too_early_to_discuss_this/,,0,I know that it's WAYY too early to discuss this but what do you think the next BF game would be like? What do you want it to be like?,UltimateGamingTechie,False,True,False,,False,"I can't wait to get my hands on BF6 and I saw that they're ""teasing"" something with the new easter eggs in 2042. Which made me think...

Do you want something set in the near future? Far future? Or the past? Perhaps alt history? It's fun to speculate, at least.",False,/r/Battlefield/comments/1n3wot9/i_know_that_its_wayy_too_early_to_discuss_this/,Battlefield,1756543545.0,17,0.22,Discussion
1n3wmk8,https://www.reddit.com/r/Battlefield/comments/1n3wmk8/bf6_wont_have_any_large_maps/,,0,"BF6 won't have any ""large"" maps",shiftdeleat,1756551908.0,True,False,,False,"looking at the leaks, firestorm is signifcantly shrunk, and mirak looks similar to zavod which i would describe as medium. 

i'm talking about 
Golmud Railway
Sinai Desert
Twisted Steel

these old maps look like twice the size as the current bf6 ""large"" maps. Is it a limitation so they could do more destruction? One of my favorite parts of BF is skirting around the outside of the map to backcap or get behind the enemy. Or also just have fun with mates in the mountains and a spawn beacon. I'm not seeing any of this possible in BF6, looks like they just want all action all the time...

EDIT: some interesting feedback... seems like everyone likes the tiny funneled cod maps. I guess theyl love bf6 and this probably matches with the data they have already collected. i guess the flanking game style and backcapping fun on classic medium-large maps will be confined to history considering even the remakes have been shrunk.",False,/r/Battlefield/comments/1n3wmk8/bf6_wont_have_any_large_maps/,Battlefield,1756543287.0,42,0.37,Battlefield 6
1n3wfdt,https://i.redd.it/u5tvrw8la4mf1.png,,5,So is Battlefield 6 the best platform for someone new to the franchise?,lLoveTech,False,False,False,"{'images': [{'id': 'KkxgYsj0siviUOtSS0qOSbqfyydqxvXmf5hH9tL6mUs', 'source': {'url': 'https://preview.redd.it/u5tvrw8la4mf1.png?auto=webp&s=b6810dcc948a170b511d19e3c5bb1aff4b0eb304', 'width': 1922, 'height': 3078}, 'variants': {}, 'resolutions': [{'url': 'https://preview.redd.it/u5tvrw8la4mf1.png?width=108&crop=smart&auto=webp&s=57c500fd7133cec2aedbc5d2510f58aefef9e443', 'width': 108, 'height': 172}, {'url': 'https://preview.redd.it/u5tvrw8la4mf1.png?width=216&crop=smart&auto=webp&s=3ac4270cf7dff820810501b97eab433f85023912', 'width': 216, 'height': 345}, {'url': 'https://preview.redd.it/u5tvrw8la4mf1.png?width=320&crop=smart&auto=webp&s=a48242696d7d9e54b7d7102696356305a72ed9bc', 'width': 320, 'height': 512}, {'url': 'https://preview.redd.it/u5tvrw8la4mf1.png?width=640&crop=smart&auto=webp&s=3fffead05069ebc95052327d2fe771a37d096797', 'width': 640, 'height': 1024}, {'url': 'https://preview.redd.it/u5tvrw8la4mf1.png?width=960&crop=smart&auto=webp&s=0e6b1644d2ca25ce906d59812be150dcb034fe3e', 'width': 960, 'height': 1537}, {'url': 'https://preview.redd.it/u5tvrw8la4mf1.png?width=1080&crop=smart&auto=webp&s=410226b5d155bcc057e895d7275b34bd83e0a19d', 'width': 1080, 'height': 1729}]}], 'enabled': True}",False,"Guys, I have never played any battlefield game in online mode ever before. I was too addicted to Counter Strike but now seeing the hype and gameplay of BF6, I am really enticed! CS2 is losing its charm for and me and I really want to switch to something like BF6! I don't think I have been hyped by any other game like this before! I am really considering pre ordering this game now!

Given that I haven't played any battlefield game in online mode before do you think I will be able to fit in? 

What tips would you give to someone new to the franchise? 

What are things that battlefield 6 seems to do better than previous versions or even compared to the COD franchise?
",False,/r/Battlefield/comments/1n3wfdt/so_is_battlefield_6_the_best_platform_for_someone/,Battlefield,1756542470.0,36,0.69,Battlefield 6
1n3w90u,https://www.reddit.com/r/Battlefield/comments/1n3w90u/portal_2042/,,0,Portal 2042,AFriendlyGuyOnReddit,False,True,False,,False,"Wanted to host a wonderful portal game for me and my group yesterday, to find out it says no server found when I try to start it.

I did some online research just to find out that the persistent servers won't go, and one person who is filling up pretty much every slot with XP farming servers is making it not possible for me to start one anymore.

Someone else also had this issue https://forums.ea.com/discussions/battlefield-2042-technical-issues-en/battlefield-2042-%E2%80%93-portal-server-hosting-error-%E2%80%9Cno-server-found--97205636470/12506631

I'm pretty disappointed I can't experience portal and I'm worried for the BF6 portal ending up in the same state.",False,/r/Battlefield/comments/1n3w90u/portal_2042/,Battlefield,1756541773.0,0,0.33,Battlefield 2042
1n3w5kt,https://www.reddit.com/r/pcmasterrace/comments/1n3w5kt/i9_9900k_32gb_ram_cl16_used_4070_ti_super_or_new/,,2,I9 9900k 32gb ram cl16 + used 4070 Ti super or new 5070 ti (pny oc or msi inspire),Temporary-Claim2578,False,True,False,,False,"Hi, 

I'm looking to upgrade my PC because I want to be ready for BF6. My old 1080 Ti is really showing its age :D I'm thinking about getting a new 5070 Ti or maybe a used 4070 Ti Super. I might upgrade my CPU in the future, but my i9 is still strong enough for now.

Honestly, I think getting a brand new 5070 Ti is the better move (warranty / no mining) and it should last a few more years, so it’s not a bad choice.

What do you guys think? Any recommendations?

Cheers!",False,/r/pcmasterrace/comments/1n3w5kt/i9_9900k_32gb_ram_cl16_used_4070_ti_super_or_new/,pcmasterrace,1756541391.0,0,1.0,Hardware
1n3w3he,https://i.redd.it/4k6ixz3834mf1.jpeg,,3,Reasonable upgrade from RTX 3080 (10Gb) to RX 9070XT?,Boente,False,False,False,"{'images': [{'id': 'Vb_DMYqJ8hBKve5L8qbsSmRqD4BaTBiNW_OMunf5Dsk', 'source': {'url': 'https://preview.redd.it/4k6ixz3834mf1.jpeg?auto=webp&s=28deafb103287d76c2157f291498fce44c15edd3', 'width': 1080, 'height': 608}, 'variants': {}, 'resolutions': [{'url': 'https://preview.redd.it/4k6ixz3834mf1.jpeg?width=108&crop=smart&auto=webp&s=3a6932400d1a1145007b9bf1f2e5efa8d64a9548', 'width': 108, 'height': 60}, {'url': 'https://preview.redd.it/4k6ixz3834mf1.jpeg?width=216&crop=smart&auto=webp&s=acc502123a0d07a6a95f7f9335ec106175e52c92', 'width': 216, 'height': 121}, {'url': 'https://preview.redd.it/4k6ixz3834mf1.jpeg?width=320&crop=smart&auto=webp&s=82e099b0efaf3adb54c257b34908dd665cc835bd', 'width': 320, 'height': 180}, {'url': 'https://preview.redd.it/4k6ixz3834mf1.jpeg?width=640&crop=smart&auto=webp&s=038094185da5e47714579ef97c224602b6ac4ba7', 'width': 640, 'height': 360}, {'url': 'https://preview.redd.it/4k6ixz3834mf1.jpeg?width=960&crop=smart&auto=webp&s=d3d9b2d0b15a309929df02556c9ece8175b5e361', 'width': 960, 'height': 540}, {'url': 'https://preview.redd.it/4k6ixz3834mf1.jpeg?width=1080&crop=smart&auto=webp&s=8b83a9637cc456686a4d087e30e176bc6e40fffd', 'width': 1080, 'height': 608}]}], 'enabled': True}",False,"Greetings PCMR community,

I am struggling with deciding on sticking with my current build or making 2 upgrades since I can't figure out if these upgrades would be noticeable/substantial.

My current build goes as follows:  
\- 1440p main monitor  
\- AM4 motherboard  
\- 5800X3D  
\- RTX 3080 (10Gb)  
\- DDR4-3200 CL16 (16Gb)  
\- 850W PSU

My idea is to upgrade the GPU to a RX 9070XT (most important factor being 16Gb VRAM) and to swap my RAM for a DDR4-3600 CL18 (32Gb) kit. Or I hold out, skip AM5 and the current generation of GPU's but this would basicly mean a full new build somewhere in the future.

Games I'm playing: Battlefield 6 & Path of Exile 2 mainly. On the side everything from indie games to triple-A titles such as Cyberpunk2077. I provided the system spec sheet for BF6 in my post.

Does anyone have first hand experience with such an upgrade to provide an idea on performance gain? Or somebody with insights if this would be cost-effective so to speak? Also how is the experience going from team green to team red?

Thank yall in advance and have a nice day!",False,/r/pcmasterrace/comments/1n3w3he/reasonable_upgrade_from_rtx_3080_10gb_to_rx_9070xt/,pcmasterrace,1756541151.0,6,1.0,Question
1n3w1vh,https://www.reddit.com/r/pcgamingtechsupport/comments/1n3w1vh/switch_from_my_gaming_pc_to_my_laptop/,,3,Switch from my gaming PC to my laptop?,SamsungPC3L,False,True,False,,False,"Hi,

I have an older gaming PC (32GB RAM, i5 9600k, RTX 2060 6GB) and while it runs the games I have decently, I couldn't really run BF6 or other AAA games quite well unless I really really drop graphics quality.

Now I've bought a laptop from my company since we just ugpraded and did a decent deal for $500 and was wondering if it's worth it to just switch to that.

It has:

i7 12300H, 32GB RAM, RTX 4060 8GB.

Bought a docking station as I was initially just using it for photo editing on vacation etc. but shouldn't it be more capable for gaming than my PC?

I have a 1440p 165Hz Monitor and would just switch it out.

Does it make sense?

Thanks for your help!",False,/r/pcgamingtechsupport/comments/1n3w1vh/switch_from_my_gaming_pc_to_my_laptop/,pcgamingtechsupport,1756540970.0,6,0.81,Hardware
1n3w0yr,https://www.reddit.com/r/IndianGaming/comments/1n3w0yr/9800_x3d_temps/,,6,9800 X3d temps !,Particular_Tip_5660,False,True,False,,False,"Hi, I'll be upgrading from 10700K to 9800 X3d mainly for gaming, games like BF6 online. 

I plan to go with good air cooling instead of liquid. 

Althought overall reviews look good, i wanted to know temperatures at default setting 
(All type of enhancement off). 

I think rates tdp is 125W, and during gaming it doesn't reach that much, so I was hoping for better performance, less heat. (Efficiency). 

If you have this processor, do share your feedback ! ",False,/r/IndianGaming/comments/1n3w0yr/9800_x3d_temps/,IndianGaming,1756540881.0,6,1.0,Help
1n3vwri,https://i.redd.it/0htv2lgf44mf1.jpeg,,0,BF 6 firestorm map size and the cope,Wisniaksiadz,False,False,False,"{'images': [{'id': 'jLk2Xol36apS1mzXqyVNaRMra6vqBUaMuOgGTix-acg', 'source': {'url': 'https://preview.redd.it/0htv2lgf44mf1.jpeg?auto=webp&s=77eeb839eee75e33abf1e1921fd8508d2d3f4c2b', 'width': 1080, 'height': 607}, 'variants': {}, 'resolutions': [{'url': 'https://preview.redd.it/0htv2lgf44mf1.jpeg?width=108&crop=smart&auto=webp&s=d1c0126870d000da17f11d1766510dd25b83040b', 'width': 108, 'height': 60}, {'url': 'https://preview.redd.it/0htv2lgf44mf1.jpeg?width=216&crop=smart&auto=webp&s=7c85fa3e4e005f7ed6d23636cd1b75e0a244b927', 'width': 216, 'height': 121}, {'url': 'https://preview.redd.it/0htv2lgf44mf1.jpeg?width=320&crop=smart&auto=webp&s=817c613e77ff33c476200e332f6bbafac3681e71', 'width': 320, 'height': 179}, {'url': 'https://preview.redd.it/0htv2lgf44mf1.jpeg?width=640&crop=smart&auto=webp&s=b7ade380faf3dd98446e252900ff0e65227718d6', 'width': 640, 'height': 359}, {'url': 'https://preview.redd.it/0htv2lgf44mf1.jpeg?width=960&crop=smart&auto=webp&s=868c37116c7738153ca175acf0a2c32ae76d2390', 'width': 960, 'height': 539}, {'url': 'https://preview.redd.it/0htv2lgf44mf1.jpeg?width=1080&crop=smart&auto=webp&s=ac538c6e094d96484ebaade5d88f3018c859502b', 'width': 1080, 'height': 607}]}], 'enabled': True}",False,"Hello all

The copium level of some of people through the roof.

First it was ,,*we only have small maps, stop complaining, all the big maps were not playable*""  
Then it was ,,*we still don't played big maps, liberation peak is medium map, stop complaining*""  
Then ,,*people already cry over firestorm despite not have any ground to belive it will be smaller*""  
then the trailer came out and it was flood of ,,*see? People cry over map, it still the same*""  
now it is ,,*they cut out only pointless parts of the maps, stop complaining*""

You will be barely able to move around point A as a blue team, no free dog tags on the hill, cuz you will be out of bonds getting there

I bet the next cope will be ,,*big maps will be in the expansions*""",False,/r/Battlefield/comments/1n3vwri/bf_6_firestorm_map_size_and_the_cope/,Battlefield,1756540443.0,99,0.49,Battlefield 6
1n3vn7t,https://i.redd.it/x10jne7i14mf1.jpeg,,0,Just gonna leave this here,Jared000007,False,False,False,"{'images': [{'id': 'wt6VB0JWQeCpvEZ5lDZnpTuY6FyAbLSIGC39wR67nLQ', 'source': {'url': 'https://preview.redd.it/x10jne7i14mf1.jpeg?auto=webp&s=694c1a6d682917c80798248169e8c78358fbff15', 'width': 1179, 'height': 1144}, 'variants': {}, 'resolutions': [{'url': 'https://preview.redd.it/x10jne7i14mf1.jpeg?width=108&crop=smart&auto=webp&s=4b07767bd97df8b9e51d10f106c7789c4da7f9d4', 'width': 108, 'height': 104}, {'url': 'https://preview.redd.it/x10jne7i14mf1.jpeg?width=216&crop=smart&auto=webp&s=d90d995e0d95bf84b9aef30f875b0bb5008a5167', 'width': 216, 'height': 209}, {'url': 'https://preview.redd.it/x10jne7i14mf1.jpeg?width=320&crop=smart&auto=webp&s=2d8e22e68367697ba573e8b477e6a05f37a3029d', 'width': 320, 'height': 310}, {'url': 'https://preview.redd.it/x10jne7i14mf1.jpeg?width=640&crop=smart&auto=webp&s=be03c6a27a93501a7940b8766a6173f13cc1d4d0', 'width': 640, 'height': 621}, {'url': 'https://preview.redd.it/x10jne7i14mf1.jpeg?width=960&crop=smart&auto=webp&s=188d1da80b687f99929bffb8d0bb4cc4409b87da', 'width': 960, 'height': 931}, {'url': 'https://preview.redd.it/x10jne7i14mf1.jpeg?width=1080&crop=smart&auto=webp&s=11edae9a7bae78f5f8c300d548e3890ce889f319', 'width': 1080, 'height': 1047}]}], 'enabled': True}",False,,False,/r/blackops6/comments/1n3vn7t/just_gonna_leave_this_here/,blackops6,1756539413.0,66,0.28,Meme
1n3vbfu,https://i.redd.it/4irdaw5px3mf1.jpeg,,0,"I think we need red dot in bf6 like one in bf4 , small red dot is very bad",irish993,False,False,False,"{'images': [{'id': '_sptFbV61-h223FXWUqWO6DAJ2jiXFnrix4c4opWTOw', 'source': {'url': 'https://preview.redd.it/4irdaw5px3mf1.jpeg?auto=webp&s=44ebeedd0d5e8ebdcf6aa5974ab16994cbd692fe', 'width': 675, 'height': 490}, 'variants': {}, 'resolutions': [{'url': 'https://preview.redd.it/4irdaw5px3mf1.jpeg?width=108&crop=smart&auto=webp&s=3c9fca7bf4f63ec6559221a9ec49ef90c1e65bef', 'width': 108, 'height': 78}, {'url': 'https://preview.redd.it/4irdaw5px3mf1.jpeg?width=216&crop=smart&auto=webp&s=9c9dd34f1a9ac82fb685eaf8c0f8a515df2f2106', 'width': 216, 'height': 156}, {'url': 'https://preview.redd.it/4irdaw5px3mf1.jpeg?width=320&crop=smart&auto=webp&s=80a7415ca97614fb62590bd4cf5a8ad9254c70d3', 'width': 320, 'height': 232}, {'url': 'https://preview.redd.it/4irdaw5px3mf1.jpeg?width=640&crop=smart&auto=webp&s=f3caebaf307e91141c9ce3875ffe662003d818b2', 'width': 640, 'height': 464}]}], 'enabled': True}",False,,False,/r/Battlefield6/comments/1n3vbfu/i_think_we_need_red_dot_in_bf6_like_one_in_bf4/,Battlefield6,1756538167.0,12,0.43,Discussion
1n3vb46,https://i.redd.it/4irdaw5px3mf1.jpeg,,3,"I think we need red dot in bf6 like one in bf4 , small red dot is very bad",irish993,False,False,False,"{'images': [{'id': '_sptFbV61-h223FXWUqWO6DAJ2jiXFnrix4c4opWTOw', 'source': {'url': 'https://preview.redd.it/4irdaw5px3mf1.jpeg?auto=webp&s=44ebeedd0d5e8ebdcf6aa5974ab16994cbd692fe', 'width': 675, 'height': 490}, 'variants': {}, 'resolutions': [{'url': 'https://preview.redd.it/4irdaw5px3mf1.jpeg?width=108&crop=smart&auto=webp&s=3c9fca7bf4f63ec6559221a9ec49ef90c1e65bef', 'width': 108, 'height': 78}, {'url': 'https://preview.redd.it/4irdaw5px3mf1.jpeg?width=216&crop=smart&auto=webp&s=9c9dd34f1a9ac82fb685eaf8c0f8a515df2f2106', 'width': 216, 'height': 156}, {'url': 'https://preview.redd.it/4irdaw5px3mf1.jpeg?width=320&crop=smart&auto=webp&s=80a7415ca97614fb62590bd4cf5a8ad9254c70d3', 'width': 320, 'height': 232}, {'url': 'https://preview.redd.it/4irdaw5px3mf1.jpeg?width=640&crop=smart&auto=webp&s=f3caebaf307e91141c9ce3875ffe662003d818b2', 'width': 640, 'height': 464}]}], 'enabled': True}",False,,False,/r/Battlefield/comments/1n3vb46/i_think_we_need_red_dot_in_bf6_like_one_in_bf4/,Battlefield,1756538132.0,7,0.56,Battlefield 6
1n3utkt,https://www.reddit.com/gallery/1n3utkt,,7,So this might be real. The 6 major POIs of the 20+ places on the upcoming BF6 BR map,AncientSlovak,False,False,False,,False,"If these are true, in the looks and colors,... This BR might actually survive. And I know, I hate cod warzone too, been there in verdansk 2020 covid days and loved each day! as I'm a cod guy for over 20 years, and hate what the game has become and how pathetic the Activision greed and cheating loser streamers are. 

Recently, the streamer repullze called his Activision contacts and unbanned his cheating wall hacking friend Adrian. Infuriating! And this cheater even got into the recent cod event! Wtf? 

I want bf6 to stay true to bf. And to be honest I don't know much of bf of the past 15 years. Played 1942 and bf3 back in the days. 

But I'm a br guy. And wz, pubg and fort don't do it anymore for me. Haven't played in 2 months anything except Bf6 open beta. I know bf guys hate the idea of BR or fear it will end up like wz. But maybe the bf team see it and know why wz is dying and cod too and won't do the same mistakes. 

I just want a good squad session with my mates who all are desperate for a new BR shooter that doesn't look colorful like fort or apex...thatnis soldier and war like looking. 

I know I'm gonna get flack for a BR praise in this bf sub. ",False,/r/Battlefield/comments/1n3utkt/so_this_might_be_real_the_6_major_pois_of_the_20/,Battlefield,1756536269.0,1,0.77,Battlefield 6
1n3unrq,https://v.redd.it/iuuawuqaq3mf1,"{'reddit_video': {'width': 1920, 'height': 1080, 'is_gif': False, 'hls_url': 'https://v.redd.it/iuuawuqaq3mf1/HLSPlaylist.m3u8?a=1759188442%2CYmFkNDlkMjZkNmIyNTIxY2M1YjRhMDRkNjAxNTk1YjIwZjk3YzYzZGFjY2MwN2ZlNzU4YTI2YTUyNDVlMzgxZg%3D%3D&v=1&f=sd', 'dash_url': 'https://v.redd.it/iuuawuqaq3mf1/DASHPlaylist.mpd?a=1759188442%2CNzUzZTMyODVmNDg5ZDJlYjE5YWIyM2JmZWI1MGM4Yzg2NWM5Nzg5ZGNiZWQzNzEwNGQ1YjRiNzU4MDE2NjZiNQ%3D%3D&v=1&f=sd', 'duration': 17, 'has_audio': True, 'bitrate_kbps': 5000, 'fallback_url': 'https://v.redd.it/iuuawuqaq3mf1/DASH_1080.mp4?source=fallback', 'scrubber_media_url': 'https://v.redd.it/iuuawuqaq3mf1/DASH_96.mp4', 'transcoding_status': 'completed'}}",10,BF6 Tank Buddy,GraffitiCatBandit,False,False,False,"{'images': [{'id': 'eGd6dm45bmFxM21mMT37vJf_jrptPiqiidBfYAuJWWGClBq_YGwnfCVuSWWf', 'source': {'url': 'https://external-preview.redd.it/eGd6dm45bmFxM21mMT37vJf_jrptPiqiidBfYAuJWWGClBq_YGwnfCVuSWWf.png?format=pjpg&auto=webp&s=03204f142239a4a840da90d97b3a50024f2cfaad', 'width': 1920, 'height': 1080}, 'variants': {}, 'resolutions': [{'url': 'https://external-preview.redd.it/eGd6dm45bmFxM21mMT37vJf_jrptPiqiidBfYAuJWWGClBq_YGwnfCVuSWWf.png?width=108&crop=smart&format=pjpg&auto=webp&s=1436e0398a8af096fe4b9b3b0be5970cb86e049d', 'width': 108, 'height': 60}, {'url': 'https://external-preview.redd.it/eGd6dm45bmFxM21mMT37vJf_jrptPiqiidBfYAuJWWGClBq_YGwnfCVuSWWf.png?width=216&crop=smart&format=pjpg&auto=webp&s=75996eee1dfd037aef80b10b4469c5431e34bda7', 'width': 216, 'height': 121}, {'url': 'https://external-preview.redd.it/eGd6dm45bmFxM21mMT37vJf_jrptPiqiidBfYAuJWWGClBq_YGwnfCVuSWWf.png?width=320&crop=smart&format=pjpg&auto=webp&s=9b5a235f224c893026c243b24cddfe2b80274827', 'width': 320, 'height': 180}, {'url': 'https://external-preview.redd.it/eGd6dm45bmFxM21mMT37vJf_jrptPiqiidBfYAuJWWGClBq_YGwnfCVuSWWf.png?width=640&crop=smart&format=pjpg&auto=webp&s=c433f894e30d8bf7a4e66948fe9570a35ee2103d', 'width': 640, 'height': 360}, {'url': 'https://external-preview.redd.it/eGd6dm45bmFxM21mMT37vJf_jrptPiqiidBfYAuJWWGClBq_YGwnfCVuSWWf.png?width=960&crop=smart&format=pjpg&auto=webp&s=81e8324e973204c4f43b98784543d03113e00c06', 'width': 960, 'height': 540}, {'url': 'https://external-preview.redd.it/eGd6dm45bmFxM21mMT37vJf_jrptPiqiidBfYAuJWWGClBq_YGwnfCVuSWWf.png?width=1080&crop=smart&format=pjpg&auto=webp&s=15267e095bc3d75a75caa3017b35391eeb14301e', 'width': 1080, 'height': 607}]}], 'enabled': False}",False,</3,False,/r/battlefieldcinematics/comments/1n3unrq/bf6_tank_buddy/,battlefieldcinematics,1756535648.0,2,0.92,
1n3ukmt,https://www.reddit.com/r/Battlefield6/comments/1n3ukmt/all_games_keep_crashing_more_than_bf6/,,0,All Games Keep Crashing (More than BF6),SkWillow4Ever,False,True,False,,False,"Hello, im not sure if anyone is also experiencing this issue but after BF6 with driver crashes like directx11 etc. Every other games I play I crash often as well. I uninstalled BF6 and turned off secure boot. I tried to rollback to my drives before I even downloaded BF6. Any tips?? I checked if any of my files are corrupted in the CMD but nothing...",False,/r/Battlefield6/comments/1n3ukmt/all_games_keep_crashing_more_than_bf6/,Battlefield6,1756535316.0,9,0.5,Question
1n3u5qa,https://v.redd.it/ny5amnhyn1mf1,,30,My most cinematic clip on BF6,OVO_ZORRO,False,False,False,"{'images': [{'id': 'NWptZW1rZHluMW1mMQpfMZPIGdCY1kIOwY7ax7TQdDYpEErPcymzYVFQ7Xe-', 'source': {'url': 'https://external-preview.redd.it/NWptZW1rZHluMW1mMQpfMZPIGdCY1kIOwY7ax7TQdDYpEErPcymzYVFQ7Xe-.png?auto=webp&s=094fd502a32ab0183d481218332e313a4bedfcd1', 'width': 1024, 'height': 576}, 'variants': {}, 'resolutions': [{'url': 'https://external-preview.redd.it/NWptZW1rZHluMW1mMQpfMZPIGdCY1kIOwY7ax7TQdDYpEErPcymzYVFQ7Xe-.png?width=108&crop=smart&auto=webp&s=4f08956d24be56695e207444fbee2871c7fc41f9', 'width': 108, 'height': 60}, {'url': 'https://external-preview.redd.it/NWptZW1rZHluMW1mMQpfMZPIGdCY1kIOwY7ax7TQdDYpEErPcymzYVFQ7Xe-.png?width=216&crop=smart&auto=webp&s=188852fdd453ea1228e616451cdd98a651120c86', 'width': 216, 'height': 121}, {'url': 'https://external-preview.redd.it/NWptZW1rZHluMW1mMQpfMZPIGdCY1kIOwY7ax7TQdDYpEErPcymzYVFQ7Xe-.png?width=320&crop=smart&auto=webp&s=6a3489e5067391f864fafbf16a8b48e848d655c7', 'width': 320, 'height': 180}, {'url': 'https://external-preview.redd.it/NWptZW1rZHluMW1mMQpfMZPIGdCY1kIOwY7ax7TQdDYpEErPcymzYVFQ7Xe-.png?width=640&crop=smart&auto=webp&s=2b34220fbb64dfd5a489e9fba4932ec17c19c2c1', 'width': 640, 'height': 360}, {'url': 'https://external-preview.redd.it/NWptZW1rZHluMW1mMQpfMZPIGdCY1kIOwY7ax7TQdDYpEErPcymzYVFQ7Xe-.png?width=960&crop=smart&auto=webp&s=054130da45beb41cc63a04aa5802c99de8c67a4e', 'width': 960, 'height': 540}]}], 'enabled': False}",False,,False,/r/battlefieldcinematics/comments/1n3u5qa/my_most_cinematic_clip_on_bf6/,battlefieldcinematics,1756533811.0,4,0.96,
1n3tk99,https://www.reddit.com/r/bapcsalesaustralia/comments/1n3tk99/new_5090_build_for_4k/,,1,New 5090 Build for 4K,Outside_Ad121,False,True,False,,False,"Hi

2nd time pc builder looking to upgrade to 4K gaming, mostly mix of MMOs and bf6 ideally with some AAA gaming. Hoping to keep this one for 7-8 years. 

[PCPartPicker Part List](https://au.pcpartpicker.com/list/Q3HNC8)

Type|Item|Price
:----|:----|:----
**CPU** | [AMD Ryzen 7 9800X3D 4.7 GHz 8-Core Processor](https://au.pcpartpicker.com/product/fPyH99/amd-ryzen-7-9800x3d-47-ghz-8-core-processor-100-1000001084wof) | $785.00 @ Centre Com 
**CPU Cooler** | [ARCTIC Liquid Freezer III Pro 360 77 CFM Liquid CPU Cooler](https://au.pcpartpicker.com/product/v2kqqs/arctic-liquid-freezer-iii-pro-360-77-cfm-liquid-cpu-cooler-acfre00180a) | $219.00 @ PCCaseGear 
**Motherboard** | [MSI MAG X870E TOMAHAWK WIFI ATX AM5 Motherboard](https://au.pcpartpicker.com/product/mgJBD3/msi-mag-x870e-tomahawk-wifi-atx-am5-motherboard-mag-x870e-tomahawk-wifi) | $567.77 @ JW Computers 
**Memory** | [G.Skill Trident Z5 Neo RGB 64 GB (2 x 32 GB) DDR5-6000 CL30 Memory](https://au.pcpartpicker.com/product/hRQcCJ/gskill-trident-z5-neo-rgb-64-gb-2-x-32-gb-ddr5-6000-cl30-memory-f5-6000j3040g32gx2-tz5nr) | $385.00 @ Scorptec 
**Storage** | [Samsung 9100 PRO 4 TB M.2-2280 PCIe 5.0 X4 NVME Solid State Drive](https://au.pcpartpicker.com/product/PRKnTW/samsung-9100-pro-4-tb-m2-2280-pcie-50-x4-nvme-solid-state-drive-mz-vap4t0bam) | $716.01 @ Amazon Australia 
**Video Card** | [Zotac GAMING SOLID GeForce RTX 5090 32 GB Video Card](https://au.pcpartpicker.com/product/gLJBD3/zotac-gaming-solid-geforce-rtx-5090-32-gb-video-card-zt-b50900d-10p) | $3899.00 @ Centre Com 
**Case** | [Antec FLUX PRO ATX Full Tower Case](https://au.pcpartpicker.com/product/RhWJ7P/antec-flux-pro-atx-full-tower-case-0-761345-10148-6) | $258.00 @ Scorptec 
**Power Supply** | [Corsair HX1200i 1200 W 80+ Platinum Certified Fully Modular ATX Power Supply](https://au.pcpartpicker.com/product/fGgrxr/corsair-hx1200i-1200-w-80-platinum-certified-fully-modular-atx-power-supply-cp-9020281-na) | $406.00 @ Scorptec 
**Operating System** | [Microsoft Windows 11 Home Retail - USB 64-bit](https://au.pcpartpicker.com/product/hMYmP6/microsoft-windows-11-home-retail-usb-64-bit-haj-00108) | $195.00 @ Amazon Australia 
 | *Prices include shipping, taxes, rebates, and discounts* |
 | **Total** | **$7430.78**
 | Generated by [PCPartPicker](https://pcpartpicker.com) 2025-08-30 15:22 AEST+1000 |


Any advice on this build? Does model of 5090 matter much or will the zotac be fine? Also does this build generate a lot of noise (eg ., should I invest in noctua fans over the stock ones from Antec)? 


Thank you in advance!

",False,/r/bapcsalesaustralia/comments/1n3tk99/new_5090_build_for_4k/,bapcsalesaustralia,1756531718.0,11,1.0,Build
1n3th3x,https://i.redd.it/zvmewmtjc3mf1.jpeg,,480,I keep reading it...,DeeBe3,False,False,False,"{'images': [{'id': 'rGhwuq4cwDo-LSrKyfXaOt02lODi7_aL2-L2Rn7sxW0', 'source': {'url': 'https://preview.redd.it/zvmewmtjc3mf1.jpeg?auto=webp&s=eea8e00502dd82b36b173e7616c7225da5a8a8ed', 'width': 600, 'height': 900}, 'variants': {}, 'resolutions': [{'url': 'https://preview.redd.it/zvmewmtjc3mf1.jpeg?width=108&crop=smart&auto=webp&s=b20a98aa697e620e3b5ece97c509a7e76d697dde', 'width': 108, 'height': 162}, {'url': 'https://preview.redd.it/zvmewmtjc3mf1.jpeg?width=216&crop=smart&auto=webp&s=e7d6c8d60a00fe30ff044324db4951ef74ba0c4d', 'width': 216, 'height': 324}, {'url': 'https://preview.redd.it/zvmewmtjc3mf1.jpeg?width=320&crop=smart&auto=webp&s=ef4c3c63693ed16880a3fb5f82cf4b8054dd721d', 'width': 320, 'height': 480}]}], 'enabled': True}",False,"I’m just going to say it since I keep reading it… **Battlefield 2 was peak gaming. You had to be there.**

* **Squads.** Six players per squad. The squad leader was the only spawn point, and placing rally points on the map meant you could actually flank objectives with intent. On top of that, squad leaders had a direct comms net with the Commander—coordination actually mattered.
* **Maps.** Open spaces gave room for decisive flanks. Blank terrain wasn’t wasted—it was a tool, whether on land or at sea.
* **Sniping.** No sniper glint. If you got into position, stayed hidden, and racked up kills, you were rewarded. Half the time you became the “mini boss” some poor squad had to hunt down; which was also rewarding for them if they did.
* **Commanders.** They could make or break the game. Satellite scans, UAVs to spot enemies, supply drops, artillery strikes, assigning orders to squads... it felt like real battlefield leadership.
* **Infantry Combat.** Get -good-kid grit. Gunplay was unforgiving. If you got hurt, you *needed* a medic or a supply area. No automatic health regeneration, you needed teammates.
* **Classes.** A locked class system meant everyone had a role. Squads felt grounded with a locked system.
* **Progression.** Promotions were tough to earn. Unlocking new weapons felt meaningful. Actual real medals and ribbons stacked up, and the emphasis was on *playing the game*, not grinding.

I'm just as excited to play BF6 as the next guy, but bringing back some of these hot takes would make it that much better.",False,/r/Battlefield/comments/1n3th3x/i_keep_reading_it/,Battlefield,1756531411.0,222,0.93,BF Other
1n3sz5u,https://www.reddit.com/r/Battlefield/comments/1n3sz5u/bf6_sniping_a_fair_discussion/,,1,BF6 Sniping - A Fair Discussion,r1997o,False,True,False,,False,"Let’s hear thoughts on Sniping, the Recon class / changes to the class, the weapons themselves, map layout/verticality for snipers, etc - from people who have main’ed or used this play style in past Battlefield games.

It seems a lot of discussion on sniping/recon class in general is getting attacked by downvotes for whatever reason. 

That’s odd to me because I doubt recon mains are telling other classes how they should play or how maps should or shouldn’t be tailored to them.. 

So, can we have a discussion on what we think is good, bad, concerns, and our thoughts without being judged for our play style? A play style/class that has been a core part of all previous BF games, that now seems to be getting the most change out of all of the classes/play styles. 
",False,/r/Battlefield/comments/1n3sz5u/bf6_sniping_a_fair_discussion/,Battlefield,1756529696.0,4,0.67,Battlefield 6
1n3ssnk,https://i.redd.it/7aikww1s63mf1.jpeg,,0,Anti cheat [discussion],SafeSquirrel1041,False,False,False,"{'images': [{'id': '-o3EpbDjVn4-u3XjEIe1Zr0W4qVuREuk8PQNGJ678OM', 'source': {'url': 'https://preview.redd.it/7aikww1s63mf1.jpeg?auto=webp&s=d257efbe2d92e85fa6cae95f32c2acb23fdac1e0', 'width': 1080, 'height': 1346}, 'variants': {}, 'resolutions': [{'url': 'https://preview.redd.it/7aikww1s63mf1.jpeg?width=108&crop=smart&auto=webp&s=b2ccde11160f02573201490c8e137e3a4145a7c9', 'width': 108, 'height': 134}, {'url': 'https://preview.redd.it/7aikww1s63mf1.jpeg?width=216&crop=smart&auto=webp&s=98241f7e18bfd4d701f375b32e5a4c5ca8e94960', 'width': 216, 'height': 269}, {'url': 'https://preview.redd.it/7aikww1s63mf1.jpeg?width=320&crop=smart&auto=webp&s=7061808d4139335622257059189f971ee5410a65', 'width': 320, 'height': 398}, {'url': 'https://preview.redd.it/7aikww1s63mf1.jpeg?width=640&crop=smart&auto=webp&s=04c432f7d0ef4308c055fc1351f47640bbfb3ad3', 'width': 640, 'height': 797}, {'url': 'https://preview.redd.it/7aikww1s63mf1.jpeg?width=960&crop=smart&auto=webp&s=770aeadada3f7040bc53825d8cca383dc635af22', 'width': 960, 'height': 1196}, {'url': 'https://preview.redd.it/7aikww1s63mf1.jpeg?width=1080&crop=smart&auto=webp&s=10dcc2a693e78062f29b82835eace2c794f2630f', 'width': 1080, 'height': 1346}]}], 'enabled': True}",False,With 1.0 around the corner and massive number of cheaters could we see tarkov take similar measures like BF6 and now call of duty ,False,/r/EscapefromTarkov/comments/1n3ssnk/anti_cheat_discussion/,EscapefromTarkov,1756529079.0,18,0.36,PVP
1n3spn5,https://i.redd.it/ijzysv2y53mf1.jpeg,,0,Dev error?!?!?!,PHOXHOLE,False,False,False,"{'images': [{'id': 'vcIfYWgXtzOGjqINhSGkiQT9sojzv-9AWdjwbGIB1Dc', 'source': {'url': 'https://preview.redd.it/ijzysv2y53mf1.jpeg?auto=webp&s=bf8d3540449023aa40df532600196828df1f070b', 'width': 3024, 'height': 4032}, 'variants': {}, 'resolutions': [{'url': 'https://preview.redd.it/ijzysv2y53mf1.jpeg?width=108&crop=smart&auto=webp&s=f03d242983886614b4b00f147ce28abddfb628f9', 'width': 108, 'height': 144}, {'url': 'https://preview.redd.it/ijzysv2y53mf1.jpeg?width=216&crop=smart&auto=webp&s=5fa02d8caf1c6f54d3fba74f87046523e3556a7f', 'width': 216, 'height': 288}, {'url': 'https://preview.redd.it/ijzysv2y53mf1.jpeg?width=320&crop=smart&auto=webp&s=818eb125a22bfb5113bf5beda2ffb9424d5ff82c', 'width': 320, 'height': 426}, {'url': 'https://preview.redd.it/ijzysv2y53mf1.jpeg?width=640&crop=smart&auto=webp&s=2ac19925c9bc031550ac5a67a8c0e8d98fefbf5a', 'width': 640, 'height': 853}, {'url': 'https://preview.redd.it/ijzysv2y53mf1.jpeg?width=960&crop=smart&auto=webp&s=8f43d4a98f003c6cc053319d624db4db370c7835', 'width': 960, 'height': 1280}, {'url': 'https://preview.redd.it/ijzysv2y53mf1.jpeg?width=1080&crop=smart&auto=webp&s=4caa3417c6d423c6f0a7559a1924e3d5b2be81c0', 'width': 1080, 'height': 1440}]}], 'enabled': True}",False,"If they can identify a crash as a developer error, why am I losing SR and being suspended for it? Can anybody help me answer this question?

This kind of crap cost me 530 SR last season and because it is still happening means my money is going to BF6.",False,/r/BO6/comments/1n3spn5/dev_error/,BO6,1756528799.0,1,0.5,Question
1n3scfd,https://www.reddit.com/r/Battlefield/comments/1n3scfd/bf6_helicopter_physics/,,45,BF6 Helicopter physics,otteris151,1756528363.0,True,False,,False,So after watching plenty of beta footage and playing around with the helis in the game I think I know why the Physics feel off. On most sims and older BF titles there's a role centre of the craft both visually and physically. On BF2042 and BF6 the role centre visually isn't in the right spot especially on external camera. This is the point in which the screen rotates relative to the craft and what give off the sensation of flying realistically. For that to happen the role center needs to be just below the Main Rotor or even slightly above depending on the desired effect. This gives the fuselage much felt weight and inertia (realistic flight characteristics). In the current states of both games that visual role center is in the centre of the fuselage so when rolling the pivot happens it looks unnatural and more inclined with arcade games (like CoD). I think the Physics not far off but the camara work is throwing alot of people off. When performing the inatial role the inertia should throw the fuselage in the opposite direction to where you want to travel instead being stationary and the Rotor rolling to that direction. I'm an avid flight simmer on DCS and had plenty of hours on every game for context. Also if any Devs read this....The Rotorblades  should have a fair bit of upward flex under full collective and abrupt turns. It is prevalent in BF6 more so the 2042 but just adding a little bit more would give the sensation the craft had weight to them instead of acting like weightless one. ✌️,False,/r/Battlefield/comments/1n3scfd/bf6_helicopter_physics/,Battlefield,1756527533.0,14,0.94,Battlefield 6
1n3s88o,https://www.reddit.com/r/Battlefield/comments/1n3s88o/battlefield_v_vs_6_gun_play/,,2,Battlefield V vs 6 Gun Play,AllDawgCK,False,True,False,,False,I really enjoyed the bf6 beta and plan to hopefully play alot at release. But one thing bugged me and that was the gun play. It was wayyyy to easy. The gun play in V is amazing and I keep finding myself going back to it. I hope they make some major improvements to it to make it note skillful and rewarding. What say ye?,False,/r/Battlefield/comments/1n3s88o/battlefield_v_vs_6_gun_play/,Battlefield,1756527147.0,26,0.63,Battlefield 6
1n3s6d7,https://i.redd.it/d3bjxnaj03mf1.jpeg,,136,Who is actually gonna take a crack at the bf6 Portal creator? And what are you going to make??,ELXR-AUDIO,False,False,False,"{'images': [{'id': 'BBwODy6hOBcKkBYFBAqu7P1rIfondJzhJqFkLUg_wRk', 'source': {'url': 'https://preview.redd.it/d3bjxnaj03mf1.jpeg?auto=webp&s=07a18460ba421a10bdd805fdd0496a368c14e2b8', 'width': 640, 'height': 359}, 'variants': {}, 'resolutions': [{'url': 'https://preview.redd.it/d3bjxnaj03mf1.jpeg?width=108&crop=smart&auto=webp&s=e6dea47bd7f9fe90f1bc0dcd2779bb7a72de2df1', 'width': 108, 'height': 60}, {'url': 'https://preview.redd.it/d3bjxnaj03mf1.jpeg?width=216&crop=smart&auto=webp&s=18d8cbe04c4d419fe5e46b0edbb7322a9fe0b00c', 'width': 216, 'height': 121}, {'url': 'https://preview.redd.it/d3bjxnaj03mf1.jpeg?width=320&crop=smart&auto=webp&s=2e7833ca350f15c04d4f1cc010036ed12f6c6d1c', 'width': 320, 'height': 179}, {'url': 'https://preview.redd.it/d3bjxnaj03mf1.jpeg?width=640&crop=smart&auto=webp&s=e15d6ed9d11654500534b2c9809a06e3a2a579ee', 'width': 640, 'height': 359}]}], 'enabled': True}",False,,False,/r/Battlefield/comments/1n3s6d7/who_is_actually_gonna_take_a_crack_at_the_bf6/,Battlefield,1756526978.0,228,0.97,Battlefield 6
1n3rqnd,https://v.redd.it/6gfddwiiu2mf1,"{'reddit_video': {'width': 1920, 'height': 1080, 'is_gif': False, 'hls_url': 'https://v.redd.it/6gfddwiiu2mf1/HLSPlaylist.m3u8?a=1759188442%2COTFmNzIyNjMxYjg4ZTI2MjVhOGU2NDBlYTRjY2IwMDY4YjY5MzIxYTZkMDNiYzZiNmM3MzQxZWQwOTYzZmFjZQ%3D%3D&v=1&f=sd', 'dash_url': 'https://v.redd.it/6gfddwiiu2mf1/DASHPlaylist.mpd?a=1759188442%2CN2NlODUyZDkwODBmMzA0YmVhZmZkMDMyYzZjYWFiOGYwZmU2ZjFhMTFjMmNkMzQwN2JmZTlmM2M0ZDdmZTdhYw%3D%3D&v=1&f=sd', 'duration': 21, 'has_audio': True, 'bitrate_kbps': 5000, 'fallback_url': 'https://v.redd.it/6gfddwiiu2mf1/DASH_1080.mp4?source=fallback', 'scrubber_media_url': 'https://v.redd.it/6gfddwiiu2mf1/DASH_96.mp4', 'transcoding_status': 'completed'}}",11,movement exploiting,Dima_mayakovskyima,False,False,False,"{'images': [{'id': 'MW9hbnd3aWl1Mm1mMaGUTXnhuWq7-Kujuv4LQxx9yK9tebNhuIlb1Yl0_i94', 'source': {'url': 'https://external-preview.redd.it/MW9hbnd3aWl1Mm1mMaGUTXnhuWq7-Kujuv4LQxx9yK9tebNhuIlb1Yl0_i94.png?format=pjpg&auto=webp&s=249db27b8f04dd5e1c2e990585051688e250c0eb', 'width': 1920, 'height': 1080}, 'variants': {}, 'resolutions': [{'url': 'https://external-preview.redd.it/MW9hbnd3aWl1Mm1mMaGUTXnhuWq7-Kujuv4LQxx9yK9tebNhuIlb1Yl0_i94.png?width=108&crop=smart&format=pjpg&auto=webp&s=4f48e9d09db540f90efdca3f1da6a24349490a6e', 'width': 108, 'height': 60}, {'url': 'https://external-preview.redd.it/MW9hbnd3aWl1Mm1mMaGUTXnhuWq7-Kujuv4LQxx9yK9tebNhuIlb1Yl0_i94.png?width=216&crop=smart&format=pjpg&auto=webp&s=ba52dd961e8b09e50a86c7cd1d55440f0d3f5db6', 'width': 216, 'height': 121}, {'url': 'https://external-preview.redd.it/MW9hbnd3aWl1Mm1mMaGUTXnhuWq7-Kujuv4LQxx9yK9tebNhuIlb1Yl0_i94.png?width=320&crop=smart&format=pjpg&auto=webp&s=de2b7a8bbfd3cbba396fc99ce545df763b8b23a6', 'width': 320, 'height': 180}, {'url': 'https://external-preview.redd.it/MW9hbnd3aWl1Mm1mMaGUTXnhuWq7-Kujuv4LQxx9yK9tebNhuIlb1Yl0_i94.png?width=640&crop=smart&format=pjpg&auto=webp&s=4b8c3f897503e8ebecd5e710b181effaca98072c', 'width': 640, 'height': 360}, {'url': 'https://external-preview.redd.it/MW9hbnd3aWl1Mm1mMaGUTXnhuWq7-Kujuv4LQxx9yK9tebNhuIlb1Yl0_i94.png?width=960&crop=smart&format=pjpg&auto=webp&s=70cdd6d59b99ea94f419fcd07853707e742cfc8e', 'width': 960, 'height': 540}, {'url': 'https://external-preview.redd.it/MW9hbnd3aWl1Mm1mMaGUTXnhuWq7-Kujuv4LQxx9yK9tebNhuIlb1Yl0_i94.png?width=1080&crop=smart&format=pjpg&auto=webp&s=8c1513970e6a376d3753b8bb8234f42918863fd8', 'width': 1080, 'height': 607}]}], 'enabled': False}",False,"I think people were being a bit unfair thinking that the movement exploiter in BF6 open beta came from call of duty, look at this guy its disgusting and unfun to play against, i realize now why some of the community hated BF1 movement cuz there was cooldowns and u can't pull stupid stuff like this , i hope they keep balancing and nerfing abnormal movements in BF6. Honestly i had more fun on battlefield 1 than BF4.",False,/r/Battlefield/comments/1n3rqnd/movement_exploiting/,Battlefield,1756525552.0,3,0.92,Battlefield 4
1n3ra2v,https://www.reddit.com/r/Battlefield/comments/1n3ra2v/any_fellow_marines_in_here/,,5,Any fellow Marines in here?,YungAntiCondom,False,True,False,,False,Trying to get a bf6 squad together. My platoon doesn’t care. ,False,/r/Battlefield/comments/1n3ra2v/any_fellow_marines_in_here/,Battlefield,1756524016.0,0,0.78,Battlefield 6
1n3r9kv,https://www.reddit.com/r/Battlefield/comments/1n3r9kv/ideas_for_my_personal_dream_future_battlefield/,,0,Ideas for my personal dream future Battlefield game,DarknessRain,False,True,False,,False,"**Dynamic Injury System**

Sometimes I do a lot of damage to people and then die, and they just go on to keep fighting as if my bullets meant nothing. In older games (BF3) it took a while to regain health without a medkit, but in BF6 it seems pretty instant.

In my dream game, it would be more in the opposite direction. In fact, if you did a certain amount of damage to someone, they would get either an 'injury' or a 'hemorrhage', each having unique effects depending on what type of bullet was used and where.

Say you did more than 50hp worth or damage to someone using a high-stopping-power weapon like a shotgun slug and it was all on their left arm, they would get a left arm injury. Until fixed, it would cause them to have to hold their weapon one handed, which would negatively effect their weapon sway and recoil control.

An injury to a leg would cause someone to limp, reducing their speed, disabling sprint, and increasing sway. Both legs injured simultaneously would force someone into the prone position, and they would leave a trail of blood that could be easily tracked. An injury to the head would cause double vision and tinnitus, negatively affecting situational awareness.

In the same scenario, if you did the same amount of damage but using a high-penetration weapon like a 5.7, it would cause a massive hemorrhage effect. This would drain your health until you were helped or died. It would be about 1hp every 2 seconds, stacking with how many hemorrhages a person had on their limbs.

**Dynamic Damage System**

Bouncing off of that, instead of a singular ""damage"" stat with weapons, each weapon would have separate damage type stats like ""soft tissue damage"", ""penetration"", and ""stopping power"", which would produce different effects.

On top of that, when customizing bullet types, they would skew the type of damage towards one of the three types at the cost of the others. In BF6, it seemed like the different bullet types just increased head shot multiplier. 

I would have it so the steel core increases the penetration stat, the frangible/tumbling/hollow point increases soft tissue damage, and the +P increases stopping power and velocity.

Depending on where the enemy was shot and what type of armor they were wearing, the final damage would then be calculated based on the damage subtypes. For example, when shot in armored areas, the penetration stat would contribute more to calculated overall damage, for unarmored areas, the soft tissue damage stat would contribute more. The stopping power stat would cause the most knock back and would increase suppression the fastest when bullets are landing around the enemy.

CoDMW2 had changeable ammo types that dipped into this idea, but they seemed to have random effects, like delaying health regen or disabling sprint when actively shooting the legs.

**Dynamic Armor System**

On the topic of shooting people in armored vs unarmored areas, I would add some simple armor selection choices. It would be a simple trade-off of mobility vs protection. I'd go with a similar system to the Rainbow 6 series where it's called ""light"", ""medium"", and ""heavy"".

Max mobility would be wearing no armor, your character would just have some sort of chest rig or cargo vest. Then for light, it would be a plate carrier. Medium would add a dangler plate, ballistic helmet, and side plates. Heavy would add shoulder armor and knee pads.

Going up in armor would not only prevent more damage from coming through, but also increase the surface areas on the body where incoming damage would count as armor hits vs soft tissue hits, increasing the importance of the ""penetration"" damage stat of the shooter.

**Dynamic Healing System**

Instead of tossing medkits and just regaining health, I'd make it so healing was done on a personal basis with animations. The animations would change depending on what type of damage a wounded teammate had sustained.

For example, if a teammate had a limb injury, I would have the animation be the medic applying a TQ. If it were a chest injury, I would have the animation be the medic applying a chest seal.

For smooth gameplay, the different medical items wouldn't actually be different items, they'd just be ""medkit"" representative units that become whatever is needed and get consumed when used.

I'd have all classes start with a tiny supply, maybe just 1 medkit unit, but the medic class would carry a lot more. It would be possible to apply it to one's self, but the animation would take twice as long as having a teammate apply it to you.

When a non-medic teammate applies a healing unit to another teammate, it would consume the player-being-healed's medkit (if it exists) before the healing-player's medkit.

**Dynamic Magazine System**

Currently in normal mode, when reloading, your remaining rounds just get added back into your stockpile, and you always load a fresh, full mag. In hardcore mode, you lose the remaining rounds in each magazine.

I would go halfway by making some changes. I would allow the player the option of two types of reload: Single tap the reload button and the operator will re-index the mag with the remaining rounds a pull a fresh one. Double tap the reload button and the operator will drop the mag, discarding the remaining rounds, but making the reload a lot faster.

To add to this, I would add mag memory, so the operator will rotate through mags, choosing the mag with the highest current round-count when reloading. Then I would add the option to hold down the reload button and collapse mags by stripping rounds from the lowest-current-round-count mag and adding them to the highest-current-round-count mag until the former is empty or the latter is full.

**Customizable Launchers**

Already we have customizable ammo types for grenade launchers like the M320: frag, smoke, flashbang, dart etc. However, I would take that a step further by allowing the further customization of the stock and irons / indirect-fire-optic choice.

To expand on that, I would do the same for the engineer's launchers. In BF6 we get the scoped RPG-7, but in previous games we got the irons on it. I would open the customization similar to the primary arms and sidearms. (Of course, there would be fewer options, as in real life, but still.) 

Then I would also allow the selection of warhead type. 

I've seen some complaints that the RPG-7 does almost nothing to infantry in BF6, so allowing the user to sacrifice some vehicle damage for increased infantry damage by swapping out the warhead would make it more of a rock-paper-scissors. High explosive warheads, thermal warheads, frag warheads, etc.

**Vehicle Ammo and Fuel**

I would introduce vehicle ammo and fuel capacity. I notice a small version of this in BF6 where you had to wait a long time for your ammo to recharge after you fired a lot of barrages, but it is still infinite.

I would make it so ammo doesn't recharge, and supplies like flares/chaff don't recharge either. 

I noticed a problem in both BF6 and BF3 where people in a jet or copter can do a strafing run, flare off incoming rockets, then circle back. By the time they came back for another run, the flares were recharged, making them invincible. Using this strat, the pilots stayed in the vehicle the entire game without needing to worry about any danger.

If the flares were finite, then at the very least, the helicopter/jet would have to land once in a while to restock, creating a window of opportunity for ground attackers. This could even create a cool gameplay dynamic of setting up ambushes at refueling/resupply stations.

**Commander Deploy Power**

Some of this might already be in place because I've only played BF3, BF4, BFH, and BF6, but there are some cool things I think would add fun to the commander spot.

I'd give the commander the ability to deploy a squad of 5-10 generic NPC units, with the order to attack/defend a point. They would be the equivalent of the National Guard of whatever country the team was, and have the most basic equipment.

I would even include the ability to deploy an older model of tank, which would easily be outclassed by the real-player-controlled tanks. Similar to how in the current Ukraine war, there are T-72s being used at the same time as T-90s for example.

They would be super weak compared to actual players so they wouldn't be a game-changer, but they would be a ""gotcha"" to grab points that are left completely undefended by the enemy team, or as a way to stall a capture long enough for real players to come and defend.

**The Drone Issue**

I've seen some discussion about the implications for drones being added to a future BF game, I think they should be added and there is a way to do it without making the entire game a drone-fest.

I would make it so the drones are launched out of a specific vehicle, similar to the artillery in BF4. It would be like a cargo trailer with a driver's seat, and maybe 1-5 spots in the trailer where drone operators sit at control stations that launch/control the drones.

This would add some vulnerability, because if a recon sneaks in the enemy base with some C4, they can take out a full truck full of drone-operators while the operators are focused on their drone feeds.

To further counter the drones, I would add the drone-jammer as an engineer gadget (short range) and a bigger drone-jammer as a vehicle upgrade (longer range).

For vehicles, I would add the upgrade of the laser anti-drone trophy system, but the player would have to choose between that and the classic active-defense system for incoming rockets. 

Then I would also add an anti-drone cage armor choice, but it would be in the same slot as the reactive-armor upgrade, so the player would have to choose between two.

So if the player customized their tank one way or the other, they could make the tank a very hard target for drones, but open themselves up to infantry anti-tank launchers, or vise-versa. This would add another dynamic rock-paper-scissors element.",False,/r/Battlefield/comments/1n3r9kv/ideas_for_my_personal_dream_future_battlefield/,Battlefield,1756523973.0,5,0.38,Discussion
1n3qw47,https://www.reddit.com/r/Battlefield/comments/1n3qw47/question_can_you_pick_up_gadget_from_downed_or/,,2,Question: Can you pick up gadget from downed or dead players’ characters in BF6?,RearWheelDriveCult,False,True,False,,False,I didn’t play beta. I remember this was a thing and great for: 1) getting fresh ammo 2) becoming a different class,False,/r/Battlefield/comments/1n3qw47/question_can_you_pick_up_gadget_from_downed_or/,Battlefield,1756522786.0,4,1.0,Battlefield 6
1n3qp45,https://www.reddit.com/r/Battlefield/comments/1n3qp45/hot_take_2042_had_smoother_reload_animations_than/,,0,Hot take 2042 had smoother reload animations than BF6,Fit-Information8057,False,True,False,,False,To be clear I'm not talking about the portal guns cause those were horrible and way worse. I'm talking about the base guns like the AK-24 and PBX. Some BF6 reloads are smooth but others are to snappy. 2042 reload animations were not necessarily good but I do think they're smoother than many BF6 reloads.,False,/r/Battlefield/comments/1n3qp45/hot_take_2042_had_smoother_reload_animations_than/,Battlefield,1756522161.0,5,0.42,Battlefield 6
1n3qn1g,https://www.reddit.com/r/Battlefield/comments/1n3qn1g/why_dead_in_oceania_region/,,3,Why dead in Oceania region?,BlNCHlCHICKEN,False,True,False,,False,"Why are all of the battlefields dead in Oceania region on Xbox, can't play 2042 without cross play. No servers in 4 and below and all the rest automatically connect to na servers or have 3 people in custom ones. What happened I thought everyone was hype for BF6?",False,/r/Battlefield/comments/1n3qn1g/why_dead_in_oceania_region/,Battlefield,1756521982.0,6,0.81,Discussion
1n3qjr6,https://www.reddit.com/r/pchelp/comments/1n3qjr6/random_pc_blue_screens/,,1,Random PC blue Screens,BussyBoyScram,False,True,False,,False,"i9-14900K 3.20 GHz,, RAM 32.0 GB 48MHz, MSI 3080, MSI 790 Plus MOBO, NZXT 360mm AIO 

  
The PC has blue-screened twice in the last month. The motherboard will display a red and yellow LED; the red LED will appear, disappear, and the yellow LED will appear but will disappear once the PC posts. CPU temps weren't spiking or getting too hot; the highest was around 90c.

Both RAM sticks work fine; all the pins on the mobo appear perfectly fine. I did upgrade my Pc recently, the only old parts are the PSU, GPU, and AIO. 

I played BF6 beta, Rivals, Max Payne 3, RE7 & RE8, and War Thunder with no issues. The PC will crash if I play Tarkov or PEAK. did multiple tests to duplicate the crash, but nothing abnormal appears until I play PEAK or Tarkov. I replaced the thermal paste, changed the RAM sticks, thoroughly cleaned the PC, and checked all the plug-ins/contact points, but the issue still happens. 

stuck in a bind.

",False,/r/pchelp/comments/1n3qjr6/random_pc_blue_screens/,pchelp,1756521694.0,1,1.0,OPEN
1n3qdc9,https://i.redd.it/h7f16m4fh2mf1.png,,1,"Low GPU clock, help.",Legitimate_Flow3623,False,False,False,"{'images': [{'id': 'd31Yj-yl8mcvGmzmugw3CMKfiF_Dl-UaxB1hzbJsNC8', 'source': {'url': 'https://preview.redd.it/h7f16m4fh2mf1.png?auto=webp&s=6cb6cb1bc9556f9d1c98dd0b380f73067139ecb6', 'width': 1910, 'height': 1039}, 'variants': {}, 'resolutions': [{'url': 'https://preview.redd.it/h7f16m4fh2mf1.png?width=108&crop=smart&auto=webp&s=a9982da7da977ddb410e90f7e6db6b368cb8aa5d', 'width': 108, 'height': 58}, {'url': 'https://preview.redd.it/h7f16m4fh2mf1.png?width=216&crop=smart&auto=webp&s=45b8cd8ec9bea294e3bfa3d0bd83641f05205d7f', 'width': 216, 'height': 117}, {'url': 'https://preview.redd.it/h7f16m4fh2mf1.png?width=320&crop=smart&auto=webp&s=c7cb5620ee751af4db1b879997328da54bf86f56', 'width': 320, 'height': 174}, {'url': 'https://preview.redd.it/h7f16m4fh2mf1.png?width=640&crop=smart&auto=webp&s=155a265c7918c9d4fabe67d7d636e9674f5db0c0', 'width': 640, 'height': 348}, {'url': 'https://preview.redd.it/h7f16m4fh2mf1.png?width=960&crop=smart&auto=webp&s=e09146bb424aad8dc2bc9aec6b149d924006db14', 'width': 960, 'height': 522}, {'url': 'https://preview.redd.it/h7f16m4fh2mf1.png?width=1080&crop=smart&auto=webp&s=6c610ea51ccc799f0ed658dd95692425511c95f6', 'width': 1080, 'height': 587}]}], 'enabled': True}",False,"Hi all, so after changing my drives from the MBR format to GPT format to enable this secure boot nonsense for BF6/win11 iv'e now run into an issue with ESO. 

The clock speed of my GPU in ESO is abysmal yet in BF2042 is will run at full speed.  My fps has gone from being locked at 120fps now only hovers around 40 fps...   
Iv'e done a Chipset driver reinstall and a GPU driver reinstall, shader cache reset and a game file repair to try and fix this. 

  
I can have BF2042 and ESO running at the same time, alt tabbing between the two and the GPU clock changes accordingly. 

CPU: R5 5600, GPU: 6700XT, 16 gb of ram on a B350 mobo. 

Bit of a head scratcher. ",False,/r/elderscrollsonline/comments/1n3qdc9/low_gpu_clock_help/,elderscrollsonline,1756521141.0,5,0.67,Media
1n3q4bc,https://www.reddit.com/r/Battlefield/comments/1n3q4bc/bf4_grapics_settings_ps5/,,1,Bf4 grapics settings ps5,Latten45,False,True,False,,False,"Is there anyway to make this game not look like a ancient artifact like its so pixelated.
I REALLY want to play this game while waiting for bf6 to arrive so any tips would be nice :))",False,/r/Battlefield/comments/1n3q4bc/bf4_grapics_settings_ps5/,Battlefield,1756520377.0,5,1.0,Battlefield 4
1n3q3u3,https://www.reddit.com/r/Battlefield/comments/1n3q3u3/ea_copyright_striked_and_took_down_my_video_on/,,0,EA Copyright Striked and took down my video on Leaks of Maps,antilladon,False,True,False,,False,"Just wanted to let everyone know, who has watched and commented and I was not able to get to your comment. 

I have asked for clarification of why it was taken down, will update when I have more information for others that may be creating content related to leaks etc. for BF6. 

For those wondering whether I leaked the info myself, nope just had images of the leaks here on reddit and was simply relaying the info with a lot of my takes on what I thought the maps might be and what it looked like for vehicles / engagements etc. on the maps.

I'm hyped for the game after watching some more leaked info, and reading the latest update, had a video scheduled for that info to come out today, but re-editing now, in light of this copyright strike.",False,/r/Battlefield/comments/1n3q3u3/ea_copyright_striked_and_took_down_my_video_on/,Battlefield,1756520336.0,4,0.21,Battlefield 6
1n3q3qb,/r/Battlefield/comments/1n3p6cn/bf6_portal_mesh_import/,,1,BF6 Portal Mesh Import?,cyclesx,False,False,False,,False,,False,/r/BattlefieldPortal/comments/1n3q3qb/bf6_portal_mesh_import/,BattlefieldPortal,1756520328.0,0,1.0,Question
1n3pugl,https://www.reddit.com/r/Battlefield/comments/1n3pugl/crazy_theory/,,3,Crazy Theory,Im-loving,False,True,False,,False,"I have a crazy theory that originally battlefield 2042 had a campaign that generally followed the same parameters as BF6’s story, but instead of Pax Armata, it was Archangel, and instead of NATO, it was the Mandate of Nations. 

I know this theory sounds bad at first, but the basic plot for Battlefield 6’s campaign was leaked back before 2042 was released. 

On top of that, there was some serious potential, the No-Pats, led by Irish, representing the old breed of warriors, trying to reestablish the world the way it was before the 2040 Blackout, facing up against Archangel, led by Henry Blackburn, representing the future and automated warfare. 

I personally think that this could’ve been a very cool story if it were to play out that way. but instead, it was repurposed for Battlefield 6, and I’m perfectly OK with that.",False,/r/Battlefield/comments/1n3pugl/crazy_theory/,Battlefield,1756519539.0,0,1.0,Battlefield 2042
1n3pgh9,https://www.reddit.com/r/Battlefield/comments/1n3pgh9/i_really_want_an_offline_practice_mode_against/,,7,I really want an OFFLINE practice mode against bots,ResidentDrama9739,False,True,False,,False,"I loved having a solo/co op feature in 2042. It reminded me of old school Battlefield in a lot of ways. However the way bots were implemented was a mixed bag. I think the biggest problem is how the progression was tied with regular PvP. With Battlefield 6 seemingly having smaller maps and back to the 64 player standard, I want to see the solo/co op feature return but this time without requiring a constant internet connection or Xbox/PS+ subscription in order to play it. I enjoy playing against bots in FPS games because it offers a stress free environment for me. Sometimes after long days, I don't feel like interacting with others or trying to remain competitive and singleplayer bot matches are generally what I prefer to play in those cases. There's also cases where my internet has gone out for various reasons and there's many times where I wanted to play Battlefield 2042, but couldn't due to the online requirements. Luckily I live in an area with good internet speeds, but this feature would really come in handy for people who live in locations without reliable internet. I want BF6 to offer something like what Star Wars: Battlefront II has where you can play modes such as Conquest, Rush or Breakthrough against bots without progression, meaning all weapons and gadgets will be unlocked. Like Battlefront II, you'll be able to choose how many bots you want to play with, what difficulty they are, what factions you want to play for, and what maps you want to play on. If consoles are unable to support 63 bots, I would settle for 47 as a maximum amount which would equate to 24v24, or 20v20 at minimum. ",False,/r/Battlefield/comments/1n3pgh9/i_really_want_an_offline_practice_mode_against/,Battlefield,1756518366.0,5,0.71,Battlefield 6
1n3p6cn,https://www.reddit.com/r/Battlefield/comments/1n3p6cn/bf6_portal_mesh_import/,,0,BF6 Portal Mesh Import?,cyclesx,1756517735.0,True,False,,False,"Anyone know if you will be able to import meshes /or heightmaps within the new portal? I would like to start modeling a map ahead of time, mostly get a location and the terrain but if we can only use prefabs or the assets from other maps I might as well not waste my time. Also if some of you happen to just read this where would you like to see? ",False,/r/Battlefield/comments/1n3p6cn/bf6_portal_mesh_import/,Battlefield,1756517524.0,3,0.5,Battlefield 6
1n3p1v6,https://www.reddit.com/gallery/1n3p1v6,,377,"Two Rawinput Members (RileyCS and Pinguefy) Allegedly Tied to Cheating Forums, And They’re the Ones Controlling the Conversation? 💀",Just_Eat_Potatoes,False,False,False,,False,,False,/r/StreamersCheating/comments/1n3p1v6/two_rawinput_members_rileycs_and_pinguefy/,StreamersCheating,1756517152.0,263,0.84,
1n3o57l,https://www.reddit.com/r/battlefield2042/comments/1n3o57l/is_this_game_ok/,,0,Is this game ok??,xxXtopazXxx,False,True,False,,False,Trying to farm xp to get skins for bf6 but game keeps crashing on pc even making my pc completely restart. Tried on PS5 and it’s constantly taking captures (turned the feature off in settings) and when I launch the game it automatically puts me in a game. Anyone else dealing with this? ,False,/r/battlefield2042/comments/1n3o57l/is_this_game_ok/,battlefield2042,1756514496.0,3,0.2,Question
1n3nxu8,https://www.reddit.com/r/pcmasterrace/comments/1n3nxu8/having_trouble_booting_into_the_bios/,,2,Having trouble booting into the bios,Lost_One_6524,False,True,False,,False,"I've been trying to help my friend activate secure boot for bf6.  But when I tried to get into the bios nothing worked, and it would black screen, and it won't stop useless you unplug it. I've  tried advance start up, I've tried every positive button and im still lost, was just wondering if anyone on here knows how to fix it or has had this happen to them.",False,/r/pcmasterrace/comments/1n3nxu8/having_trouble_booting_into_the_bios/,pcmasterrace,1756513883.0,0,1.0,Tech Support
1n3nuy9,https://www.reddit.com/r/pcmasterrace/comments/1n3nuy9/gpu_fan_control_issues/,,2,GPU Fan control issues,atem123,1756514054.0,True,False,,False,"I normally play lesser demanding games but have recently had the motivation to play some of my higher demanding games. During the playing of these games I noticed that my GPU would get unnecessarily warm 78c+ on medium settings FH5 or BF6 beta. I chalked it up to dust or bad airflow. After dusting my PC and taking off the side panel for more airflow I still had similar issues with it getting to 89c medium settings PoE2 today.

I attempted troubleshoot this by using Fancontrol and MSI afterburner as I thought the fan curve was the issue. It was at this point I noticed that during higher stress gaming situations my GPU fans go to 100% for 1-2 seconds then fall back down. Additionally, neither software was able to influence how my GPU fans perform.  
Any solutions?

Specs:  
ASRock Z390  
i9-9900k  
2080 super (Gigabyte)",False,/r/pcmasterrace/comments/1n3nuy9/gpu_fan_control_issues/,pcmasterrace,1756513651.0,0,1.0,Tech Support
1n3nmek,https://www.reddit.com/r/GamerPals/comments/1n3nmek/eu26m_coop_buddies/,,1,EU/26M Coop buddies,Jolistic,1756513206.0,True,False,,False,"Hello everyone, big fan of coop RPG games, I'm looking to assemble a group of friends to play Kyora and Witchbrook when they release! Currently playing Satisfactory, Core Keeper, Avatar and Enshrouded. Also play BF2042 and BF6 (when it releases) Am a big fan of E33 so much.

Due to work however I'm only available evening and weekends; Still though, looking forward to connect! ",False,/r/GamerPals/comments/1n3nmek/eu26m_coop_buddies/,GamerPals,1756512978.0,1,0.66,Europe
1n3n8hy,https://www.reddit.com/r/Battlefield/comments/1n3n8hy/is_recoil_in_bf2042_higher_than_in_bf6/,,2,Is recoil in BF2042 higher than in BF6?,Main-Woodpecker2124,False,True,False,,False,"Feels like in B6s Beta I could easily use a 5x Scope and still have decent control over most guns whereas even the easiest-ish to control weapon in 2042, the RM68, feels weird to use even with a 2.5x Scope and completely unusable with a 5x one. Is the recoil that much higher in 2042?",False,/r/Battlefield/comments/1n3n8hy/is_recoil_in_bf2042_higher_than_in_bf6/,Battlefield,1756511881.0,14,0.75,Question
1n3n2vk,https://www.reddit.com/r/radeon/comments/1n3n2vk/help_me_to_choose_between_7900_xtx_vs_9070_xt_vs/,,0,Help me to choose between 7900 xtx vs 9070 xt vs 5070 ti for gaming,Dry-Ideal-891,1756516117.0,True,False,,False,"In my home country we have decend inventory of all curent gpus pricing is (7900 xtx starts at 920€) (9070 xt 780€) (5070 ti 850€)

 i have been using full amd cpu + gpu combo since 2018 from all to way of my old Acer Predator Laptop Helios 500 amd that i turned to linux laptop 

i also own steam deck and asus rog ally and yes i use steam deck 90% of time. 

My current pc setup is 6800xt + 5700xd3 with noctua redux dual fan setup and 3200mhz 32gb memory on msi mag b550 tomahawk mb,i got seasonic 1000W psu on fractal torrent air cooled case i see at gaming my gpu is at 62 - 72 °C cpu is between same temp 62 - 72°C

i play WQHD 32” Screen at 3440 x 1440p resolution. 

My main game is Warframe and new expansions are really hard for my machine to run even on high setting60fps with out dips. 

i also play helldivers 2 at rank / level 118 on difficulty 10 there is see 58 - 90 fps on high settings

i play bf2042 mostly for new coming bf6 skins and also i have started ffxiv free trial. 

I would like to stay on amd but im curious of alternative option but yes i play mostly warframe,helldivers 2, bf2042, ffxiv, soulframe and the first descendant.

 My current gpu was used when i bought it and i wanna sell it with my old pc so that why im buying new one to also satisfy myself

 i would be happy to play WQHD Screen on 100fps high settings all my games

 most of current ones runs between 48- 85fps when shits explode on screen in games.

And i dont want to start using frame gen or upscaling i wanna play with native resolution.

Sorry for bad english 

i wanted to say all that i rembered because yes i know this is reddit.

 Im myself toward buying 9070 xt powercolor Red devil my current gpu 6800xt is also powercolor but its hellhound",False,/r/radeon/comments/1n3n2vk/help_me_to_choose_between_7900_xtx_vs_9070_xt_vs/,radeon,1756511435.0,32,0.31,
1n3msqg,https://v.redd.it/ny5amnhyn1mf1,"{'reddit_video': {'width': 1920, 'height': 1080, 'is_gif': True, 'hls_url': 'https://v.redd.it/ny5amnhyn1mf1/HLSPlaylist.m3u8?a=1759188442%2CNzMwZTYwZDQ0ODhmYjdiOGE5OTQ3ZmY1ODlkMjIwYjMyMGRlNzVmZjdmNDRkOTk0YTM0NjBjOTEyY2QzOWFjYg%3D%3D&v=1&f=sd', 'dash_url': 'https://v.redd.it/ny5amnhyn1mf1/DASHPlaylist.mpd?a=1759188442%2CZDZkNjllMjM3ZGNjMjgwOTQwYTQyYTdlNjc3MmI1NTYxODUzZDRjMmMyYjEwYzljYzYyYWM3OWVlMDllZDQ0MQ%3D%3D&v=1&f=sd', 'duration': 4, 'has_audio': False, 'bitrate_kbps': 5000, 'fallback_url': 'https://v.redd.it/ny5amnhyn1mf1/DASH_1080.mp4?source=fallback?source=fallback', 'scrubber_media_url': 'https://v.redd.it/ny5amnhyn1mf1/DASH_96.mp4', 'transcoding_status': 'completed'}}",1488,My most cinematic clip on BF6,WhyAmIHere6746,False,False,False,"{'images': [{'id': 'NWptZW1rZHluMW1mMQpfMZPIGdCY1kIOwY7ax7TQdDYpEErPcymzYVFQ7Xe-', 'source': {'url': 'https://external-preview.redd.it/NWptZW1rZHluMW1mMQpfMZPIGdCY1kIOwY7ax7TQdDYpEErPcymzYVFQ7Xe-.png?format=pjpg&auto=webp&s=065215c442141ee2113a8bb571d05ae196797476', 'width': 1024, 'height': 576}, 'variants': {}, 'resolutions': [{'url': 'https://external-preview.redd.it/NWptZW1rZHluMW1mMQpfMZPIGdCY1kIOwY7ax7TQdDYpEErPcymzYVFQ7Xe-.png?width=108&crop=smart&format=pjpg&auto=webp&s=3b15c3cb6fd6847f0c09fd60db929d7b92b74303', 'width': 108, 'height': 60}, {'url': 'https://external-preview.redd.it/NWptZW1rZHluMW1mMQpfMZPIGdCY1kIOwY7ax7TQdDYpEErPcymzYVFQ7Xe-.png?width=216&crop=smart&format=pjpg&auto=webp&s=224ef0e0f42ca020ceb27ad645bc51ca3365a7b1', 'width': 216, 'height': 121}, {'url': 'https://external-preview.redd.it/NWptZW1rZHluMW1mMQpfMZPIGdCY1kIOwY7ax7TQdDYpEErPcymzYVFQ7Xe-.png?width=320&crop=smart&format=pjpg&auto=webp&s=5f2d9e3d38b2d3ceac06056a299e808efd63968d', 'width': 320, 'height': 180}, {'url': 'https://external-preview.redd.it/NWptZW1rZHluMW1mMQpfMZPIGdCY1kIOwY7ax7TQdDYpEErPcymzYVFQ7Xe-.png?width=640&crop=smart&format=pjpg&auto=webp&s=500fe5d7c6ae0da4f69292217dbdc9dc6bea4bfc', 'width': 640, 'height': 360}, {'url': 'https://external-preview.redd.it/NWptZW1rZHluMW1mMQpfMZPIGdCY1kIOwY7ax7TQdDYpEErPcymzYVFQ7Xe-.png?width=960&crop=smart&format=pjpg&auto=webp&s=be4eafecc60d57487b0dd62e47c3e47617b350c2', 'width': 960, 'height': 540}]}], 'enabled': False}",False,,False,/r/Battlefield/comments/1n3msqg/my_most_cinematic_clip_on_bf6/,Battlefield,1756510646.0,50,0.99,Battlefield 6
1n3mjby,https://www.reddit.com/r/Battlefield/comments/1n3mjby/the_majority_of_players_dont_know_how_to_play/,,5,The majority of players don’t know how to play breakthrough and it almost ruins it,69VaginaLicker69,False,True,False,,False,"Currently been binging 2042 Iwo Jima breakthrough but I have had similar experiences with breakthrough on bf5 and bf6 beta. 

IMO breakthrough is the best bf game mode. Yes better than conquest. When you have a good breakthrough match it out does any other multiplayer fps experience. Again just my opinion. 

BUT MY FUCKING GOD ARE MY TEAMMATES BRAIN DEAD 

The tank on attackers sits in spawn taking pot shots or just boosts into the middle of the point and abandons it 

My teammates sit on the boundaries taking pot shots even with less than 100 tickets left. 

I throw a smoke screen to rush the point and they shoot into the cloud aimlessly instead of following me. 

CANNON FODDER IS PART OF THE GAME MODE WHY ARE YALL SCARED TO DIE 
THE WHOLE POINT IS TO SEND WAVE AFTER WAVE AND OVERWHELM THEM THROUGH BRUTE FORCE OR STRATEGY NOT JUST HAVING A 150 METER SHOOTOUT 

On defenders your last point can be getting captured contested 50/50 and 12 guys will stand outside the boundaries panicking and shooting instead of jumping in. 

For some reason last match we were on the last point (defenders) and this guy kept on throwing smoke on our own point before they broke our defense. 

Every once in awhile there’s a great match then it leaves me wanting more then the above shit just kills the vibe. Sorry for the rant just yelling into the void ",False,/r/Battlefield/comments/1n3mjby/the_majority_of_players_dont_know_how_to_play/,Battlefield,1756509948.0,4,0.73,Battlefield 2042
1n3m644,https://i.redd.it/cfq79kzyi1mf1.jpeg,,0,Activision wants players to have enough storage left for Call of Duty after installing BF6.,coone90,False,False,False,"{'images': [{'id': 'HR-LvgfdTP1TGIPuWI_13AzscApfUQFLduNVEKBl5WQ', 'source': {'url': 'https://preview.redd.it/cfq79kzyi1mf1.jpeg?auto=webp&s=149ec34a3be4502f7bdd16a9ac0b696b49bcd2e4', 'width': 1080, 'height': 1103}, 'variants': {}, 'resolutions': [{'url': 'https://preview.redd.it/cfq79kzyi1mf1.jpeg?width=108&crop=smart&auto=webp&s=8cd6b1ef847c072417fb2c18c9d2d1e825e026ea', 'width': 108, 'height': 110}, {'url': 'https://preview.redd.it/cfq79kzyi1mf1.jpeg?width=216&crop=smart&auto=webp&s=770bfffc6e9363e09fe8662d64b13fa58a249037', 'width': 216, 'height': 220}, {'url': 'https://preview.redd.it/cfq79kzyi1mf1.jpeg?width=320&crop=smart&auto=webp&s=d8a3fbc86862a036c1c956667d42940897147373', 'width': 320, 'height': 326}, {'url': 'https://preview.redd.it/cfq79kzyi1mf1.jpeg?width=640&crop=smart&auto=webp&s=7b1e78228b37b8e33d4e10f49b9521b47e768290', 'width': 640, 'height': 653}, {'url': 'https://preview.redd.it/cfq79kzyi1mf1.jpeg?width=960&crop=smart&auto=webp&s=ac238f195c716d64efccd0f624c01a47988ba149', 'width': 960, 'height': 980}, {'url': 'https://preview.redd.it/cfq79kzyi1mf1.jpeg?width=1080&crop=smart&auto=webp&s=88b400e2b05c53dcedefaf0fc7e4e4d7a07fdcdb', 'width': 1080, 'height': 1103}]}], 'enabled': True}",False,,False,/r/blackops7/comments/1n3m644/activision_wants_players_to_have_enough_storage/,blackops7,1756508989.0,3,0.46,
1n3m4z3,https://i.redd.it/4vxaukgsi1mf1.jpeg,,11,Searching for Clan 187 members,D-hydr8ed,False,False,False,"{'images': [{'id': 'QGyNR9ScwIX2yZMzwc5THluOaaQ_oonT2n7yzSe8eQk', 'source': {'url': 'https://preview.redd.it/4vxaukgsi1mf1.jpeg?auto=webp&s=484bae1c745b9a1ad696b8428546a708efe32135', 'width': 1284, 'height': 1820}, 'variants': {}, 'resolutions': [{'url': 'https://preview.redd.it/4vxaukgsi1mf1.jpeg?width=108&crop=smart&auto=webp&s=ecba51e2f0ba154fc580ae431464d778af219f3e', 'width': 108, 'height': 153}, {'url': 'https://preview.redd.it/4vxaukgsi1mf1.jpeg?width=216&crop=smart&auto=webp&s=3091a5891e5e15a88d9c90b3963c6523678deb92', 'width': 216, 'height': 306}, {'url': 'https://preview.redd.it/4vxaukgsi1mf1.jpeg?width=320&crop=smart&auto=webp&s=6886532e16cbcd326a4d2cabdf27cfa19add7626', 'width': 320, 'height': 453}, {'url': 'https://preview.redd.it/4vxaukgsi1mf1.jpeg?width=640&crop=smart&auto=webp&s=d397e12d17f6da06fc6e6d72a28a3ccb312996d1', 'width': 640, 'height': 907}, {'url': 'https://preview.redd.it/4vxaukgsi1mf1.jpeg?width=960&crop=smart&auto=webp&s=bde72f92fa5fbbcb3d6d4918801227861fcfa25e', 'width': 960, 'height': 1360}, {'url': 'https://preview.redd.it/4vxaukgsi1mf1.jpeg?width=1080&crop=smart&auto=webp&s=3eafaa231eec8081794b91b8ed36985caef12722', 'width': 1080, 'height': 1530}]}], 'enabled': True}",False,"So this might be a long shot, but I thought I’d try to find my husband’s old clan mates from when he played Battlefield 3. He was on XBox360 back then but is on PS5 now. His original tag was “agentgoFyoself” and had to change it to butterfly something to appease the guideline reporters. One of his clan members was jeep4life and I remember him mentioning an Annie in a story too. This all was in a past relationship that ended gaming for him for awhile. He always talks about those campaigns with a lot of happiness. I don’t play video games, I just like sitting next to him and doing my hobbies while he plays. The man does A LOT for our 4 kids and me and just wanted to find ways to say thanks. I already preordered BF6 for him. ",False,/r/Battlefield/comments/1n3m4z3/searching_for_clan_187_members/,Battlefield,1756508904.0,1,0.87,Battlefield 3
