id,url,media,score,title,author,edited,is_self,over_18,preview,spoiler,selftext,stickied,permalink,subreddit,created_utc,num_comments,upvote_ratio,link_flair_text
1n9xsnk,https://www.clanunknownsoldiers.com/,,1,Never Play BF Alone!!,Perfect_Ad_2894,False,False,False,,False,"The Unknown Soldiers is a mil-sim gaming community dedicated (previously) to BF titles. With the advent of BF6 on the horizon, we are looking to add to our ranks! If you like structure, great call-outs, an awesome environment to learn new tactics, dedicated practice times, then this is the place for you! 

  
Admins: if this isn't allowed, simply delete it. I don't want to violate any community rules here. Thanks! 

  
PFC.Draven=US=",False,/r/Battlefield/comments/1n9xsnk/never_play_bf_alone/,Battlefield,1757160133.0,0,0.67,Battlefield 6
1n9xecs,https://www.reddit.com/r/battlefield_one/comments/1n9xecs/how_long_do_you_guys_think_bf1_will_stay_relevant/,,5,How long do you guys think BF1 will stay relevant?,CommitteeCritical156,False,True,False,,False,"Been thinking about this a lot recently especially because the game is approaching 10 years old. I’m not particularly worried about the playerbase dying off because of BF6, but I’m concerned about the BF1 becoming irrelevant in the next few years. What do you lot think",False,/r/battlefield_one/comments/1n9xecs/how_long_do_you_guys_think_bf1_will_stay_relevant/,battlefield_one,1757158828.0,8,0.86,Question
1n9x1ku,https://www.reddit.com/r/Battlefield6/comments/1n9x1ku/looking_forward_to_bf6_buuut_we_gotta_have_s_e_r/,,35,Looking forward to BF6 buuut we gotta have.... S E R V E R - B R O W S E R,Flibberax,False,True,False,,False,"Devs seems to really want get back to genuine battlefield experience.... SERVER BROWSER as part of mainmode is such a **vital** part of that, for many reasons already widely discussed. ",False,/r/Battlefield6/comments/1n9x1ku/looking_forward_to_bf6_buuut_we_gotta_have_s_e_r/,Battlefield6,1757157605.0,28,0.63,Battlefield Labs
1n9wvp2,https://www.reddit.com/r/ryzen/comments/1n9wvp2/ryzen_9900x_only_reaches_95c_when_running/,,3,Ryzen 9900X only reaches 95°C when running Battlefield titles.,Andreafromorbetello,False,True,False,,False,"Guys, I need your help because I can’t figure out why my CPU reaches static 95°C only when playing Battlefield (BF2042 or the BF6 beta). For context, I play with all settings on ultra. I changed the thermal paste two months ago and my AIO is an NZXT Kraken 360.",False,/r/ryzen/comments/1n9wvp2/ryzen_9900x_only_reaches_95c_when_running/,ryzen,1757157048.0,7,1.0,
1n9wn7z,https://www.reddit.com/r/Battlefield/comments/1n9wn7z/is_there_any_benefit_to_32gb_ram_over_16gb/,,0,Is there any benefit to 32gb ram over 16gb?,Historical_Fold787,False,True,False,,False,"Watching data usage on BF6 videos I haven't seen ram usage exceed 12.8GB so I was wondering if there's any point going over 16.

Cheers",False,/r/Battlefield/comments/1n9wn7z/is_there_any_benefit_to_32gb_ram_over_16gb/,Battlefield,1757156212.0,4,0.4,Battlefield 6
1n9wj4i,https://v.redd.it/urut9c3cyinf1,"{'reddit_video': {'width': 1920, 'height': 1080, 'is_gif': False, 'hls_url': 'https://v.redd.it/urut9c3cyinf1/HLSPlaylist.m3u8?a=1759752898%2CMWZhY2I5MmUyMjY4MzU5MzI0NjMyYmMyY2M5ZWRlYWI2NmYwYWQ1ZjgwM2Y2NDM2YWI1YWI2ODE4NzhmNTBhZQ%3D%3D&v=1&f=sd', 'dash_url': 'https://v.redd.it/urut9c3cyinf1/DASHPlaylist.mpd?a=1759752898%2CNGU4NmJjMzY3ZTFjYzM2MDcxYmUxZmVjYjU0NTMzZmRlNzc0M2ViNDdhYjBkM2M0YTkyYmRkNTY1NDM4ODk3Zg%3D%3D&v=1&f=sd', 'duration': 15, 'has_audio': True, 'bitrate_kbps': 5000, 'fallback_url': 'https://v.redd.it/urut9c3cyinf1/DASH_1080.mp4?source=fallback', 'scrubber_media_url': 'https://v.redd.it/urut9c3cyinf1/DASH_96.mp4', 'transcoding_status': 'completed'}}",4,This one lined up nicely 😌,ScottRodgers123,False,False,False,"{'images': [{'id': 'bTFlMTh4NGN5aW5mMcJ-MMJm5m2K-nh1gDgWFx0IzPLItVsoKTMoozqc3SKN', 'source': {'url': 'https://external-preview.redd.it/bTFlMTh4NGN5aW5mMcJ-MMJm5m2K-nh1gDgWFx0IzPLItVsoKTMoozqc3SKN.png?format=pjpg&auto=webp&s=1bcc040ee8c278a95fff49f9ece388448d310306', 'width': 1080, 'height': 607}, 'variants': {}, 'resolutions': [{'url': 'https://external-preview.redd.it/bTFlMTh4NGN5aW5mMcJ-MMJm5m2K-nh1gDgWFx0IzPLItVsoKTMoozqc3SKN.png?width=108&crop=smart&format=pjpg&auto=webp&s=3827377ffd3693c734e23efe1de0fbe17bae47f2', 'width': 108, 'height': 60}, {'url': 'https://external-preview.redd.it/bTFlMTh4NGN5aW5mMcJ-MMJm5m2K-nh1gDgWFx0IzPLItVsoKTMoozqc3SKN.png?width=216&crop=smart&format=pjpg&auto=webp&s=a77a90132f6f1c75c64678edc050beeb107043a4', 'width': 216, 'height': 121}, {'url': 'https://external-preview.redd.it/bTFlMTh4NGN5aW5mMcJ-MMJm5m2K-nh1gDgWFx0IzPLItVsoKTMoozqc3SKN.png?width=320&crop=smart&format=pjpg&auto=webp&s=fb2b82c3e73ee9d3ae796633c035cefc341da8f3', 'width': 320, 'height': 179}, {'url': 'https://external-preview.redd.it/bTFlMTh4NGN5aW5mMcJ-MMJm5m2K-nh1gDgWFx0IzPLItVsoKTMoozqc3SKN.png?width=640&crop=smart&format=pjpg&auto=webp&s=0283aad7a8cf83e00674ce01908d608a5b19d0e0', 'width': 640, 'height': 359}, {'url': 'https://external-preview.redd.it/bTFlMTh4NGN5aW5mMcJ-MMJm5m2K-nh1gDgWFx0IzPLItVsoKTMoozqc3SKN.png?width=960&crop=smart&format=pjpg&auto=webp&s=ecc92ad4d9f5dad1cb4ef99c024e999f564199b4', 'width': 960, 'height': 539}, {'url': 'https://external-preview.redd.it/bTFlMTh4NGN5aW5mMcJ-MMJm5m2K-nh1gDgWFx0IzPLItVsoKTMoozqc3SKN.png?width=1080&crop=smart&format=pjpg&auto=webp&s=a0b021eb0d3c370ce85b04395cc3b1992ffbfa26', 'width': 1080, 'height': 607}]}], 'enabled': False}",False,"Can't wait for rockets vs jets in bf6 portal, I've been training for it 😅",False,/r/battlefield2042/comments/1n9wj4i/this_one_lined_up_nicely/,battlefield2042,1757155800.0,1,0.84,Video
1n9wev7,https://i.redd.it/jbgs60pmwinf1.jpeg,,1,"I started playing Battlefield 2042 after beta of BF6 and the statistics in profile page are incredible! I hope BF6 will have the exact same statistics included ( maybe add in some button to click to jump to this or that section in it, the list is pretty long )",PaManiacOwca,False,False,False,"{'images': [{'id': '7mcbylGT2eHAeEqqTSIk0g59UdLrdfcfsAbYsagT4qI', 'source': {'url': 'https://preview.redd.it/jbgs60pmwinf1.jpeg?auto=webp&s=5ca82582c7377b59b7c7f1d1fd087bd8ba1f0b26', 'width': 2560, 'height': 1440}, 'variants': {}, 'resolutions': [{'url': 'https://preview.redd.it/jbgs60pmwinf1.jpeg?width=108&crop=smart&auto=webp&s=db89897b68ecdbd92e0ca536b2eb86e38940de89', 'width': 108, 'height': 60}, {'url': 'https://preview.redd.it/jbgs60pmwinf1.jpeg?width=216&crop=smart&auto=webp&s=7c74ae261c9770aef7d173b3ca718d96d3d8a64f', 'width': 216, 'height': 121}, {'url': 'https://preview.redd.it/jbgs60pmwinf1.jpeg?width=320&crop=smart&auto=webp&s=c954257e10c23d27836646a243b7d8a629136379', 'width': 320, 'height': 180}, {'url': 'https://preview.redd.it/jbgs60pmwinf1.jpeg?width=640&crop=smart&auto=webp&s=04340b0be8863cc68ecfd77617142865946854f6', 'width': 640, 'height': 360}, {'url': 'https://preview.redd.it/jbgs60pmwinf1.jpeg?width=960&crop=smart&auto=webp&s=ceb0bb9077da82553b3f4c4832f12985e0b4c591', 'width': 960, 'height': 540}, {'url': 'https://preview.redd.it/jbgs60pmwinf1.jpeg?width=1080&crop=smart&auto=webp&s=aaee33369936766d89ee1211dc5254a8a2df5ecb', 'width': 1080, 'height': 607}]}], 'enabled': True}",False,"Just wanted to share my love for the stats page in BF2042. Oh man, i adore this stuff. To know that you walked 282 kilometers in game etc.

  
PLEASE make as detailed statistics page happen in BF6. <fingers crossed>",False,/r/battlefield2042/comments/1n9wev7/i_started_playing_battlefield_2042_after_beta_of/,battlefield2042,1757155361.0,5,0.56,Discussion
1n9w98f,https://www.reddit.com/r/EvilDeadTheGame/comments/1n9w98f/guess_why_the_units_are_so_much_more_agressive/,,1,Guess why the units are so much more agressive...,Animus190599,False,True,False,,False,"I just came back after a long time to play a few matches today, and holyhell, what a terrible experience. Rubberbanding/ lags are very frequent, enemy units telleporting, constant UI bugs, hits and shots not registering, I got stucked in places, etc. Bf6 ran smoothly on my internet, so this is def the server's fault.

When Saber is trying to scale down and reduce traffics to their server, they have also unintentionally made the enemy AI so much more agressive, because their reactions (or commands) are delayed and attacks are synced together to reduce package size (smaller servers). I always got a 5-10 hit combos just from normal units, which is bullshit. This also caused players trying to interact with objects together stucked in places

It wasn't this bad last month, and now it's truly unplayable for me. It's a shame really",False,/r/EvilDeadTheGame/comments/1n9w98f/guess_why_the_units_are_so_much_more_agressive/,EvilDeadTheGame,1757154755.0,6,0.6,Discussion
1n9w0yq,https://www.reddit.com/r/blackops6/comments/1n9w0yq/tpm_20_warning_maybe_bios_updates_coming_in_time/,,21,TPM 2.0 Warning - Maybe Bios Updates coming in time for the next CoD Version,Mats891,False,True,False,"{'images': [{'id': 'VY-gY2HYKYcXNyATN6eFOZXOvhwsQtwwRY3tWSlZJMQ', 'source': {'url': 'https://external-preview.redd.it/VY-gY2HYKYcXNyATN6eFOZXOvhwsQtwwRY3tWSlZJMQ.jpeg?auto=webp&s=7d1655b6c7a34b32d393dfeacfd977436ac3036a', 'width': 1200, 'height': 628}, 'variants': {}, 'resolutions': [{'url': 'https://external-preview.redd.it/VY-gY2HYKYcXNyATN6eFOZXOvhwsQtwwRY3tWSlZJMQ.jpeg?width=108&crop=smart&auto=webp&s=4034cd7539386ee07bec8b167f42e66dd08e538e', 'width': 108, 'height': 56}, {'url': 'https://external-preview.redd.it/VY-gY2HYKYcXNyATN6eFOZXOvhwsQtwwRY3tWSlZJMQ.jpeg?width=216&crop=smart&auto=webp&s=be307c67d15af1feebcb54b0965bc73b4757de2d', 'width': 216, 'height': 113}, {'url': 'https://external-preview.redd.it/VY-gY2HYKYcXNyATN6eFOZXOvhwsQtwwRY3tWSlZJMQ.jpeg?width=320&crop=smart&auto=webp&s=4479426c4c3d4235e5ec9c5b6c46e4ba66e173f7', 'width': 320, 'height': 167}, {'url': 'https://external-preview.redd.it/VY-gY2HYKYcXNyATN6eFOZXOvhwsQtwwRY3tWSlZJMQ.jpeg?width=640&crop=smart&auto=webp&s=4a357f6c3df364a67592905ef31877200cf41a39', 'width': 640, 'height': 334}, {'url': 'https://external-preview.redd.it/VY-gY2HYKYcXNyATN6eFOZXOvhwsQtwwRY3tWSlZJMQ.jpeg?width=960&crop=smart&auto=webp&s=7f9a999a00be09e9c6427d2721c6c588f6460eaf', 'width': 960, 'height': 502}, {'url': 'https://external-preview.redd.it/VY-gY2HYKYcXNyATN6eFOZXOvhwsQtwwRY3tWSlZJMQ.jpeg?width=1080&crop=smart&auto=webp&s=8e866c67eae2938341e67421065bf925f4b0c955', 'width': 1080, 'height': 565}]}], 'enabled': False}",False,"A lot of users faced the TPM2.0 warning in CoD like i did, because of the bug which AMD already patched and gave to the manufacturers, which they didnt implement.

* [https://www.amd.com/en/resources/support-articles/faqs/pa-420.html](https://www.amd.com/en/resources/support-articles/faqs/pa-420.html)

It got recognised and for example MSI is working on Bios Updates at the moment to implement this fix.

So keep an eye on your own motherboard product page for some bios updates if you need it or face the same problem like i did.

Reference:

* [https://forum-en.msi.com/index.php?threads/update-for-tpm-2-0-for-cod-bf6.414827/](https://forum-en.msi.com/index.php?threads/update-for-tpm-2-0-for-cod-bf6.414827/)",False,/r/blackops6/comments/1n9w0yq/tpm_20_warning_maybe_bios_updates_coming_in_time/,blackops6,1757153904.0,9,0.92,Discussion
1n9vphs,https://www.reddit.com/r/Battlefield/comments/1n9vphs/slower_health_regeneration_would_cause_severe/,,0,Slower health regeneration would cause severe class balance issues,Feisty_Zombie,1757157856.0,True,False,,False,"I see a lot of comments wishing for slower health recovery in this game, and while I as a medic main would obviously want that too, it just won’t work under this class structure. If healing was made more than a slight advantage in this game, support would be the meta class and it wouldn’t even be close. 

2042 already halved recovery time compared to BF4, despite having med pens and armor plates for the assault class, separate gadgets for healing and ammo, and generally stronger and more unique traits and gadgets for the different specialists, like the grappling hook or the wing suit. Falck with her healing pistol still turned out to be a top tier pick. BF6 has none of these balancing factors, and as a result recovery time has been almost halved once again to compensate.

The core issue in both cases is that once you give players the option of a big survivability advantage, their favorite gun and infinite ammo, it’s really hard to sell players on any other class. 

Slowing down health regeneration substantially in the current class setup would end up like a worse version of the BF3/4 assault meta, pulling in people who want to play with SMGs, LMGs and bolt-action rifles, as well as assault rifles and all-kit weapons. While different gadgets and perks would tempt some to use other classes, most people are just there to shoot guys and try not to die, and this would simply be the best class to do that with, no matter the play style.

I could see DICE try slowing it down ever so slightly, but as it lacks the foundational pillar of locked weapons, this class balance is a house of cards. It might be standing right now, but a minor change could easily collapse it. And making health recovery work like any of the older games would be a big one.


Edit: Unfortunately, people don’t seem to actually read these things and just rush to the comments with their own conclusions based on the headline. 

TL;DR:
Slower health generation good, but not possible in current class system. Therefore, current class system bad.",False,/r/Battlefield/comments/1n9vphs/slower_health_regeneration_would_cause_severe/,Battlefield,1757152730.0,37,0.39,Battlefield 6
1n9vfn5,https://www.reddit.com/r/Battlefield/comments/1n9vfn5/if_i_buy_ps5_will_i_need_to_re_purchase_add_ons/,,1,If i buy ps5 will i need to re purchase add ons,AwareHurry3721,False,True,False,,False,"I want a ps5 to play bf6, but will i need to re purchase all my bf1 and 4 add ons",False,/r/Battlefield/comments/1n9vfn5/if_i_buy_ps5_will_i_need_to_re_purchase_add_ons/,Battlefield,1757151670.0,5,1.0,Battlefield 4
1n9uymu,https://www.reddit.com/r/MSIClaw/comments/1n9uymu/is_there_a_list_showing_which_games_will_maximize/,,2,Is there a list showing which games will maximize the Claw's taller aspect ratio?,YetiMaverick,False,True,False,,False,"Watching reviews on the AI+ and seeing b-roll shots showing some game with massive bevels like this one, as some games don't support the taller aspect ratio:

https://preview.redd.it/fy6e56pfginf1.png?width=2408&format=png&auto=webp&s=e6d408466e8ac6ca45b0a660123859b53a58330e

Is there a way to search and check each of the main games I play the most to see whether they would maximize the screen space or not?

Mainly I play whatever the newest COD is, the upcoming BF6, and a bunch of random steam games, but being able to search and check each one would be great before buying an AI+ just to find out half my games won't utilize the taller aspect ratio.",False,/r/MSIClaw/comments/1n9uymu/is_there_a_list_showing_which_games_will_maximize/,MSIClaw,1757149841.0,4,1.0,
1n9uxtm,https://www.reddit.com/r/Battlefield/comments/1n9uxtm/little_question/,,1,Little Question...,Labertasche13,False,True,False,,False,"Im gonna buy BF6 on Steam, currently I own BF2042 on EA with my EA Account there.

  
Now my question is, when I finish my current Pass with the BF6 extras in it, how do I get it on my steam account, because the steam version of BF6 is ''seperated'' ?",False,/r/Battlefield/comments/1n9uxtm/little_question/,Battlefield,1757149751.0,1,0.67,Battlefield 6
1n9us51,https://i.redd.it/0lkp1emjeinf1.png,,12,Why a server browser would be nice in BF6,M0hawk_Mama,False,False,False,"{'images': [{'id': 'If0rQ78_LjIs4W9UssyB5NSdjAQdPfcwPDpW3f8eyGk', 'source': {'url': 'https://preview.redd.it/0lkp1emjeinf1.png?auto=webp&s=8e38d5a1c9365f567e5c7ad1936d417f491fd570', 'width': 3840, 'height': 2160}, 'variants': {}, 'resolutions': [{'url': 'https://preview.redd.it/0lkp1emjeinf1.png?width=108&crop=smart&auto=webp&s=463f99486c5b92bed91b9c091969eeeee31f3048', 'width': 108, 'height': 60}, {'url': 'https://preview.redd.it/0lkp1emjeinf1.png?width=216&crop=smart&auto=webp&s=aa8f914243d232c4d9386d7c260b6246ca5dc221', 'width': 216, 'height': 121}, {'url': 'https://preview.redd.it/0lkp1emjeinf1.png?width=320&crop=smart&auto=webp&s=36cd4962492fb4b21c36c3f03a55cb8bd10772a1', 'width': 320, 'height': 180}, {'url': 'https://preview.redd.it/0lkp1emjeinf1.png?width=640&crop=smart&auto=webp&s=17c3d25de13756c176574b6fbb326975ab578533', 'width': 640, 'height': 360}, {'url': 'https://preview.redd.it/0lkp1emjeinf1.png?width=960&crop=smart&auto=webp&s=80c1a337f49e817c2878e61f86d90c9b4ba9900a', 'width': 960, 'height': 540}, {'url': 'https://preview.redd.it/0lkp1emjeinf1.png?width=1080&crop=smart&auto=webp&s=6729e7050bf2401780bcc0083a71e76689f133e9', 'width': 1080, 'height': 607}]}], 'enabled': True}",False,,False,/r/Battlefield/comments/1n9us51/why_a_server_browser_would_be_nice_in_bf6/,Battlefield,1757149143.0,13,0.73,Battlefield 6
1n9uexc,https://i.redd.it/akbcvniy9inf1.gif,,3,In anticipation of firestorm in bf6 I dig up some memories,zuulbe,False,False,False,"{'images': [{'id': 'zv7IDgL7tP9Vs6VMPit-BuCe1-d9kgXR0LO6BUFsIZI', 'source': {'url': 'https://preview.redd.it/akbcvniy9inf1.gif?format=png8&s=892b4776303cbbaded56442e703fb6b3ea2ca353', 'width': 718, 'height': 404}, 'variants': {'gif': {'source': {'url': 'https://preview.redd.it/akbcvniy9inf1.gif?s=7865eefca32dab81c0c35484199f3098212b1b67', 'width': 718, 'height': 404}, 'resolutions': [{'url': 'https://preview.redd.it/akbcvniy9inf1.gif?width=108&crop=smart&s=4fd12bec5fd5839e145051f8159769ffc6db750e', 'width': 108, 'height': 60}, {'url': 'https://preview.redd.it/akbcvniy9inf1.gif?width=216&crop=smart&s=9efff715ff4d0738412cddd05d22f57cb90c3e01', 'width': 216, 'height': 121}, {'url': 'https://preview.redd.it/akbcvniy9inf1.gif?width=320&crop=smart&s=5d5781392ec006612391e2695aac5fd500b45ee1', 'width': 320, 'height': 180}, {'url': 'https://preview.redd.it/akbcvniy9inf1.gif?width=640&crop=smart&s=5eb604660943004c8d08176738acc9ef2b17feb7', 'width': 640, 'height': 360}]}, 'mp4': {'source': {'url': 'https://preview.redd.it/akbcvniy9inf1.gif?format=mp4&s=2ac6f033981fd733c37aecb2a52b922483162f12', 'width': 718, 'height': 404}, 'resolutions': [{'url': 'https://preview.redd.it/akbcvniy9inf1.gif?width=108&format=mp4&s=6a15325f82048a0e5451ada82b4fe25f33bd2728', 'width': 108, 'height': 60}, {'url': 'https://preview.redd.it/akbcvniy9inf1.gif?width=216&format=mp4&s=3de78d94e861ffddc90296599c854644c29da226', 'width': 216, 'height': 121}, {'url': 'https://preview.redd.it/akbcvniy9inf1.gif?width=320&format=mp4&s=15ac036bf84a1ac22114bba037b66d6dd65b7f32', 'width': 320, 'height': 180}, {'url': 'https://preview.redd.it/akbcvniy9inf1.gif?width=640&format=mp4&s=7e2d5a35746e3069fc509484d2c65b7898f06f21', 'width': 640, 'height': 360}]}}, 'resolutions': [{'url': 'https://preview.redd.it/akbcvniy9inf1.gif?width=108&crop=smart&format=png8&s=bd9a06f37ba0957f698d56834c69eac0c04872e4', 'width': 108, 'height': 60}, {'url': 'https://preview.redd.it/akbcvniy9inf1.gif?width=216&crop=smart&format=png8&s=de83f88ea9295ad058662f31004944cef3bb5aea', 'width': 216, 'height': 121}, {'url': 'https://preview.redd.it/akbcvniy9inf1.gif?width=320&crop=smart&format=png8&s=0778477f29ede653486df48113d3f66a19bb8dbb', 'width': 320, 'height': 180}, {'url': 'https://preview.redd.it/akbcvniy9inf1.gif?width=640&crop=smart&format=png8&s=323ea9e53b06b338b840bdffd06bb369f7a27447', 'width': 640, 'height': 360}]}], 'enabled': True}",False,,False,/r/battlefield_4/comments/1n9uexc/in_anticipation_of_firestorm_in_bf6_i_dig_up_some/,battlefield_4,1757147659.0,1,1.0,
1n9uep9,https://i.redd.it/akbcvniy9inf1.gif,,6,In anticipation of firestorm in bf6 I dig up some memories,zuulbe,False,False,False,"{'images': [{'id': 'zv7IDgL7tP9Vs6VMPit-BuCe1-d9kgXR0LO6BUFsIZI', 'source': {'url': 'https://preview.redd.it/akbcvniy9inf1.gif?format=png8&s=892b4776303cbbaded56442e703fb6b3ea2ca353', 'width': 718, 'height': 404}, 'variants': {'gif': {'source': {'url': 'https://preview.redd.it/akbcvniy9inf1.gif?s=7865eefca32dab81c0c35484199f3098212b1b67', 'width': 718, 'height': 404}, 'resolutions': [{'url': 'https://preview.redd.it/akbcvniy9inf1.gif?width=108&crop=smart&s=4fd12bec5fd5839e145051f8159769ffc6db750e', 'width': 108, 'height': 60}, {'url': 'https://preview.redd.it/akbcvniy9inf1.gif?width=216&crop=smart&s=9efff715ff4d0738412cddd05d22f57cb90c3e01', 'width': 216, 'height': 121}, {'url': 'https://preview.redd.it/akbcvniy9inf1.gif?width=320&crop=smart&s=5d5781392ec006612391e2695aac5fd500b45ee1', 'width': 320, 'height': 180}, {'url': 'https://preview.redd.it/akbcvniy9inf1.gif?width=640&crop=smart&s=5eb604660943004c8d08176738acc9ef2b17feb7', 'width': 640, 'height': 360}]}, 'mp4': {'source': {'url': 'https://preview.redd.it/akbcvniy9inf1.gif?format=mp4&s=2ac6f033981fd733c37aecb2a52b922483162f12', 'width': 718, 'height': 404}, 'resolutions': [{'url': 'https://preview.redd.it/akbcvniy9inf1.gif?width=108&format=mp4&s=6a15325f82048a0e5451ada82b4fe25f33bd2728', 'width': 108, 'height': 60}, {'url': 'https://preview.redd.it/akbcvniy9inf1.gif?width=216&format=mp4&s=3de78d94e861ffddc90296599c854644c29da226', 'width': 216, 'height': 121}, {'url': 'https://preview.redd.it/akbcvniy9inf1.gif?width=320&format=mp4&s=15ac036bf84a1ac22114bba037b66d6dd65b7f32', 'width': 320, 'height': 180}, {'url': 'https://preview.redd.it/akbcvniy9inf1.gif?width=640&format=mp4&s=7e2d5a35746e3069fc509484d2c65b7898f06f21', 'width': 640, 'height': 360}]}}, 'resolutions': [{'url': 'https://preview.redd.it/akbcvniy9inf1.gif?width=108&crop=smart&format=png8&s=bd9a06f37ba0957f698d56834c69eac0c04872e4', 'width': 108, 'height': 60}, {'url': 'https://preview.redd.it/akbcvniy9inf1.gif?width=216&crop=smart&format=png8&s=de83f88ea9295ad058662f31004944cef3bb5aea', 'width': 216, 'height': 121}, {'url': 'https://preview.redd.it/akbcvniy9inf1.gif?width=320&crop=smart&format=png8&s=0778477f29ede653486df48113d3f66a19bb8dbb', 'width': 320, 'height': 180}, {'url': 'https://preview.redd.it/akbcvniy9inf1.gif?width=640&crop=smart&format=png8&s=323ea9e53b06b338b840bdffd06bb369f7a27447', 'width': 640, 'height': 360}]}], 'enabled': True}",False,,False,/r/Battlefield/comments/1n9uep9/in_anticipation_of_firestorm_in_bf6_i_dig_up_some/,Battlefield,1757147635.0,0,0.81,Battlefield 4
1n9ubai,https://www.reddit.com/r/Battlefield/comments/1n9ubai/what_frames_per_second_is_actually_necessary/,,2,What Frames Per Second is actually necessary?,Historical_Fold787,False,True,False,,False,"I enjoyed the beta so much that I've decided to build a PC for BF6.

The CPU/GPU combo I have (5700x / 6600XT) is evidently going to be enough to run high settings at 70fps or low settings around 110fps. 

I was hoping to run a mix of high and medium with all the motion blur crap turned off and aim for 80-90fps.

However, am I going to be at a huge disadvantage against people on more advanced rigs with insanely high frame rates? 

Am I better off playing on low settings with more frames? 

I'd been under the impression that anything over 60 would be fine.

Cheers,",False,/r/Battlefield/comments/1n9ubai/what_frames_per_second_is_actually_necessary/,Battlefield,1757147253.0,14,0.75,Battlefield 6
1n9u5aa,https://www.reddit.com/r/pcmasterrace/comments/1n9u5aa/is_intel_14th_gen_safe_now/,,0,Is Intel 14th gen safe now?,BrownMtnLites,False,True,False,,False,"r/buildapc discord recommended I upgrade to a 14600k for bf6; and It’s either that or a 7600x in my price range. 

14th gen Intels also come with a free copy of bf6 right now. 

Thoughts? ",False,/r/pcmasterrace/comments/1n9u5aa/is_intel_14th_gen_safe_now/,pcmasterrace,1757146584.0,23,0.25,Hardware
1n9u1tq,https://www.reddit.com/r/Battlefield/comments/1n9u1tq/is_battlefield_still_accessible_to_all_skill/,,7,Is Battlefield still accessible to all skill levels?,Shitassin,False,True,False,,False,"I grew up with Battlefield. I started with BF2 on PC but I definitely wasn't a PC gamer. It was early 2000s and we had a family computer. I grew up on console. That's what was available to me growing up. So once Bad Company came out, I was back over to console.

I am average on a good day. I finally built my first PC and gave PC gaming a try in my late 20s. I noticed pretty quickly how difficult it was on PC to play shooters. 

I'm now in my mid 30s. Let me tell ya...I can feel myself not being as quick as I used to be, my patience is so easily worn down now, games make me angrier and angrier...I loathe the direction gaming is going overall - the sweat, streamers, skins, loot boxes, difficult challenges, gotta be faster, be quicker, be better, rewarding the those with high dexterity and quickness while those who lack...well...we just either cope or accept it's not for us.

But as I've aged and with the industry moving the direction it has been, especially at the peak with BF 2042, my opinion is that BF (or COD, or a lot of shooters) is no longer a game for the average player. 

Sure you can jack around, maybe get some kills, but you're gonna get waxed by people who are sliding around, headshotting you constantly, out-gunning you, out maneuvering you, bailing outof their jet killing you with throwing knives while you're trying to just not crash, and if your aim and tracking is anything but top tier, odds are you're gonna have a bad time. TTKs are so fast now it's super punishing to miss in the slightest.

That's been my experience at least.

So I've been reflecting after picking up BF 2042 which I hate so much, and I feel like BF has shifted to where the skill level floor needed to not only play but be successful is so much higher that EA/DICE have essentially focused their game direction on a specific player base - the sweaty elite streamer type - in turn making BF less and less accessible to all; think like a roller coaster....if you're not this tall to ride, you're not allowed...but in this case you are technically allowed, it's just gonna suck really bad for you and you're going to get very angry while playing a game you used to enjoy and people are gonna rip you apart in game and in chat.

All this to say is that I did pre order BF6, but I'm thinking...shit should I retire? From BF? From shooters? My ""skill issue"" never got better and with each release it's only getting worse.

My fellow older BF players, what do you think? Have you experienced a similar shift? How do you find ways to enjoy the game? ",False,/r/Battlefield/comments/1n9u1tq/is_battlefield_still_accessible_to_all_skill/,Battlefield,1757146206.0,32,0.65,Discussion
1n9tj7a,https://www.reddit.com/r/Microcenter/comments/1n9tj7a/are_any_specific_ones_out_of_the_the_current_cpu/,,1,Are any specific ones out of the the current CPU + Motherboard bundles available from micro-center a significantly good deal compared to the rest?,BrownMtnLites,False,True,False,,False,Upgrading to play bf6 from my 3700x- looking at AMD bundles at my local ATL microcenters and i’m curious which one provides the most value for 1440p gaming? ,False,/r/Microcenter/comments/1n9tj7a/are_any_specific_ones_out_of_the_the_current_cpu/,Microcenter,1757144181.0,0,1.0,"Marietta, GA"
1n9sl9v,https://i.redd.it/jumm144dphnf1.png,,226,This sub until Oct 10 (I'm part of this sub),ciemnymetal,False,False,False,"{'images': [{'id': 'uKIVRv8M9kYdV8nWE39p28kPVtrfBVUwnU5U2Wrd0qM', 'source': {'url': 'https://preview.redd.it/jumm144dphnf1.png?auto=webp&s=82ba8c96e80ef3f32fb0ae3029aa289df29e63be', 'width': 2265, 'height': 2366}, 'variants': {}, 'resolutions': [{'url': 'https://preview.redd.it/jumm144dphnf1.png?width=108&crop=smart&auto=webp&s=00be559aaac82d612b0a6a9cece5e81f6b1c41bc', 'width': 108, 'height': 112}, {'url': 'https://preview.redd.it/jumm144dphnf1.png?width=216&crop=smart&auto=webp&s=6998311b582a422b217ce76ec64b1ee42d73eb6c', 'width': 216, 'height': 225}, {'url': 'https://preview.redd.it/jumm144dphnf1.png?width=320&crop=smart&auto=webp&s=451da5a3a2f90cec806324f49ea32848642947b4', 'width': 320, 'height': 334}, {'url': 'https://preview.redd.it/jumm144dphnf1.png?width=640&crop=smart&auto=webp&s=f3448da17c073a84849a34bcd66085fdf25205f9', 'width': 640, 'height': 668}, {'url': 'https://preview.redd.it/jumm144dphnf1.png?width=960&crop=smart&auto=webp&s=4edc1a45e0d7ab54f7cb754bddb51c81e30a6de8', 'width': 960, 'height': 1002}, {'url': 'https://preview.redd.it/jumm144dphnf1.png?width=1080&crop=smart&auto=webp&s=5271d2407f111f0affbc930e4423b3449e3b26ec', 'width': 1080, 'height': 1128}]}], 'enabled': True}",False,,False,/r/Battlefield6/comments/1n9sl9v/this_sub_until_oct_10_im_part_of_this_sub/,Battlefield6,1757140685.0,17,0.97,Meme
1n9sjk6,https://v.redd.it/w1xdpn4vohnf1,"{'reddit_video': {'width': 1278, 'height': 720, 'is_gif': False, 'hls_url': 'https://v.redd.it/w1xdpn4vohnf1/HLSPlaylist.m3u8?a=1759752898%2CYTYyYmU0YzdlZmM5ZGZjYzhkOWFmYjY4M2FkMmFmMDRmNDgzMzAxNGQ4NGNiNDA1YWRjOGE2MDAxOTFlMDcwNA%3D%3D&v=1&f=sd', 'dash_url': 'https://v.redd.it/w1xdpn4vohnf1/DASHPlaylist.mpd?a=1759752898%2CMjQ0MDJjMTJkZmJiOTU1MGEzYjU4OTMyMWQ0MTgyY2E1MDVmOTVjNjk2NGRlYzg1NjZlMjJhMGJmODc2ZjNiYg%3D%3D&v=1&f=sd', 'duration': 63, 'has_audio': True, 'bitrate_kbps': 2400, 'fallback_url': 'https://v.redd.it/w1xdpn4vohnf1/DASH_720.mp4?source=fallback', 'scrubber_media_url': 'https://v.redd.it/w1xdpn4vohnf1/DASH_96.mp4', 'transcoding_status': 'completed'}}",1405,This was just a loading screen...,HellhoundXIV,False,False,False,"{'images': [{'id': 'bzNoM2Y3NnZvaG5mMZUaQfVl5_U-wakxGq_YRtxHQmsnkADFJh0cRIDR_U04', 'source': {'url': 'https://external-preview.redd.it/bzNoM2Y3NnZvaG5mMZUaQfVl5_U-wakxGq_YRtxHQmsnkADFJh0cRIDR_U04.png?format=pjpg&auto=webp&s=e1cf9646d2ca00d193626dc356bdf990066d718e', 'width': 1080, 'height': 608}, 'variants': {}, 'resolutions': [{'url': 'https://external-preview.redd.it/bzNoM2Y3NnZvaG5mMZUaQfVl5_U-wakxGq_YRtxHQmsnkADFJh0cRIDR_U04.png?width=108&crop=smart&format=pjpg&auto=webp&s=b1c4b67b3cb34b047ea7754bc28e451ae3f5941b', 'width': 108, 'height': 60}, {'url': 'https://external-preview.redd.it/bzNoM2Y3NnZvaG5mMZUaQfVl5_U-wakxGq_YRtxHQmsnkADFJh0cRIDR_U04.png?width=216&crop=smart&format=pjpg&auto=webp&s=d57a95813883532fbc9cf8b0c3b8a06589b893a6', 'width': 216, 'height': 121}, {'url': 'https://external-preview.redd.it/bzNoM2Y3NnZvaG5mMZUaQfVl5_U-wakxGq_YRtxHQmsnkADFJh0cRIDR_U04.png?width=320&crop=smart&format=pjpg&auto=webp&s=40023700812e3a6a1570ad5911afbea538d5da9d', 'width': 320, 'height': 180}, {'url': 'https://external-preview.redd.it/bzNoM2Y3NnZvaG5mMZUaQfVl5_U-wakxGq_YRtxHQmsnkADFJh0cRIDR_U04.png?width=640&crop=smart&format=pjpg&auto=webp&s=15d3a6b1f4f2c154c8f1787388dabfa8e97e795f', 'width': 640, 'height': 360}, {'url': 'https://external-preview.redd.it/bzNoM2Y3NnZvaG5mMZUaQfVl5_U-wakxGq_YRtxHQmsnkADFJh0cRIDR_U04.png?width=960&crop=smart&format=pjpg&auto=webp&s=7849830f817f7b017e8f0fce22ae0204bd0fd011', 'width': 960, 'height': 540}, {'url': 'https://external-preview.redd.it/bzNoM2Y3NnZvaG5mMZUaQfVl5_U-wakxGq_YRtxHQmsnkADFJh0cRIDR_U04.png?width=1080&crop=smart&format=pjpg&auto=webp&s=182d8ee4f365fb4726d42341f2ef36f16c2060a8', 'width': 1080, 'height': 608}]}], 'enabled': False}",False,"As a Marine Vet myself, this is the greatest loading-screen theme of all time, period. And I thank all the devs for that. 

To Battlefield Studios, I have a personal request: Could you please bring back those blood pumping, war-worthy loading-screen themes in BF6? As a person that enjoys good sound design, I would really appreciate that.",False,/r/Battlefield/comments/1n9sjk6/this_was_just_a_loading_screen/,Battlefield,1757140506.0,90,0.96,Battlefield 3
1n9sit6,https://www.reddit.com/r/steamfriend/comments/1n9sit6/39muk_looking_for_fellow_pc_gamers/,,2,39/m/uk - Looking for fellow PC gamers,PointlessReverb,False,True,False,,False,"Hey there. My name's Dan and I'm from the UK. I haven't exactly had a good experience on here so far, but I'll keep trying 😂

I'm looking for people who want to play a mix of games together. Solos are fine as long as you have Discord and Steam. It's fine if you're in a different time zone as well.

To give you an idea of what my taste in games is like lately:

Hitman: WoA, PoE 1+2, Factorio, RDR2, Battlefield 6 (I liked the Beta).

I really want to play multiplayer games like Peak, Dune, Milsims (BF6, Reforger etc), Helldivers 2 and PoE 2 with you. If you're interested, send me a DM and we can talk 😀

I'm also not interested in Discord Kittens or OF girls. If you're female, you have to do better than Overwatch and DoTA.",False,/r/steamfriend/comments/1n9sit6/39muk_looking_for_fellow_pc_gamers/,steamfriend,1757140421.0,1,1.0,PM me for my Username
1n9shgh,https://www.reddit.com/r/Battlefield/comments/1n9shgh/welp_bf6_has_a_br_and_im_not_buying_it_now/,,0,Welp Bf6 has a BR and i'm not buying it now,AsleepSlip2Boogaloo,False,True,False,,False,"BF6 is just going to be another shitty live service game that life is going to depend on people spending money. I'm tired of shit like this. I'm at the point now that unless its a single player game i'm not touching another AAA game again. Shit like this is why indie games are doing so well. (which is an amazing thing)  I just want to go back to the days where devs made lots of content for the game then released 15usd map packs. 

I love battlefield but i'm not going through that shit again.",False,/r/Battlefield/comments/1n9shgh/welp_bf6_has_a_br_and_im_not_buying_it_now/,Battlefield,1757140285.0,15,0.08,Battlefield 6
1n9s408,https://www.reddit.com/r/buildapc/comments/1n9s408/advice_on_5070_ti_build/,,1,Advice on 5070 Ti build,Spirited-Line-5269,False,True,False,,False,"I am looking at building a new PC, mostly aiming to play BF6 at 1440p/165hz max settings. I was sort of toying between the 9070 XT and 5070 Ti, but leaning towards spending the extra on 5070 Ti for the frame generation/GDDR7/longevity. Some of the different 5070 Ti cards can be quite different for cost and availability, generally I was going to go with the cheapest, are there any brands/cards to look out for being duds? I have gone hard on the GPU and tried to go with value parts elsewhere, I don't plan to be doing anything other than gaming and general web browsing etc.  


The build: [https://nz.pcpartpicker.com/list/TxfTyW](https://nz.pcpartpicker.com/list/TxfTyW)  


I am also in New Zealand so the availability/prices/performance between parts may be a little different.",False,/r/buildapc/comments/1n9s408/advice_on_5070_ti_build/,buildapc,1757138960.0,2,0.66,Build Help
1n9rj1j,https://www.reddit.com/gallery/1n9rj1j,,0,GDH is coming to COD BO7/Avalon!,ItsMePoppyDWTrolls,False,False,False,,False,I hope they beat BF6 also! 🤣 Will Activision confirmed that people no slopping about female operator? ,False,/r/Warzone/comments/1n9rj1j/gdh_is_coming_to_cod_bo7avalon/,Warzone,1757136859.0,1,0.25,Discussion
1n9rfws,https://www.reddit.com/gallery/1n9rfws,,0,GDH is coming to COD BO7!,ItsMePoppyDWTrolls,False,False,False,,False,I hope they beat BF6 also! 🤣 Will Activision confirmed that people no slopping about female operator? ,False,/r/blackops7/comments/1n9rfws/gdh_is_coming_to_cod_bo7/,blackops7,1757136560.0,2,0.26,
1n9rffn,https://www.reddit.com/r/Handhelds/comments/1n9rffn/need_recommendations_for_portable_gaming/,,2,Need recommendations for portable gaming,swagmessiah00,False,True,False,,False,"I've been scoping out the handheld market for the past several months and am starting to get to the point where I want to make a final decision. I was waiting to see what would happen with the Xbox rog ally x and the legion 2. Now that the legion go 2 is revealed, I am honestly not sure if a handheld would be the best move for me at all. 

For context, I travel a good bit and ride the train pretty often. I play games like warframe, fortnite, marvel rivals, the finals, bf6 (when that comes out), with the occasional story game mixed in there. Obviously, a Linux based device (steam OS) is kind of out of the question since basically all the games I play don't work on Linux. These even semi decent windows handhelds are all pushing $1k+ USD and have some enormous drawbacks. Bad battery life, performance being hampered unless docked/charging (which defeats the purpose of being a handheld but that's besides the point), lack of proper suspend, handhelds are growing ever more clunky, etc. 

The price and downsides are pushing up towards gaming laptop prices now, so I wanted opinions, should I even consider a handheld at this point or should I just spend a little more money a get a gaming laptop instead? ",False,/r/Handhelds/comments/1n9rffn/need_recommendations_for_portable_gaming/,Handhelds,1757136517.0,4,1.0,Question (?)
1n9r298,https://www.reddit.com/r/buildapc/comments/1n9r298/secure_boot_enabled_but_no_display/,,1,Secure boot enabled but no display,Brilliant_Mousse8464,False,True,False,,False,"I enabled secure boot in bios but after i save and exit my pc has no display and my gpu spins for 3 seconds and then stops.

I tried removing my CMOS, RAM, GPU and also tried using jumper to reset bios but it doesn't do a thing at all.

I just wanted to play BF6 can you help me.",False,/r/buildapc/comments/1n9r298/secure_boot_enabled_but_no_display/,buildapc,1757135248.0,0,0.66,Troubleshooting
1n9qsaa,https://www.reddit.com/r/GamerPals/comments/1n9qsaa/25estpc_nightowl_looking_for_nerdy_friends_lol/,,1,25/EST/PC Nightowl looking for nerdy friends lol,Buhngo,False,True,False,,False,"About Me:
I’m very nerdy and shy but once I warm up ima yap machine when it comes to topics im passionate about. Love to have some friends to share some laughs and good times with (also memes)

Love anything that is final fantasy,resident evil or tekken related, really into fighting games, roguelike/lites, MMO, ARPG, FPS  and usually anything competitive but also love to play casual cozy games.

Schedule-
Most nights and all day thrus. n fri

Games I play-  
•BF6 •Metal Gear Solid Delta • •Skate  •GOWR •Helldivers 2 •Tekken 8 •Ready or Not •CS2 •FFXIV<3 • also gamepass

steam id for more games: 130782000

**PLZ NO DISCORD SERVER OR GROUP INVITES**

**If youre interested in becoming friends send me a DM about yourself.**",False,/r/GamerPals/comments/1n9qsaa/25estpc_nightowl_looking_for_nerdy_friends_lol/,GamerPals,1757134315.0,1,1.0,North America
1n9qmzf,https://www.reddit.com/r/Battlefield/comments/1n9qmzf/firestorm_doesnt_load_on_bf5/,,2,Firestorm doesn’t load on BF5,speedy2686,False,True,False,,False,"I downloaded Battlefield 5 on my Xbox Series S after playing the BF6 beta. Every time I try to play Firestorm, it sits at the Finding Game/Squad screen for minutes. 

Does no one play this game anymore or am I missing something?",False,/r/Battlefield/comments/1n9qmzf/firestorm_doesnt_load_on_bf5/,Battlefield,1757133822.0,3,0.67,Battlefield V
1n9qk91,https://www.reddit.com/r/BattlefieldV/comments/1n9qk91/189th_clan_recruitment/,,0,189th Clan Recruitment,TemporaryAd2538,False,True,False,"{'images': [{'id': 'lDnWRdtZaHQOpOmwA8tZ0DmxOACSsHRtxbZVSOrZtYs', 'source': {'url': 'https://external-preview.redd.it/lDnWRdtZaHQOpOmwA8tZ0DmxOACSsHRtxbZVSOrZtYs.jpeg?auto=webp&s=1fb6a63cdd9aed8825f4da7870738f9c527d25d9', 'width': 512, 'height': 286}, 'variants': {}, 'resolutions': [{'url': 'https://external-preview.redd.it/lDnWRdtZaHQOpOmwA8tZ0DmxOACSsHRtxbZVSOrZtYs.jpeg?width=108&crop=smart&auto=webp&s=bb5979a84ba273fb6a4f0de7541274579626b287', 'width': 108, 'height': 60}, {'url': 'https://external-preview.redd.it/lDnWRdtZaHQOpOmwA8tZ0DmxOACSsHRtxbZVSOrZtYs.jpeg?width=216&crop=smart&auto=webp&s=44b22d287d30e79b7d38e7f253c516822313f528', 'width': 216, 'height': 120}, {'url': 'https://external-preview.redd.it/lDnWRdtZaHQOpOmwA8tZ0DmxOACSsHRtxbZVSOrZtYs.jpeg?width=320&crop=smart&auto=webp&s=982ce2402ad2317dc98dd70195d14d087a34323a', 'width': 320, 'height': 178}]}], 'enabled': False}",False,"📢 Attention Soldiers!

The [189th] is now recruiting dedicated players for BF6 to join our ranks!


We are a military-style gaming clan built on teamwork, loyalty, and leadership. Whether you’re a seasoned veteran or new recruit, there’s a place for you in our unit.

✅ Structured rank system (earn your promotions)
✅ Active and friendly community
✅ Organized events & operations
✅ Leadership opportunities
✅ Cross-platform players welcome

🚫🔥 STRICT RULE: NO MULTI-CLANNING [BF6] 🔥🚫

 🚫Not a milsim🚫

If you’re looking for more than just random lobbies and want to be part of something bigger, this is your chance.

⚔️ Join the fight. Earn your place. Rise through the ranks.

👉 [ https://discord.gg/37DNDSXWdB ]
",False,/r/BattlefieldV/comments/1n9qk91/189th_clan_recruitment/,BattlefieldV,1757133574.0,7,0.13,Discussion
1n9qjz7,https://www.reddit.com/r/battlefield_one/comments/1n9qjz7/189th_clan_recruitment/,,0,189th Clan Recruitment,TemporaryAd2538,False,True,False,"{'images': [{'id': 'lDnWRdtZaHQOpOmwA8tZ0DmxOACSsHRtxbZVSOrZtYs', 'source': {'url': 'https://external-preview.redd.it/lDnWRdtZaHQOpOmwA8tZ0DmxOACSsHRtxbZVSOrZtYs.jpeg?auto=webp&s=1fb6a63cdd9aed8825f4da7870738f9c527d25d9', 'width': 512, 'height': 286}, 'variants': {}, 'resolutions': [{'url': 'https://external-preview.redd.it/lDnWRdtZaHQOpOmwA8tZ0DmxOACSsHRtxbZVSOrZtYs.jpeg?width=108&crop=smart&auto=webp&s=bb5979a84ba273fb6a4f0de7541274579626b287', 'width': 108, 'height': 60}, {'url': 'https://external-preview.redd.it/lDnWRdtZaHQOpOmwA8tZ0DmxOACSsHRtxbZVSOrZtYs.jpeg?width=216&crop=smart&auto=webp&s=44b22d287d30e79b7d38e7f253c516822313f528', 'width': 216, 'height': 120}, {'url': 'https://external-preview.redd.it/lDnWRdtZaHQOpOmwA8tZ0DmxOACSsHRtxbZVSOrZtYs.jpeg?width=320&crop=smart&auto=webp&s=982ce2402ad2317dc98dd70195d14d087a34323a', 'width': 320, 'height': 178}]}], 'enabled': False}",False,"📢 Attention Soldiers!

The [189th] is now recruiting dedicated players for BF6 to join our ranks!


We are a military-style gaming clan built on teamwork, loyalty, and leadership. Whether you’re a seasoned veteran or new recruit, there’s a place for you in our unit.

✅ Structured rank system (earn your promotions)
✅ Active and friendly community
✅ Organized events & operations
✅ Leadership opportunities
✅ Cross-platform players welcome

🚫🔥 STRICT RULE: NO MULTI-CLANNING [BF6] 🔥🚫

 🚫Not a milsim🚫

If you’re looking for more than just random lobbies and want to be part of something bigger, this is your chance.

⚔️ Join the fight. Earn your place. Rise through the ranks.

👉 [ https://discord.gg/37DNDSXWdB ]
",False,/r/battlefield_one/comments/1n9qjz7/189th_clan_recruitment/,battlefield_one,1757133547.0,0,0.4,
1n9qjrn,https://www.reddit.com/r/battlefield_4/comments/1n9qjrn/189th_clan_recruitment/,,0,189th Clan Recruitment,TemporaryAd2538,False,True,False,"{'images': [{'id': 'lDnWRdtZaHQOpOmwA8tZ0DmxOACSsHRtxbZVSOrZtYs', 'source': {'url': 'https://external-preview.redd.it/lDnWRdtZaHQOpOmwA8tZ0DmxOACSsHRtxbZVSOrZtYs.jpeg?auto=webp&s=1fb6a63cdd9aed8825f4da7870738f9c527d25d9', 'width': 512, 'height': 286}, 'variants': {}, 'resolutions': [{'url': 'https://external-preview.redd.it/lDnWRdtZaHQOpOmwA8tZ0DmxOACSsHRtxbZVSOrZtYs.jpeg?width=108&crop=smart&auto=webp&s=bb5979a84ba273fb6a4f0de7541274579626b287', 'width': 108, 'height': 60}, {'url': 'https://external-preview.redd.it/lDnWRdtZaHQOpOmwA8tZ0DmxOACSsHRtxbZVSOrZtYs.jpeg?width=216&crop=smart&auto=webp&s=44b22d287d30e79b7d38e7f253c516822313f528', 'width': 216, 'height': 120}, {'url': 'https://external-preview.redd.it/lDnWRdtZaHQOpOmwA8tZ0DmxOACSsHRtxbZVSOrZtYs.jpeg?width=320&crop=smart&auto=webp&s=982ce2402ad2317dc98dd70195d14d087a34323a', 'width': 320, 'height': 178}]}], 'enabled': False}",False,"📢 Attention Soldiers!

The [189th] is now recruiting dedicated players for BF6 to join our ranks!


We are a military-style gaming clan built on teamwork, loyalty, and leadership. Whether you’re a seasoned veteran or new recruit, there’s a place for you in our unit.

✅ Structured rank system (earn your promotions)
✅ Active and friendly community
✅ Organized events & operations
✅ Leadership opportunities
✅ Cross-platform players welcome

🚫🔥 STRICT RULE: NO MULTI-CLANNING [BF6] 🔥🚫

 🚫Not a milsim🚫

If you’re looking for more than just random lobbies and want to be part of something bigger, this is your chance.

⚔️ Join the fight. Earn your place. Rise through the ranks.

👉 [ https://discord.gg/37DNDSXWdB ]
",False,/r/battlefield_4/comments/1n9qjrn/189th_clan_recruitment/,battlefield_4,1757133528.0,0,0.5,
1n9qjjg,https://www.reddit.com/r/battlefield_4/comments/1n9qjjg/189th_clan_recruitment/,,0,189th Clan Recruitment,TemporaryAd2538,False,True,False,"{'images': [{'id': 'lDnWRdtZaHQOpOmwA8tZ0DmxOACSsHRtxbZVSOrZtYs', 'source': {'url': 'https://external-preview.redd.it/lDnWRdtZaHQOpOmwA8tZ0DmxOACSsHRtxbZVSOrZtYs.jpeg?auto=webp&s=1fb6a63cdd9aed8825f4da7870738f9c527d25d9', 'width': 512, 'height': 286}, 'variants': {}, 'resolutions': [{'url': 'https://external-preview.redd.it/lDnWRdtZaHQOpOmwA8tZ0DmxOACSsHRtxbZVSOrZtYs.jpeg?width=108&crop=smart&auto=webp&s=bb5979a84ba273fb6a4f0de7541274579626b287', 'width': 108, 'height': 60}, {'url': 'https://external-preview.redd.it/lDnWRdtZaHQOpOmwA8tZ0DmxOACSsHRtxbZVSOrZtYs.jpeg?width=216&crop=smart&auto=webp&s=44b22d287d30e79b7d38e7f253c516822313f528', 'width': 216, 'height': 120}, {'url': 'https://external-preview.redd.it/lDnWRdtZaHQOpOmwA8tZ0DmxOACSsHRtxbZVSOrZtYs.jpeg?width=320&crop=smart&auto=webp&s=982ce2402ad2317dc98dd70195d14d087a34323a', 'width': 320, 'height': 178}]}], 'enabled': False}",False,"📢 Attention Soldiers!

The [189th] is now recruiting dedicated players for BF6 to join our ranks!


We are a military-style gaming clan built on teamwork, loyalty, and leadership. Whether you’re a seasoned veteran or new recruit, there’s a place for you in our unit.

✅ Structured rank system (earn your promotions)
✅ Active and friendly community
✅ Organized events & operations
✅ Leadership opportunities
✅ Cross-platform players welcome

🚫🔥 STRICT RULE: NO MULTI-CLANNING [BF6] 🔥🚫

 🚫Not a milsim🚫

If you’re looking for more than just random lobbies and want to be part of something bigger, this is your chance.

⚔️ Join the fight. Earn your place. Rise through the ranks.

👉 [ https://discord.gg/37DNDSXWdB ]
",False,/r/battlefield_4/comments/1n9qjjg/189th_clan_recruitment/,battlefield_4,1757133506.0,1,0.5,
1n9qj1x,https://www.reddit.com/r/Battlefield6/comments/1n9qj1x/189_clan_recruitment/,,0,189 Clan Recruitment,TemporaryAd2538,False,True,False,"{'images': [{'id': 'lDnWRdtZaHQOpOmwA8tZ0DmxOACSsHRtxbZVSOrZtYs', 'source': {'url': 'https://external-preview.redd.it/lDnWRdtZaHQOpOmwA8tZ0DmxOACSsHRtxbZVSOrZtYs.jpeg?auto=webp&s=1fb6a63cdd9aed8825f4da7870738f9c527d25d9', 'width': 512, 'height': 286}, 'variants': {}, 'resolutions': [{'url': 'https://external-preview.redd.it/lDnWRdtZaHQOpOmwA8tZ0DmxOACSsHRtxbZVSOrZtYs.jpeg?width=108&crop=smart&auto=webp&s=bb5979a84ba273fb6a4f0de7541274579626b287', 'width': 108, 'height': 60}, {'url': 'https://external-preview.redd.it/lDnWRdtZaHQOpOmwA8tZ0DmxOACSsHRtxbZVSOrZtYs.jpeg?width=216&crop=smart&auto=webp&s=44b22d287d30e79b7d38e7f253c516822313f528', 'width': 216, 'height': 120}, {'url': 'https://external-preview.redd.it/lDnWRdtZaHQOpOmwA8tZ0DmxOACSsHRtxbZVSOrZtYs.jpeg?width=320&crop=smart&auto=webp&s=982ce2402ad2317dc98dd70195d14d087a34323a', 'width': 320, 'height': 178}]}], 'enabled': False}",False,"📢 Attention Soldiers!

The [189th] is now recruiting dedicated players for BF6 to join our ranks!


We are a military-style gaming clan built on teamwork, loyalty, and leadership. Whether you’re a seasoned veteran or new recruit, there’s a place for you in our unit.

✅ Structured rank system (earn your promotions)
✅ Active and friendly community
✅ Organized events & operations
✅ Leadership opportunities
✅ Cross-platform players welcome

🚫🔥 STRICT RULE: NO MULTI-CLANNING [BF6] 🔥🚫

 🚫Not a milsim🚫

If you’re looking for more than just random lobbies and want to be part of something bigger, this is your chance.

⚔️ Join the fight. Earn your place. Rise through the ranks.

👉 [ https://discord.gg/37DNDSXWdB ]
",False,/r/Battlefield6/comments/1n9qj1x/189_clan_recruitment/,Battlefield6,1757133461.0,1,0.38,Fan Content
1n9q4qb,https://www.reddit.com/r/Battlefield/comments/1n9q4qb/we_are_6_longtime_battlefield_fans_from_turkey/,,0,"We are 6 longtime Battlefield fans from Turkey, but $70 makes it impossible to play BF6",MushroomAmbitious482,False,True,False,,False,"Hey everyone,

we are 6 friends from Turkey, been playing Battlefield for many years. BF4 was the one we played the most and honestly it was the best online experience in our lives. Those huge maps, chaos, teamwork... sometimes it really felt like movie scenes. We miss that feeling so much.

Now we are so hyped for BF6 but the price... 70$ here is just way too much. With our economy, it’s almost impossible to buy day one. And its not only us, many Turkish players feel the same right now.

We even send an email to DICE asking if they can think about regional pricing. Because we want to play, we want to support the game, and do it the right way. But at this point, feels like we are left behind.

Hope they listen, because we just want to be back on the Battlefield again, together.

\- Furkan & friends 🇹🇷

",False,/r/Battlefield/comments/1n9q4qb/we_are_6_longtime_battlefield_fans_from_turkey/,Battlefield,1757132108.0,74,0.47,Battlefield 6
1n9q22x,https://www.reddit.com/r/u_MushroomAmbitious482/comments/1n9q22x/we_are_6_longtime_battlefield_fans_from_turkey/,,1,"We are 6 longtime Battlefield fans from Turkey, but $70 makes it impossible to play BF6",MushroomAmbitious482,False,True,False,,False,"Hey guys,

we are 6 friends from Turkey, been playing Battlefield for years. BF4 was the one we played the most, honestly best online experience we ever had in gaming. Those big maps, chaos, teamwork... sometimes it really felt like “movie scenes”. We miss that so much.

Now we are so hyped for BF6 but the price... 70$ here is just too much. With our economy right now, its almost impossible for us to buy day one. And its not only us, many Turkish players feel the same.

We even wrote a mail to DICE asking if they can consider regional pricing. Because we want to play, support the game, do it the right way. But at this point it feels like we are left out.

We really hope they listen. We just want to be back on the Battlefield together.

– Furkan & friends 🇹🇷

",False,/r/u_MushroomAmbitious482/comments/1n9q22x/we_are_6_longtime_battlefield_fans_from_turkey/,u_MushroomAmbitious482,1757131865.0,0,1.0,
1n9psal,https://i.redd.it/oegggnjmwgnf1.jpeg,,0,Battlefield 6 Commander Mode,Powerful_Theme4833,False,False,False,"{'images': [{'id': 'DcS0iJZcpf6ybSMYpvV3A-ma26vsSQR6rJG1D2NsaLI', 'source': {'url': 'https://preview.redd.it/oegggnjmwgnf1.jpeg?auto=webp&s=d6e245fe26d64aa1696e1c1b40e8935aa1986a44', 'width': 1155, 'height': 801}, 'variants': {}, 'resolutions': [{'url': 'https://preview.redd.it/oegggnjmwgnf1.jpeg?width=108&crop=smart&auto=webp&s=5835b6d8700604f090e1318eb332fa75f223dd4a', 'width': 108, 'height': 74}, {'url': 'https://preview.redd.it/oegggnjmwgnf1.jpeg?width=216&crop=smart&auto=webp&s=e7047bab52b9598f1c8d791a43aa0e10c46dc3d9', 'width': 216, 'height': 149}, {'url': 'https://preview.redd.it/oegggnjmwgnf1.jpeg?width=320&crop=smart&auto=webp&s=13fada410874ff52b86b9ae241fde7792627d780', 'width': 320, 'height': 221}, {'url': 'https://preview.redd.it/oegggnjmwgnf1.jpeg?width=640&crop=smart&auto=webp&s=de21498f50cefbcbd3500d1ba6ac7a178b6b4aed', 'width': 640, 'height': 443}, {'url': 'https://preview.redd.it/oegggnjmwgnf1.jpeg?width=960&crop=smart&auto=webp&s=9e3d5b4c40349b3aa8614fd829eb73e5a438a322', 'width': 960, 'height': 665}, {'url': 'https://preview.redd.it/oegggnjmwgnf1.jpeg?width=1080&crop=smart&auto=webp&s=6a8a6ef8cf8ef63d03bfe6328b4657810f3edfce', 'width': 1080, 'height': 748}]}], 'enabled': True}",False,"-#PrSM, #Gunship and #EMP.  Bring it #DICE #BF6
",False,/r/Battlefield/comments/1n9psal/battlefield_6_commander_mode/,Battlefield,1757131011.0,5,0.5,🪖Only In Battlefield💥
1n9pn1x,https://www.reddit.com/r/Battlefield/comments/1n9pn1x/been_waiting_12_years/,,1,Been waiting 12 years,Jimmorrison1771,False,True,False,,False,"Might have two games . BF6 and HLLV

Crazy. ",False,/r/Battlefield/comments/1n9pn1x/been_waiting_12_years/,Battlefield,1757130538.0,3,0.56,Battlefield 6
1n9ot0q,https://www.reddit.com/r/PSNFriends/comments/1n9ot0q/my_friends_moved_so_now_im_sad/,,14,My friends moved so now I'm sad,Successful_Ad_8026,False,True,False,,False,"Hi! Recently I got a ps5 after a break of gaming and in the last couple of months most of my friends have moved to PC and while I have a few on my friend list most of the time it's just people who haven't been on in months and it's sad sometimes to connect and seeing my feed dead.

I mostly play offline games but I'm looking forward to BF6, so if you don't mind having a random 26 girl on your list it would make me really happy to see my ps5 feed alive again I really love seeing what people play 😊
My ID is cinder_of_gods ",False,/r/PSNFriends/comments/1n9ot0q/my_friends_moved_so_now_im_sad/,PSNFriends,1757127870.0,35,0.86,
1n9o2ux,https://www.reddit.com/r/Helldivers/comments/1n9o2ux/please_fix_the_freezing_bug/,,10,please fix the freezing bug.,kwjevad,1757127889.0,True,False,,False,"every time I stop playing the game due to the same issue. The game just randomly freezes my whole computer. I put the graphic settings on low and it still freezes up. I close everything but steam and spotify but yet it still freezes when playing. For every 1 time the game runs normally theres 10-15 times the game freezes sometimes as soon as I load up into my super destroyer. I don’t understand how this sought of issue got passed the devs. Seriously why is this an issue at this stage of the game? I try every fix, I uninstall and reinstall, force close everything running in the background for it to still crash. My computer is not a potato it runs games like bf6 and war thunder perfectly fine at medium settings with 100+ fps. I don’t get why is this an issue on such a great game.

edit: my game just froze my com another 3 times from posting this to now.

edit 2: 7 times now

edit 3: 9. Getting close to the 1 out of 10-15 ",False,/r/Helldivers/comments/1n9o2ux/please_fix_the_freezing_bug/,Helldivers,1757125627.0,1,1.0,TECHNICAL ISSUE
1n9o27p,https://www.reddit.com/r/GamerPals/comments/1n9o27p/24m_us_looking_for_gamer_pals/,,1,24M US Looking for gamer pals,Chemical-Net7284,False,True,False,,False,"Hi, I'm Nikon :) 

I play FPS mainly, but I need people to get me to play other games. 

FPS:
-Fortnite
-Valorant
-FragPunk
-BF6 when it comes out 
 
Non-FPS 
-Schedule 1 
-Peak 
-Palworld
-Binding of Isaac
-MC 

I'm super into emulation as well if anyone knows how to netplay or would like to learn. 

I'm on nearly every night after work from 7-11ish and late asf on the weekends",False,/r/GamerPals/comments/1n9o27p/24m_us_looking_for_gamer_pals/,GamerPals,1757125573.0,3,1.0,North America
1n9nv3h,https://www.reddit.com/r/Battlefield/comments/1n9nv3h/battlefield_2046_discount/,,0,Battlefield 2046 discount??,Quiet-Alfalfa-4812,False,True,False,,False,"Hey guys,
I already pre-ordered BF6. But I like to have a crack at BF2046.

I missed the sale which ended on 2nd September. 
Is there a way to get the discount again?
Or do anyone have a discount code or something that I can use??",False,/r/Battlefield/comments/1n9nv3h/battlefield_2046_discount/,Battlefield,1757124968.0,2,0.11,Battlefield 2042
1n9nqzy,https://www.reddit.com/r/buildapc/comments/1n9nqzy/looking_to_upgrade_my_am4_build_for_bf6_but/,,0,"Looking to upgrade my Am4 build for bf6, but missed the boat on the cheap 5700x3D’s. Torn between intel 14600k and amd 7600x3D. Completely OOTL and experienced advice needed.",BrownMtnLites,False,True,False,,False,"I haven’t touched or used PC parts in years and playing the bf6 beta I realized my current build 

PureBass 500dx 
b450 Tomahawk 
3700x 
rx6800 
Arctic Freeze 2 240mm AIO
and 32gb of ddr4 3600 mhz 

was too slow and hitting very high usage on both my cpu and gpu- 

I’m interested in an upgrade while reusing as many parts as I can- and from what I can tell- AMD is the new Intel in terms of pricing. Everyone wants one so they are pretty expensive. I’d need a 7600x3D or 7800x3D to really run battlefield in 1440p at 120+ fps as I desire. These are really outside my price range atm

I was informed a 14600k was cheaper, and ran pretty similarly to a 7800x3D- and currently Intel has a deal offering bf6 with any i5k. 

So since i’m already buying bf6- this could make the CPU ridiculously cheap (less then $100) 

Only problem is Intel. Everyone I ask on r/hardwareswap discord, and other PC building communities say getting a 14600k and going to LGA1700 would be a huge mistake. the CPU’s degrade, dead end socket etc. 

On the contrary 

the r/buildapc discord tells me the intel problems have been solved with bios updates, and that there’s no risk to buying one now. everyone else is wrong. 

Is this true? Because I’d really like to purchase an 14600k and I never upgrade much for am5 is not that important to me. Honestly I’d like to just go straight to am6. 

Thanks for any and all advice! ",False,/r/buildapc/comments/1n9nqzy/looking_to_upgrade_my_am4_build_for_bf6_but/,buildapc,1757124627.0,33,0.25,Build Upgrade
1n9nl5q,https://v.redd.it/8tmkjvo2iymf1,,1,BF6 better have secret reloads,Sahil_M007,False,False,False,"{'images': [{'id': 'MjZoNWk1dDJpeW1mMVwF1ID4zYpkRspxTrgcdx5rVBKo4MbmhpmKfNiXji0n', 'source': {'url': 'https://external-preview.redd.it/MjZoNWk1dDJpeW1mMVwF1ID4zYpkRspxTrgcdx5rVBKo4MbmhpmKfNiXji0n.png?auto=webp&s=b9ddf22b17ba4b7e472beb6296a0bdc3bfbcff1b', 'width': 1440, 'height': 818}, 'variants': {}, 'resolutions': [{'url': 'https://external-preview.redd.it/MjZoNWk1dDJpeW1mMVwF1ID4zYpkRspxTrgcdx5rVBKo4MbmhpmKfNiXji0n.png?width=108&crop=smart&auto=webp&s=b855ccdf1a83c4bcddbe201457b414e0d1d46b38', 'width': 108, 'height': 61}, {'url': 'https://external-preview.redd.it/MjZoNWk1dDJpeW1mMVwF1ID4zYpkRspxTrgcdx5rVBKo4MbmhpmKfNiXji0n.png?width=216&crop=smart&auto=webp&s=76358cf0acadb61a249a58dd639baf039a8f4b4f', 'width': 216, 'height': 122}, {'url': 'https://external-preview.redd.it/MjZoNWk1dDJpeW1mMVwF1ID4zYpkRspxTrgcdx5rVBKo4MbmhpmKfNiXji0n.png?width=320&crop=smart&auto=webp&s=1fe23b80622a094f10ac447d95ff4e7f3b2ce6e5', 'width': 320, 'height': 181}, {'url': 'https://external-preview.redd.it/MjZoNWk1dDJpeW1mMVwF1ID4zYpkRspxTrgcdx5rVBKo4MbmhpmKfNiXji0n.png?width=640&crop=smart&auto=webp&s=36345c2218c9d2af476e011669938836f7334672', 'width': 640, 'height': 363}, {'url': 'https://external-preview.redd.it/MjZoNWk1dDJpeW1mMVwF1ID4zYpkRspxTrgcdx5rVBKo4MbmhpmKfNiXji0n.png?width=960&crop=smart&auto=webp&s=682936028b2d0a99e305ebf8f256abc87ed9d769', 'width': 960, 'height': 545}, {'url': 'https://external-preview.redd.it/MjZoNWk1dDJpeW1mMVwF1ID4zYpkRspxTrgcdx5rVBKo4MbmhpmKfNiXji0n.png?width=1080&crop=smart&auto=webp&s=204de7e43d576b7fe9c8154865b65ce3053d88ba', 'width': 1080, 'height': 613}]}], 'enabled': False}",False,,False,/r/u_Sahil_M007/comments/1n9nl5q/bf6_better_have_secret_reloads/,u_Sahil_M007,1757124132.0,0,1.0,
1n9njhl,https://www.reddit.com/r/bapcsalesaustralia/comments/1n9njhl/upgrade_now_or_wait_prebuilt_specific/,,0,UpGraDe NoW oR WAiT? Pre-built specific.,Gett_Got,1757124354.0,True,False,,False,"Not so much another 'upgrade now or wait' post. just have a more specific question on prebuilds in Aus and how they take on new gpus/hardware and what those deals look like. Specifically techfasts deals.

I'll only be playing BF6 and Competitive cs2. High frames matter to me.

Looking at 9800x3d combos atm paired with either a 5070ti or a 5080. Impressed with the performance so far on both (obviously cs2 is more cpu dependant at low resolutions)

However, with b650 mobos being end of life and super 50 series cards rumoured to be just around the corner (next few months). My question comes, do techfast and others normally drop deals with these new gpu's etc? I guess they might be marked up because of the mobo's being upgraded but how about the gpu side? If the new cards come out and are over MSRP (very likely to be), do the pre-builds normally reflect that somewhat?

Take for example, a 5080 build right now is $2888. Card is at msrp from what I can tell buying separate. If the 5080 super drops and is over msrp will this jack up the price by loads? So expecting to pay with new mobo prices factored in more around the $3200 mark maybe more? Do any of you have experience when buying a pre-built with a new gpu drop?a

I'm happy with waiting until the new gpus drop, but afraid if I do the old offers are now gone and just replaced with offers that are now $500+ what they are now and marginal 10% uplift because of the super cards.

Sorry for the long winded post. Appreciate you reading and looking forward to any insight you guys can provide. Thank you and hope you're having a great weekend!

TLDR:  
Wait for super cards if pre-builds are of similar price to offers atm, or buy now if they're likely to be inflated by $300+ by the 50 series super drops that won't go for msrp until 6+ months after launching. ",False,/r/bapcsalesaustralia/comments/1n9njhl/upgrade_now_or_wait_prebuilt_specific/,bapcsalesaustralia,1757124002.0,4,0.17,Discussion
1n9mqom,https://www.reddit.com/r/Battlefield/comments/1n9mqom/bf6_needs_a_skin_toggle_off_feature/,,0,BF6 needs a skin toggle off feature,dubdimmadome,False,True,False,,False,"To be clear the leaked BF6 cosmetics are looking grounded so far, but I and im sure many others personally just enjoy having 0 skins at all. No, BF is not a Mil Sim but it is still a war game. I love the feeling of just having everyone on your team look the same while everyone on the enemy team looks different, that's it, nothing more and nothing less. The most that would be fine with this option is a camo on your gun, no skins.",False,/r/Battlefield/comments/1n9mqom/bf6_needs_a_skin_toggle_off_feature/,Battlefield,1757121632.0,40,0.47,Battlefield 6
1n9mf5u,https://www.reddit.com/r/battlefield_one/comments/1n9mf5u/a_reminder_this_community_is_great_and_peaceful/,,49,A reminder this community is great and peaceful the main battlefield sub is unhinged and concerning,United-Advantage-100,False,True,False,,False,"I've had reddit for less than a year and this is by far the best battlefield sub if not gaming sub (with games I have experience with or like)

Keep it up guys 💪

I noticed lots of people on the main battlefield sub mention not having player the bf6 beta BF games or games in general for awhile but are actively on there preaching rage bait 

I'll stay here ",False,/r/battlefield_one/comments/1n9mf5u/a_reminder_this_community_is_great_and_peaceful/,battlefield_one,1757120683.0,23,0.87,Discussion
1n9mef5,https://i.redd.it/zkrayugq1gnf1.jpeg,,11,BR map proves why minimal color grading looks better,Fit-Information8057,False,False,False,"{'images': [{'id': '14N-ikxuQhbOiVysz9VxmJokYdueqyVjUl6rEVO4HFE', 'source': {'url': 'https://preview.redd.it/zkrayugq1gnf1.jpeg?auto=webp&s=8238cc8f576da3e5ff29a7b030264a594ae6d3b1', 'width': 1381, 'height': 795}, 'variants': {}, 'resolutions': [{'url': 'https://preview.redd.it/zkrayugq1gnf1.jpeg?width=108&crop=smart&auto=webp&s=1c970229952653ddd72bf9302c12f65cd3162fcd', 'width': 108, 'height': 62}, {'url': 'https://preview.redd.it/zkrayugq1gnf1.jpeg?width=216&crop=smart&auto=webp&s=b0ac9fcbc9cd8d7522f6aaf8862da6be37e24a86', 'width': 216, 'height': 124}, {'url': 'https://preview.redd.it/zkrayugq1gnf1.jpeg?width=320&crop=smart&auto=webp&s=be101a8860372c126cbf3ea66157b66e187e36f7', 'width': 320, 'height': 184}, {'url': 'https://preview.redd.it/zkrayugq1gnf1.jpeg?width=640&crop=smart&auto=webp&s=7defdf9ae136ee63bb10c233eababe89587c6a45', 'width': 640, 'height': 368}, {'url': 'https://preview.redd.it/zkrayugq1gnf1.jpeg?width=960&crop=smart&auto=webp&s=ebe68fa7676314794e6a26175fc81ccca1dffb9a', 'width': 960, 'height': 552}, {'url': 'https://preview.redd.it/zkrayugq1gnf1.jpeg?width=1080&crop=smart&auto=webp&s=6cf43d49ac504706e0265012b6cd4a94c28a7f39', 'width': 1080, 'height': 621}]}], 'enabled': True}",False,"In my opinion the 2 mp maps in California including the BR prove why minimal color grading is so much better. All of these maps look stunning, just because it's war doesn't mean there's not color in the world. Look at BF1 it looked amazing, BFV had color grading but no where as much as BF6. I love BF3 but the grading is not what I and many people liked about it.",False,/r/Battlefield/comments/1n9mef5/br_map_proves_why_minimal_color_grading_looks/,Battlefield,1757120619.0,108,0.52,Battlefield 6
1n9maqo,https://www.reddit.com/r/Battlefield/comments/1n9maqo/if_im_at_tier_42_on_the_battlepass_currently_do_i/,,0,If im at tier 42 on the battlepass currently do I just have to do the weeklies to finish it?,CB2813,False,True,False,,False,Ive been grinding 2042 for the bf6 rewards but im getting a bit burned out now. Im at tier 42 including having completed all the current weeklies up until now. Will the rest of the weeklies carry me to 60 now? ,False,/r/Battlefield/comments/1n9maqo/if_im_at_tier_42_on_the_battlepass_currently_do_i/,Battlefield,1757120325.0,10,0.29,Battlefield 2042
1n9lcdg,https://i.redd.it/vikx14nlsfnf1.jpeg,,40,Embark putting EVERYONE on notice.,iknowyounot88,False,False,False,"{'images': [{'id': 'K9n77Ng_1ga8Tm1wQGZGi08F76hWMLVlgHwpPtkLd_Y', 'source': {'url': 'https://preview.redd.it/vikx14nlsfnf1.jpeg?auto=webp&s=2884a369536a83c86ec390ca3c67d2eb9216d864', 'width': 1440, 'height': 1862}, 'variants': {}, 'resolutions': [{'url': 'https://preview.redd.it/vikx14nlsfnf1.jpeg?width=108&crop=smart&auto=webp&s=023bbfde31284244c864eef6584e775b75714d15', 'width': 108, 'height': 139}, {'url': 'https://preview.redd.it/vikx14nlsfnf1.jpeg?width=216&crop=smart&auto=webp&s=78f7bd745f08bc629a13e5ddb80604a3cc3b61af', 'width': 216, 'height': 279}, {'url': 'https://preview.redd.it/vikx14nlsfnf1.jpeg?width=320&crop=smart&auto=webp&s=ff962c67a0ab37310976efe398c12f53064a580e', 'width': 320, 'height': 413}, {'url': 'https://preview.redd.it/vikx14nlsfnf1.jpeg?width=640&crop=smart&auto=webp&s=bea58f0f2100ae9f7e7d578d53834d6b41790f41', 'width': 640, 'height': 827}, {'url': 'https://preview.redd.it/vikx14nlsfnf1.jpeg?width=960&crop=smart&auto=webp&s=dbc760a6a865d3728d533ff20458a1add9f7d543', 'width': 960, 'height': 1241}, {'url': 'https://preview.redd.it/vikx14nlsfnf1.jpeg?width=1080&crop=smart&auto=webp&s=c5ccf9bb31e06a31d02f021981d87d427f80d2cb', 'width': 1080, 'height': 1396}]}], 'enabled': True}",False,It's no surprise that exactly 1 month before the launch of BF6 Embark is establishing their place as the Masters of Destruction. 💐,False,/r/thefinals/comments/1n9lcdg/embark_putting_everyone_on_notice/,thefinals,1757117547.0,6,0.91,Comedy
1n9lbr3,https://i.redd.it/9685peiasfnf1.png,,0,I really hope the No-Pat skin for BF6 has the cool glowing blue/yellow text on the visor that the NPC's have in 2042.,A_Very_Horny_Zed,False,False,False,"{'images': [{'id': 'tdr1Nvg-kQaIi135o5SerWNU2qzdb626A-cjwSnSNNw', 'source': {'url': 'https://preview.redd.it/9685peiasfnf1.png?auto=webp&s=315dbf4df6bbfb7013cc8ed3a25d2feb7a19d86f', 'width': 811, 'height': 703}, 'variants': {}, 'resolutions': [{'url': 'https://preview.redd.it/9685peiasfnf1.png?width=108&crop=smart&auto=webp&s=15628663df145d26e7c1beee00c4573f42d7100c', 'width': 108, 'height': 93}, {'url': 'https://preview.redd.it/9685peiasfnf1.png?width=216&crop=smart&auto=webp&s=2e5cd3d06913074866ad7f469b70bb8c962a6411', 'width': 216, 'height': 187}, {'url': 'https://preview.redd.it/9685peiasfnf1.png?width=320&crop=smart&auto=webp&s=d6b5fab18f688f2515691df802b0a9b43fedf46d', 'width': 320, 'height': 277}, {'url': 'https://preview.redd.it/9685peiasfnf1.png?width=640&crop=smart&auto=webp&s=ffc1b21497ba423bd42a4a8db9289b4e61024970', 'width': 640, 'height': 554}]}], 'enabled': True}",False,,False,/r/Battlefield/comments/1n9lbr3/i_really_hope_the_nopat_skin_for_bf6_has_the_cool/,Battlefield,1757117494.0,3,0.18,Discussion
1n9lbqa,https://i.redd.it/ihzcf77fsfnf1.png,,0,I really hope the No-Pat skin for BF6 has the cool glowing blue/yellow text on the visor that the NPC's have in 2042.,A_Very_Horny_Zed,False,False,False,"{'images': [{'id': 'sMnT8frfv947CKMwvb18WrI7CHpD2r0Mg-1Iu9rezNY', 'source': {'url': 'https://preview.redd.it/ihzcf77fsfnf1.png?auto=webp&s=36314092e87b0734e7e15541a0cb265ba93e7795', 'width': 811, 'height': 703}, 'variants': {}, 'resolutions': [{'url': 'https://preview.redd.it/ihzcf77fsfnf1.png?width=108&crop=smart&auto=webp&s=34e0bda06ef258033d24be8ad00a65e02516a9bd', 'width': 108, 'height': 93}, {'url': 'https://preview.redd.it/ihzcf77fsfnf1.png?width=216&crop=smart&auto=webp&s=a07fccca2f8d4e34e9b3d9dfb93baa0fad047ae3', 'width': 216, 'height': 187}, {'url': 'https://preview.redd.it/ihzcf77fsfnf1.png?width=320&crop=smart&auto=webp&s=aa2f43374065d0225dc5eebbeec0880a0b63c78b', 'width': 320, 'height': 277}, {'url': 'https://preview.redd.it/ihzcf77fsfnf1.png?width=640&crop=smart&auto=webp&s=67e4e00a7febde1a6bbfdb7fa0c73219d1f7da78', 'width': 640, 'height': 554}]}], 'enabled': True}",False,,False,/r/battlefield2042/comments/1n9lbqa/i_really_hope_the_nopat_skin_for_bf6_has_the_cool/,battlefield2042,1757117492.0,16,0.42,Discussion
1n9kyai,https://i.redd.it/5eqnfg89pfnf1.jpeg,,7,"[Cat Quest II] #123 - Just good, clean fun!",Permanent_Ephemera,False,False,False,"{'images': [{'id': '4M61I9v_32NizJ2TaXaj6sw8jU-d_pCutmS9LuC-M9k', 'source': {'url': 'https://preview.redd.it/5eqnfg89pfnf1.jpeg?auto=webp&s=8604de0e9c6d09d8a95ada88bc12ba6e364a0ed7', 'width': 3840, 'height': 2160}, 'variants': {}, 'resolutions': [{'url': 'https://preview.redd.it/5eqnfg89pfnf1.jpeg?width=108&crop=smart&auto=webp&s=b365fb7b7152f2e55283ecfa4d1f353a407ec5cb', 'width': 108, 'height': 60}, {'url': 'https://preview.redd.it/5eqnfg89pfnf1.jpeg?width=216&crop=smart&auto=webp&s=9585a0b9a2e504c897fcef2ee29d9242af3ecedf', 'width': 216, 'height': 121}, {'url': 'https://preview.redd.it/5eqnfg89pfnf1.jpeg?width=320&crop=smart&auto=webp&s=b95e5ad3987aad1619e03fee54c8da8308efa260', 'width': 320, 'height': 180}, {'url': 'https://preview.redd.it/5eqnfg89pfnf1.jpeg?width=640&crop=smart&auto=webp&s=4b222ba12c9f3cdc2664fb71586f83e6ee1c32e8', 'width': 640, 'height': 360}, {'url': 'https://preview.redd.it/5eqnfg89pfnf1.jpeg?width=960&crop=smart&auto=webp&s=c7979a0f8369ed2b1f85846803452f3e546830e7', 'width': 960, 'height': 540}, {'url': 'https://preview.redd.it/5eqnfg89pfnf1.jpeg?width=1080&crop=smart&auto=webp&s=9ad3dd59a836e2c9cbfe3d521588429853f45c82', 'width': 1080, 'height': 607}]}], 'enabled': True}",False,"Still banging my head against eliminator mode and patiently completing seasonal challenges in Forza Horizon 5 and anxiously awaiting Borderlands 4, BF6, and Ghost of Yotei! ",False,/r/Trophies/comments/1n9kyai/cat_quest_ii_123_just_good_clean_fun/,Trophies,1757116423.0,1,1.0,Showcase
1n9kcdv,https://www.reddit.com/r/Battlefield6/comments/1n9kcdv/best_cryogenic_freezing_options_to_wake_up/,,45,Best cryogenic freezing options to wake up October 10?,ContextNo9817,False,True,False,,False,"Does anybody know any good cryogenic freezing options so I can hibernate until October 10, and then be awoken from my slumber with BF6 ready to play?",False,/r/Battlefield6/comments/1n9kcdv/best_cryogenic_freezing_options_to_wake_up/,Battlefield6,1757114725.0,13,0.94,Question
1n9jp3t,https://www.reddit.com/r/DeltaForceGlobal/comments/1n9jp3t/major_stuttering/,,1,Major stuttering,No_Condition4851,False,True,False,,False,"So I just installed the game waiting on bf6. Loaded up a dmz (called dmz in cod idk the real name) and had very massive fps drops from 400 to 55. This seemed to happen whenever I aimed down sights or a gunfight was happening.

Then I played the warfare mode and same problem appeared. It did get a little bit better overtime, but whenever a new match started, the first 5min are pretty unplayable.

I have a rtx 5080 with a 9800x3d. It defaults to extreme graphics, but I tried all the difference graphical settings to no avail.

Game seems alot of fun and any help would be appreciated!",False,/r/DeltaForceGlobal/comments/1n9jp3t/major_stuttering/,DeltaForceGlobal,1757113021.0,1,1.0,Technical Issues / Help ⚙️
1n9jomo,https://www.reddit.com/r/GamerPals/comments/1n9jomo/m28_pc_est_na_lf_people_to_gamechill_in_disc_with/,,0,M28 Pc EST NA Lf people to game/chill in disc with (dont mind groups or solos),Ok-Music325,False,True,False,,False,"Looking for chill people to game/chat with. Ive mainly been playing osrs LoL bf2042 (battle pass for bf6) and EFT currently. I have played most games that are/were mainstream on steam and am open to play alot of genres and games that pop up. Mainly trying to get a small group going to game with, used to run with a tight squad but life got in the way for some and others lost the passion for games. Feel free to HMU for discord, ive got a sense of humor and am not gonna flake on you so lets get it.

",False,/r/GamerPals/comments/1n9jomo/m28_pc_est_na_lf_people_to_gamechill_in_disc_with/,GamerPals,1757112984.0,1,0.5,North America
1n9jdrb,https://www.reddit.com/gallery/1n9jdrb,,29,Bad Attotude Department dropping BF6 clone lowers!,INeverUseMyGear,False,False,False,,False,,False,/r/ar15/comments/1n9jdrb/bad_attotude_department_dropping_bf6_clone_lowers/,ar15,1757112174.0,4,0.91,
1n9itys,https://i.redd.it/thi9luls7fnf1.png,,0,Is the price worth it?,wtfANDYx,1757111289.0,False,False,"{'images': [{'id': 'T_jSkxwOkAZDi_V1-WNSr1RiRCaXi0EO17SCo5J2ICQ', 'source': {'url': 'https://preview.redd.it/thi9luls7fnf1.png?auto=webp&s=788f7bf5ed9235cbbb8baac71676d828153de6cc', 'width': 464, 'height': 420}, 'variants': {}, 'resolutions': [{'url': 'https://preview.redd.it/thi9luls7fnf1.png?width=108&crop=smart&auto=webp&s=814ab6b0969c0ba5c9a298dae740e803abee53e7', 'width': 108, 'height': 97}, {'url': 'https://preview.redd.it/thi9luls7fnf1.png?width=216&crop=smart&auto=webp&s=fbe6cf74b1124b50a28405688e4b2ca05ee242f5', 'width': 216, 'height': 195}, {'url': 'https://preview.redd.it/thi9luls7fnf1.png?width=320&crop=smart&auto=webp&s=6efdb90600994d19b35254b153536f651d442b07', 'width': 320, 'height': 289}]}], 'enabled': True}",False,"Tldr- usually traveling around due to work, looking for an upgrade from my Lenovo Y540. It served me well, but its beginning to feel clunky.

Usually playing pubg/cs/wow/MTG. May play bf6 but I doubt this laptop could handle it(?).  
Also frequently connecting to an LG - 27UL600-W 27"" IPS LED 4K UHD FreeSync Monitor with HDR.

Any recommendations?  
Budget is around max that price.",False,/r/GamingLaptops/comments/1n9itys/is_the_price_worth_it/,GamingLaptops,1757110758.0,19,0.5,Request
1n9i6e5,https://www.reddit.com/r/Battlefield/comments/1n9i6e5/there_should_be_a_25_infantry_kd_minimum/,,0,There should be a 2.5 Infantry K/D minimum requirement before being allowed to post opinions on BF6 design/balancing here,TruthCanBePainful,False,True,False,,False,"This would help lower the amount of random whining and useless opinions that should be immediately discarded, and concentrate the legitimate discussion.

This could a single title requirement, or an aggregate of multiple titles.",False,/r/Battlefield/comments/1n9i6e5/there_should_be_a_25_infantry_kd_minimum/,Battlefield,1757109150.0,40,0.16,Battlefield 6
1n9i38i,https://www.reddit.com/r/battlefield2042/comments/1n9i38i/i_wish_this_game_will_die_once_bf6_is_out_sincerly/,,0,I wish this game will die once BF6 is out ! Sincerly,gho0strec0n,False,True,False,,False,"After 2 years i said OK , i will give BF2042 a chance as the bf6 hype is on the rise.

After an hour of controls  setup .  
OK

1\_ Chopper shooting like on slow motion !  like kill my softly !  
2\_ Tanks & Chooper gunners does not cause much damage even the hit was a head hit or a very nearby especially in tanks .  
3\_ on console , searching for chat option midgame was like mission impossible  
4\_ weapon customization on console and need to flip using R1/L1 on PS5 and just rough to be able to select the intended weapon .  
5\_ score menu ( LOL ) needs David copperfield to find it .  
6\_ enemies are invincible  
7\_ completed few matches and could not have a chance to drive a tank or fly a chopper  
8\_ game is vague  
9\_ Poor sound quality despite using ASTRO 50x and tried PS4 platinum headset , despite adjusting to wartapes and surround sound etc settings.

I do believe it\`s late to hope for some fix , yet BF/DICE designers should have asked for help from their old developers ( who have left DICE) , also should also even ask for help from Call of duty Activision/sledgehammer etc or many geniuses in the community ( whom are very well known ) 

anyway , as a gamer who spend at least 2000 hours on BF3 and a similar count on BF4 ;  
Please BF2042 , die in peace",False,/r/battlefield2042/comments/1n9i38i/i_wish_this_game_will_die_once_bf6_is_out_sincerly/,battlefield2042,1757108927.0,12,0.13,Concern
1n9hdyc,https://www.reddit.com/gallery/1n9hdyc,,53,BF2 Modern Combat Had The Best Maps; Deserve Remakes,Katana67,False,False,False,,False,"The forgotten king and/or redheaded stepchild of the franchise, Battlefield 2: Modern Combat, had some of the best and most memorable maps for those who played the first BF game on console. I’d love to see reworks of these classic but hidden gems for BF6. 

1. Backstab. This was the map that came with the demo disc for the original Xbox. It’s simple, a desert town split by a river, with some outlying forts and villages. A true classic, and would need only modest updates/changes to keep up with modern sensibilities. 

2. Honor. One of the first legitimately detailed jungle maps in BF, and would only be surpassed by BFBC2 and BF4 jungle maps in my estimation. A dense jungle with a few outposts, overlooking a river village and temple. 

3. Deadly Pass. Again, like Backstab, just a desert castle town in the middle of a valley, with overlooking bases on either valley wall. Wonderful for combined arms and vehicle combat, with Grand Bazaar-style close quarters in the middle. ",False,/r/Battlefield/comments/1n9hdyc/bf2_modern_combat_had_the_best_maps_deserve/,Battlefield,1757107183.0,27,0.8,Battlefield 6
1n9gqhl,https://www.reddit.com/r/buildmeapc/comments/1n9gqhl/help_to_upgrade_with_1000/,,1,Help to upgrade with ~1000$,gridtoast,False,True,False,,False,"Looking to upgrade my old pc, I currently have an 8700k with a 6750XT. I would like to keep the 6750XT for now. 

I am looking for recommendations for a CPU + mobo + ram combo. I am looking for a gaming + workstation build, think rust/CSGO/BF6/etc. and doing EM simulations, MATLAB/Simulink. 

I am considering the 9800x3d, unless others have better suggestions. Thanks. ",False,/r/buildmeapc/comments/1n9gqhl/help_to_upgrade_with_1000/,buildmeapc,1757105623.0,4,1.0,US / $1000-1200
1n9g954,https://www.reddit.com/r/Battlefield6/comments/1n9g954/best_upgrade_route_for_pc/,,4,Best Upgrade Route for PC,Randomusernameomgwow,False,True,False,,False,"Hello All! Currently rocking a mini ITX build since I travel quite a bit with my SFF. However at home I use a ultrawide that I would love to try to max BF6 on. I would just think that I would need to upgrade my GPU since I would think my CPU should be decent enough? Thoughts?

Current specs below

Mobo: X570 I AORUS PRO WIFI
Processor: AMD Ryzen 7 5700X3D
Memory: 32GB RAM
NVIDIA GeForce RTX 2070 SUPER
Monitor: 38GN950 (Ultrawide 3840x1600 @ 160 HZ)
",False,/r/Battlefield6/comments/1n9g954/best_upgrade_route_for_pc/,Battlefield6,1757104479.0,15,0.7,Question
1n9g0c1,https://www.reddit.com/r/Battlefield/comments/1n9g0c1/plus_menu/,,0,Plus menu,JerryLZ,False,True,False,,False,"I forgot about this feature back in the beta so I didn’t get to use it if it exists but are/were you able to switch your ammo type/attachments on the go like in bf2042 or is that a 2042 thing?

I know you could switch at the HQ spawn but this is more of me not running out of ammo unless I play support myself. Tried searching but I don’t think I’m using the right terms. 

I think it’s officially called the plus menu but I can’t retroactively find info on it pertaining to bf6. If it’s not there fine but I’ve put too much thought into this and I need an answer for sanity.",False,/r/Battlefield/comments/1n9g0c1/plus_menu/,Battlefield,1757103892.0,2,0.5,Battlefield 6
1n9fwka,https://www.reddit.com/r/GamerPals/comments/1n9fwka/28m_est_pc_recently_divorced_and_need_a/,,0,28M EST PC Recently divorced and need a distraction from it. Your best friend who's always there for you and game with ya. Hopefully an ARPG or factory game buddy.,TheOnlyRealOne43,False,True,False,,False,"Heya,

I'm looking for a gaming bestie. I have some long-term friends who game but they're not SUPER available, now are they super into the same games that I play a ton of the time, and they never want to like \*actually\* complete a game. we just hop around like crazy and never get deep into a game.

I'm a HUGE RuneScape player (oldschool, iron man BTW!) so if you're into that, that would be sick, but I'm looking to get into ARPGs more. I've never gotten to like ""endgame"" in an ARPG even though I've played many, and I really want to actually like experience the endgame in those types of games. Right now I just started Last Epoch while waiting for PoE 2 to get updated, and I'm also interested in trying PoE 1.

I also like co-op games. Think Deep Rock Galactic, Peak, Sworn, Killing Floor 2, Left 4 Dead, stuff like that. I'm not a super huge competitive gamer anymore, although I enjoy DBD sometimes, I was a huge overwatch nerd back in the day but that gameplay loop doesn't really appeal to me anymore nowadays. (Although I am excited for BF6)

Right now I'm pretty available as I'm looking for work and gaming is my main hobby so I'm looking for someone who's down to talk in discord for like hours and game together, I recently got divorced so I'm kinda looking for somebody to fill that ""lonely"" void and help distract me from those feelings.

If this sounds good to you just DM me! I'm also hoping to find someone who I can be really great friends with, maybe even outside of gaming. Like talking about our days and supporting one another and stoof. Hope to hear from you soon! :)",False,/r/GamerPals/comments/1n9fwka/28m_est_pc_recently_divorced_and_need_a/,GamerPals,1757103644.0,1,0.5,North America
1n9fsz9,https://i.redd.it/68ipb1xjmenf1.jpeg,,6,"Last time it was BF6 spam now it’s fkg carry forward, what’s next? Add Shippement to bo7?😭😭",DaToxicJay,False,False,False,"{'images': [{'id': 'aywWyLSkVNQAjj-W9koiEb9SiDj4c4kwIMtoYamPdUQ', 'source': {'url': 'https://preview.redd.it/68ipb1xjmenf1.jpeg?auto=webp&s=ffc3790abc08de9a5f7ebdabd2a3d7f58c2a07a4', 'width': 6594, 'height': 3712}, 'variants': {}, 'resolutions': [{'url': 'https://preview.redd.it/68ipb1xjmenf1.jpeg?width=108&crop=smart&auto=webp&s=e7366c73adfa3d7d021014c476092309c067a39b', 'width': 108, 'height': 60}, {'url': 'https://preview.redd.it/68ipb1xjmenf1.jpeg?width=216&crop=smart&auto=webp&s=386cca05b2a6d5beb510db8048cf2d7806a8f012', 'width': 216, 'height': 121}, {'url': 'https://preview.redd.it/68ipb1xjmenf1.jpeg?width=320&crop=smart&auto=webp&s=3aea6b9605d293c6be17688133a23c101f6c7d7f', 'width': 320, 'height': 180}, {'url': 'https://preview.redd.it/68ipb1xjmenf1.jpeg?width=640&crop=smart&auto=webp&s=c3259475c3a6d8463e41acac5ee7e461bc3f1367', 'width': 640, 'height': 360}, {'url': 'https://preview.redd.it/68ipb1xjmenf1.jpeg?width=960&crop=smart&auto=webp&s=da235bef72d14a4a6c38472daae8d5ac91275a5f', 'width': 960, 'height': 540}, {'url': 'https://preview.redd.it/68ipb1xjmenf1.jpeg?width=1080&crop=smart&auto=webp&s=06cfa9d396fe54ab9691b34540d1c13de023112c', 'width': 1080, 'height': 607}]}], 'enabled': True}",False,,False,/r/COD/comments/1n9fsz9/last_time_it_was_bf6_spam_now_its_fkg_carry/,COD,1757103407.0,58,0.57,humor
1n9fpty,https://www.reddit.com/r/hardwarebrasil/comments/1n9fpty/estou_pensando_em_vender_meu_pc_e_comprar_um_novo/,,2,Estou pensando em vender meu PC e comprar um novo,HondaCivic2007Azul,False,True,False,,False,"Fala pessoal, gostaria de pedir orientação a vocês sobre minha seguinte dúvida:

Seria bom montar do zero
I5-14600k
9060xt 16gb
32ram
B760m
Watercooler ?
Fonte gold

E nesse meio tempo tentar vender
I7-9700kf
1660 padrão
16gb ram 3200mhz
z390 plus gaming wifi
Watercooler 140mm
Fonte bronze 650w
Gabinete aquário
6 fan rgb controláveis (só pelo frufru)

Seria um bom upgrade? Estive pensando sobre a algum tempo e recentemente a vontade aumentou pois sou um jogador tryhard de battlefield e esse game novo me animou bastante kkkkk (peguei mais de 60fps constantes na beta do bf6, mas no máximo com um discord aberto. Quando tentava ligar o alt+f10 da nvidia caía dos 60).",False,/r/hardwarebrasil/comments/1n9fpty/estou_pensando_em_vender_meu_pc_e_comprar_um_novo/,hardwarebrasil,1757103203.0,2,1.0,Dúvida
1n9fegr,https://www.reddit.com/r/Battlefield/comments/1n9fegr/battlefield_powerball/,,0,Battlefield Powerball,TheDeltaFlight,False,True,False,,False,"Boys… listen. I know BF6 looks promising but it still doesn’t hit those BF2 / BC2 / BF3 vibes we’ve all been chasing for years. The glory days when it was just raw Battlefield chaos, no clown skins, and just gritty gameplay on maps we still talk about today.

If I hit the Powerball jackpot this weekend, I will happily self-fund a spinoff of those games. No battle passes, no grappling-hook nonsense. Just straight-up Battlefield. Metro. Wake Island. Caspian Border. Gunplay that feels right and teamwork that makes you fist-bump strangers.

That’s it. That’s the dream. If the lottery gods smile on me, boys… we’re going home.",False,/r/Battlefield/comments/1n9fegr/battlefield_powerball/,Battlefield,1757102463.0,2,0.5,Battlefield 6
1n9fd1z,https://www.reddit.com/r/IndianGaming/comments/1n9fd1z/fifa_25_is_not_launching/,,2,FIFA 25 is not launching,ShineAltruistic4835,1757146021.0,True,False,,False,"I am unable to boot FIFA25. It starts and the window opens and then crashes without any windows errors.  
I have tried everything from reinstalling the game itself, EA app, Anti Cheat and everything suggested by ChatGPT. Turned off RGB softwares, RTSS, MSI AfterBurner, etc.

Error event log:  
""  
*The description for Event ID 1 from source Application cannot be found. Either the component that raises this event is not installed on your local computer or the installation is corrupted. You can install or repair the component on the local computer.*

*If the event originated on another computer, the display information had to be saved with the event.*

*The following information was included with the event:*

*EAAntiCheatService*  
*The game fc25.exe exited unexpectedly, exit code: 0xC0000005*

""

Can someone please help me?

https://preview.redd.it/rgmrm5x1jenf1.png?width=1330&format=png&auto=webp&s=980fdcaa1e02000fe7b226db23252153944462a3

Just FYI, I have already played for 15 hours.. and it was working fine until yesterday.. and BF6 beta also worked with same windows configs.

**Solved:** [**https://forums.ea.com/discussions/fc-25-technical-issues-en/fc25-won%E2%80%99t-launch-after-latest-windows-update-steam--ea-app-error/12531568**](https://forums.ea.com/discussions/fc-25-technical-issues-en/fc25-won%E2%80%99t-launch-after-latest-windows-update-steam--ea-app-error/12531568)  
Turns out it was a windows 11 update that screwed up something. In my case, specifically, '**KB5064075**'.",False,/r/IndianGaming/comments/1n9fd1z/fifa_25_is_not_launching/,IndianGaming,1757102374.0,13,1.0,Help
1n9f5si,https://www.reddit.com/r/battlefield2042/comments/1n9f5si/why_no_kill_feed_on_deploy_screen/,,5,Why no kill feed on deploy screen?,Jackw78,1757103949.0,True,False,,False,"As title says, BF6 also has the same problem. I want to see if my squad/teammate eliminated any enemies before I deploy on their spot or if enemy vehicles are taken care of. These kill feed information can really help to know what to expect before deployment.

edit: the kill feed text on the top right side of screen is what I meant by kill feed on deploy screen, which lets you know if your teammates killed anyone or get killed (for air vehicles outside bound)",False,/r/battlefield2042/comments/1n9f5si/why_no_kill_feed_on_deploy_screen/,battlefield2042,1757101888.0,8,0.86,Discussion
1n9eib6,https://i.redd.it/9oxbpq55denf1.jpeg,,37,Why is all my Tier III progress gone?? I distinctly remember destroying more than 0 vehicles.,UltimateGamingTechie,False,False,False,"{'images': [{'id': '1Y65bvSQopUKmQuEmzmkZoWpv12esHJbR4R0PqVHxz8', 'source': {'url': 'https://preview.redd.it/9oxbpq55denf1.jpeg?auto=webp&s=ce80195c8b18a55035c088dd9c7cf4b06588a43a', 'width': 1920, 'height': 1080}, 'variants': {}, 'resolutions': [{'url': 'https://preview.redd.it/9oxbpq55denf1.jpeg?width=108&crop=smart&auto=webp&s=96b85549e3332e0e88bc2c4b56be0645ee6bf8cc', 'width': 108, 'height': 60}, {'url': 'https://preview.redd.it/9oxbpq55denf1.jpeg?width=216&crop=smart&auto=webp&s=7fdb66777870acc15fcd110a19a8b83dc13b29d0', 'width': 216, 'height': 121}, {'url': 'https://preview.redd.it/9oxbpq55denf1.jpeg?width=320&crop=smart&auto=webp&s=2f2b6c9ddd517a3716dacc74db8048d161d8af21', 'width': 320, 'height': 180}, {'url': 'https://preview.redd.it/9oxbpq55denf1.jpeg?width=640&crop=smart&auto=webp&s=c8ef731972a7d113e01d909edf07ad613abfbb74', 'width': 640, 'height': 360}, {'url': 'https://preview.redd.it/9oxbpq55denf1.jpeg?width=960&crop=smart&auto=webp&s=7177d6a94f30194ebc38e98498f410cf2fdf2af7', 'width': 960, 'height': 540}, {'url': 'https://preview.redd.it/9oxbpq55denf1.jpeg?width=1080&crop=smart&auto=webp&s=a67f4c25b55a2c60dd8b5b95ad9d6e2be584c611', 'width': 1080, 'height': 607}]}], 'enabled': True}",False,,False,/r/battlefield2042/comments/1n9eib6/why_is_all_my_tier_iii_progress_gone_i_distinctly/,battlefield2042,1757100324.0,16,0.86,Concern
1n9efae,https://i.redd.it/3olzhgjrcenf1.png,,232,Daily Reminder: 34 Days left until BF6,UnexpectedEmuAttack,False,False,False,"{'images': [{'id': '9HtmmPAwtg2ucxOCjaAr78X-cO1bdm2dD1EHYtCcFOk', 'source': {'url': 'https://preview.redd.it/3olzhgjrcenf1.png?auto=webp&s=514ff0b60a8448ea9d32ea0ce514912c5656f36f', 'width': 1440, 'height': 2160}, 'variants': {}, 'resolutions': [{'url': 'https://preview.redd.it/3olzhgjrcenf1.png?width=108&crop=smart&auto=webp&s=287945ffae3a194fe0bf6fc98ea368dcae1fe01e', 'width': 108, 'height': 162}, {'url': 'https://preview.redd.it/3olzhgjrcenf1.png?width=216&crop=smart&auto=webp&s=eab8f942b3d81573ccc992c4e7c44416085e3208', 'width': 216, 'height': 324}, {'url': 'https://preview.redd.it/3olzhgjrcenf1.png?width=320&crop=smart&auto=webp&s=5431693db7a57e3a651bc6f98a3d843a3f2106d0', 'width': 320, 'height': 480}, {'url': 'https://preview.redd.it/3olzhgjrcenf1.png?width=640&crop=smart&auto=webp&s=516f8be5033dae7ca20e5c31debe6fef08b3eb03', 'width': 640, 'height': 960}, {'url': 'https://preview.redd.it/3olzhgjrcenf1.png?width=960&crop=smart&auto=webp&s=6bbf8c154932538b51f0d575a186ac9eec26a03b', 'width': 960, 'height': 1440}, {'url': 'https://preview.redd.it/3olzhgjrcenf1.png?width=1080&crop=smart&auto=webp&s=4f154b4c586795cdcc59b9df577b8318ce96b844', 'width': 1080, 'height': 1620}]}], 'enabled': True}",False,,False,/r/Battlefield/comments/1n9efae/daily_reminder_34_days_left_until_bf6/,Battlefield,1757100117.0,40,0.91,Battlefield 6
1n9e67j,https://www.reddit.com/r/Battlefield/comments/1n71u6g/battlefield_needs_a_persistent_war_mode_not/?share_id=mij8tfxg30csr1x-8UhFW&utm_content=2&utm_medium=android_app&utm_name=androidcss&utm_source=share&utm_term=1,,18,In regards to a Persistent War Mode post that was posted here 2 days (or so) ago,BucketHip,False,False,False,,False,"The OP in the post linked above talked about a PVE persistent war mode à la Foxhole or Helldivers.

The idea is interesting so I wanted expand on it. 

The poster said it would be akin to Helldivers or Foxhole or Planetside or a combination of all three but (excl. Planetside) the other two games have flaws (not technical but community wise) that can if implemented into BF6 in a similar fashion could and would kill the gamemode on the spot.

In Foxhole, to enjoy the majority of content (operating a tank, ship and soon enough planes) you NEED to be in a clan, yes you can ""solo"" it by building a tank or ship and enlisting dudes in the spawn using voice chat but even the act of building a tank (even moreso a ship) takes actual resources you need to scrounge up and build it which can take a couple IRL days. **(Don't boo me foxhole players, you know I'm right)** 

In HD2, the problem is that players can hyperfocus on one front exclusively even if the community mission wants the playerbase to play a different front, so you would have multiple community missions (major orders in-game) fail because a good chunk of the playerbase did not pull their weight which would be doubly catastrophic in a teamwork based (in an ideal world :D) game like BF.

What I would think the sweet spot would be is FOR HONOR's faction war system adapted into BF6; In For Honor you open the war map and play 3 selected gamemodes out of many based on a rotation (3v3's 2v2's 5v5's one day three different modes the next) and after each match you would get (based on personal performance) a varying amount of ""war assets"" that you can put on different fronts in the map and tilt the scales.

How that could be adapted to BF6 is;
- Player logs on 

- Plays either the modes on rotation on the war map **(Closed Conquest, Rush and Domination one day different three another)** *OR* plays any other official BF6 mode (only official to prevent farming of ""war assets"" à la XP farms)

- At the end of match (either the mode on rotation inside the war map or any other official mode) the player would get ""war assets"" (let's call it ""manpower"" for BF6 though) 

- The player would then choose to deploy mapower (or save it for later to get more) in either a NATO or PAX front **(which would lock them to that faction, therefore preventing mid-war flip flops)** and they can from then on until the end of that ""war"" can only deploy their manpower to their faction's fronts.

- As a unique twist on this imported system DICE could make it so that after a certain threshold passes we could play (as a whole community) a BF1 **Grand Operation** style match that would be *""the final push""* or *""the last stand""* of a faction depending on their war performance

- After the war concludes both factions could get rewards for that war based on overall performance and performance in the grand operation mentioned in the above bullet point where if your faction has been lacking in the overall war but managed pull through on the grand operation match the rewards could replicate that dichotomy **(but even in that scenario the winning faction would still get the cooler shit so the calculation for a faction's performance would be an %80 - 20 split with the overall performance being %80 of calculations)** and the losing team would still get a complimentary reward in a *""good effort, you'll get 'em next time""* way.

I believe with a system like this BF6 can keep the more menial labour aspect of the previously mentioned games (HD2, Foxhole etc.) But also add it's own twist *and* give a sense of fighting for something bigger than oneself.",False,/r/Battlefield/comments/1n9e67j/in_regards_to_a_persistent_war_mode_post_that_was/,Battlefield,1757099521.0,4,0.91,Battlefield 6
1n9e29x,https://i.redd.it/fo9q42p7aenf1.png,,6,I Sure hope BF6 incentives people to play engineer more..,runninginthe-90s,False,False,False,"{'images': [{'id': 'LpMVzeg9f9wr2oeBy46x0W5DRrV0Z8EBScTDOE4F1tM', 'source': {'url': 'https://preview.redd.it/fo9q42p7aenf1.png?auto=webp&s=f6b8047ab74511c770ba1efc9500f50cb4a5b87d', 'width': 1080, 'height': 893}, 'variants': {}, 'resolutions': [{'url': 'https://preview.redd.it/fo9q42p7aenf1.png?width=108&crop=smart&auto=webp&s=91e5ce2ecbbbb5b77859290e584e4540b44c2ea7', 'width': 108, 'height': 89}, {'url': 'https://preview.redd.it/fo9q42p7aenf1.png?width=216&crop=smart&auto=webp&s=84637d22912ecd74ae8461aa13503d3fd7d46891', 'width': 216, 'height': 178}, {'url': 'https://preview.redd.it/fo9q42p7aenf1.png?width=320&crop=smart&auto=webp&s=06ae41d2cd8863a8eb327da878bc64f08f13e9ee', 'width': 320, 'height': 264}, {'url': 'https://preview.redd.it/fo9q42p7aenf1.png?width=640&crop=smart&auto=webp&s=07a9baa69c480606ff70320e0a1be54e63b2631c', 'width': 640, 'height': 529}, {'url': 'https://preview.redd.it/fo9q42p7aenf1.png?width=960&crop=smart&auto=webp&s=20e0dca61335ebee421d9ee72aefca372565ffa0', 'width': 960, 'height': 793}, {'url': 'https://preview.redd.it/fo9q42p7aenf1.png?width=1080&crop=smart&auto=webp&s=6e7696beb1944f11213d17875be5c718be65c543', 'width': 1080, 'height': 893}]}], 'enabled': True}",False,Open classes you say.,False,/r/Battlefield/comments/1n9e29x/i_sure_hope_bf6_incentives_people_to_play/,Battlefield,1757099257.0,8,0.8,🪖Only In Battlefield💥
1n9e026,https://v.redd.it/ygo7h9jj9enf1,"{'reddit_video': {'width': 1280, 'height': 534, 'is_gif': False, 'hls_url': 'https://v.redd.it/ygo7h9jj9enf1/HLSPlaylist.m3u8?a=1759752898%2CYzdlN2Y0NDQyNmViYzE0YTQ2YzU1OWFkODRhN2M3ZTM0OTM5MWYyMjJkODlmZDgzZGYzN2MyZGZlNmViZWZiMg%3D%3D&v=1&f=sd', 'dash_url': 'https://v.redd.it/ygo7h9jj9enf1/DASHPlaylist.mpd?a=1759752898%2CNDY5MzhmNzY2ZTMwYjdhMmQ2ZDA3OGRhNjA0ODM1YzZlMzE3ZWI5ZjM0MDRiYTkyZDQ5OWQ5YTFkMmNjOGEwOA%3D%3D&v=1&f=sd', 'duration': 899, 'has_audio': True, 'bitrate_kbps': 2400, 'fallback_url': 'https://v.redd.it/ygo7h9jj9enf1/DASH_720.mp4?source=fallback', 'scrubber_media_url': 'https://v.redd.it/ygo7h9jj9enf1/DASH_96.mp4', 'transcoding_status': 'completed'}}",575,"BF6 Badlands map, no-HUD walkthrough",cowslaw,False,False,False,"{'images': [{'id': 'MnpsczJ0cHI5ZW5mMUX98N2KfGr2v1z_RcOYzUe3IHXXZHnPQL9wtb9kUZJO', 'source': {'url': 'https://external-preview.redd.it/MnpsczJ0cHI5ZW5mMUX98N2KfGr2v1z_RcOYzUe3IHXXZHnPQL9wtb9kUZJO.png?format=pjpg&auto=webp&s=efeba277415ccf9bceb4b272bb6dc406443d7e7e', 'width': 1920, 'height': 802}, 'variants': {}, 'resolutions': [{'url': 'https://external-preview.redd.it/MnpsczJ0cHI5ZW5mMUX98N2KfGr2v1z_RcOYzUe3IHXXZHnPQL9wtb9kUZJO.png?width=108&crop=smart&format=pjpg&auto=webp&s=2278296cffb523c3cd49ae9b7eaf30718197a1e4', 'width': 108, 'height': 45}, {'url': 'https://external-preview.redd.it/MnpsczJ0cHI5ZW5mMUX98N2KfGr2v1z_RcOYzUe3IHXXZHnPQL9wtb9kUZJO.png?width=216&crop=smart&format=pjpg&auto=webp&s=8ee3dea9a125643644fd9ca03ace24fc76dc314c', 'width': 216, 'height': 90}, {'url': 'https://external-preview.redd.it/MnpsczJ0cHI5ZW5mMUX98N2KfGr2v1z_RcOYzUe3IHXXZHnPQL9wtb9kUZJO.png?width=320&crop=smart&format=pjpg&auto=webp&s=2f85daf53d1bc6bf955f1f75091260174824464c', 'width': 320, 'height': 133}, {'url': 'https://external-preview.redd.it/MnpsczJ0cHI5ZW5mMUX98N2KfGr2v1z_RcOYzUe3IHXXZHnPQL9wtb9kUZJO.png?width=640&crop=smart&format=pjpg&auto=webp&s=1e0ceccee9d9a71d286452f7582f8b065e962271', 'width': 640, 'height': 267}, {'url': 'https://external-preview.redd.it/MnpsczJ0cHI5ZW5mMUX98N2KfGr2v1z_RcOYzUe3IHXXZHnPQL9wtb9kUZJO.png?width=960&crop=smart&format=pjpg&auto=webp&s=3a268765a0db8ff2495323e616265f2e371b789d', 'width': 960, 'height': 401}, {'url': 'https://external-preview.redd.it/MnpsczJ0cHI5ZW5mMUX98N2KfGr2v1z_RcOYzUe3IHXXZHnPQL9wtb9kUZJO.png?width=1080&crop=smart&format=pjpg&auto=webp&s=ca3793d25e007b9e671914fe47f623efade5dc85', 'width': 1080, 'height': 451}]}], 'enabled': False}",False,,False,/r/Battlefield/comments/1n9e026/bf6_badlands_map_nohud_walkthrough/,Battlefield,1757099109.0,107,0.98,Battlefield 6
1n9dclw,https://www.reddit.com/r/Battlefield/comments/1n9dclw/new_checkpoints_for_road_to_battlefield_6_battle/,,20,New Checkpoints for Road to Battlefield 6 Battle Pass,DaddySanctus,False,True,False,,False,"If you're playing BF2042 wanting to finish the Road to Battlefield 6 battle pass for the BF6 cosmetics, here are the new checkpoints you need to reach at the end of each week to guarantee level 60 completion.

* Level 34.4 by the end of Week 3 
* Level 40.8 by the end of Week 4 
* Level 47.2 by the end of Week 5 
* Level 53.6 by the end of Week 6

Of course just by playing the game while trying to complete the challenges, especially if played during the double/triple XP weekends, you'll gain some extra pips naturally. These are just rough guidelines.

Good luck!",False,/r/Battlefield/comments/1n9dclw/new_checkpoints_for_road_to_battlefield_6_battle/,Battlefield,1757097596.0,12,0.88,News
1n9dclp,https://v.redd.it/19amw7w65enf1,"{'reddit_video': {'width': 1280, 'height': 720, 'is_gif': False, 'hls_url': 'https://v.redd.it/19amw7w65enf1/HLSPlaylist.m3u8?a=1759752898%2CNmM0MGNjODNjNmViZmExZmY0YTY0MzNjMGQwOTA5NDA3NDBiNmM0YmE2NTdkZjA4MDk3ZTFlYjRmOWRmODdkNg%3D%3D&v=1&f=sd', 'dash_url': 'https://v.redd.it/19amw7w65enf1/DASHPlaylist.mpd?a=1759752898%2CZjVhZmVlOTM2ZjllMjg5ZDk0NDY2MmE0Y2MzYjNlZDRkNGFlYTFmYjZhZmM5ZTM0MzdjOWE3MWZmMWY1NzY2YQ%3D%3D&v=1&f=sd', 'duration': 158, 'has_audio': True, 'bitrate_kbps': 2400, 'fallback_url': 'https://v.redd.it/19amw7w65enf1/DASH_720.mp4?source=fallback', 'scrubber_media_url': 'https://v.redd.it/19amw7w65enf1/DASH_96.mp4', 'transcoding_status': 'completed'}}",0,"The velocity on the RPG needs to be slowed way down, it’s akin or a bit faster than BF4’s SMAW",zanedummy,False,False,False,"{'images': [{'id': 'czBieDAzczY1ZW5mMa1tzPrKHokq2hCiyAD93sv1k23GMmDP0Zx9N7mgp06Z', 'source': {'url': 'https://external-preview.redd.it/czBieDAzczY1ZW5mMa1tzPrKHokq2hCiyAD93sv1k23GMmDP0Zx9N7mgp06Z.png?format=pjpg&auto=webp&s=686eb45950b49be4834b786b2b01f89268370438', 'width': 1280, 'height': 720}, 'variants': {}, 'resolutions': [{'url': 'https://external-preview.redd.it/czBieDAzczY1ZW5mMa1tzPrKHokq2hCiyAD93sv1k23GMmDP0Zx9N7mgp06Z.png?width=108&crop=smart&format=pjpg&auto=webp&s=4448f1ed6c7dcdc7b24711cebe02f6d9c78792b1', 'width': 108, 'height': 60}, {'url': 'https://external-preview.redd.it/czBieDAzczY1ZW5mMa1tzPrKHokq2hCiyAD93sv1k23GMmDP0Zx9N7mgp06Z.png?width=216&crop=smart&format=pjpg&auto=webp&s=403fa6db62e855cdccf13ae6837614901857f058', 'width': 216, 'height': 121}, {'url': 'https://external-preview.redd.it/czBieDAzczY1ZW5mMa1tzPrKHokq2hCiyAD93sv1k23GMmDP0Zx9N7mgp06Z.png?width=320&crop=smart&format=pjpg&auto=webp&s=6582f3f979206d6223d5302a2685208728d05aee', 'width': 320, 'height': 180}, {'url': 'https://external-preview.redd.it/czBieDAzczY1ZW5mMa1tzPrKHokq2hCiyAD93sv1k23GMmDP0Zx9N7mgp06Z.png?width=640&crop=smart&format=pjpg&auto=webp&s=b7416cb21f0dd36314742216cec8e6f5424ee19d', 'width': 640, 'height': 360}, {'url': 'https://external-preview.redd.it/czBieDAzczY1ZW5mMa1tzPrKHokq2hCiyAD93sv1k23GMmDP0Zx9N7mgp06Z.png?width=960&crop=smart&format=pjpg&auto=webp&s=6478c896549b70cf96ec03bc77a7f5c13bc40cbb', 'width': 960, 'height': 540}, {'url': 'https://external-preview.redd.it/czBieDAzczY1ZW5mMa1tzPrKHokq2hCiyAD93sv1k23GMmDP0Zx9N7mgp06Z.png?width=1080&crop=smart&format=pjpg&auto=webp&s=1d8a872f1a51afcca87053ed966f8540993beaa2', 'width': 1080, 'height': 607}]}], 'enabled': False}",False,"The RPG-7 is literally just as fast or a bit faster than the MK-153 SMAW in BF4. I would feel super proud sniping helicopters with the SMAW in BF4 because of how challenging it was to compensate for velocity, the projectile arch, and that fact that it didn’t reach its max velocity instantly, the same dynamic goes for the RPG.

Now that I see the RPG is very fast, I can imagine how fast the SMAW is going to be…and that would be unbalanced (coming from an infantry player). There’s no skill expression in just half a**ing effort to get a kill.

It’s not just about feeling good for a kill it’s again, about balance and reward, if the velocity of the rpg is slow and prone to arching, but has high damage, that would favor skilled players dominating rather than the weapon being easy to use and the number of vehicles killed being determined by how many just have an rpg.

Lastly people have argued against this saying that it’s realistic…when the *same* people cry *against* suggestions of complex mechanics being in BF6, **and then it came to me**, the difference is that they *pick and choose* “realism” when it benefits their lack of effort to work to gain a skill and chastise a new mechanic that would require skill that reflects realism. I see this when people bring up a feature in BF3/4 that was challenging, and people reject it, but rejoice about an easy feature from the same past games.

I’m over the intense hedonism, I want to play with my brain on and not off as if I was playing CoD.",False,/r/Battlefield/comments/1n9dclp/the_velocity_on_the_rpg_needs_to_be_slowed_way/,Battlefield,1757097595.0,63,0.39,Discussion
1n9dbmd,https://www.reddit.com/r/Battlefield6/comments/1n9dbmd/new_checkpoints_for_road_to_battlefield_6_battle/,,111,New Checkpoints for Road to Battlefield 6 Battle Pass,DaddySanctus,False,True,False,,False,"If you're playing BF2042 wanting to finish the Road to Battlefield 6 battle pass for the BF6 cosmetics, here are the new checkpoints you need to reach at the end of each week to guarantee level 60 completion.

* Level 34.4 by the end of Week 3 
* Level 40.8 by the end of Week 4 
* Level 47.2 by the end of Week 5 
* Level 53.6 by the end of Week 6

Of course just by playing the game while trying to complete the challenges, especially if played during the double/triple XP weekends, you'll gain some extra pips naturally. These are just rough guidelines.

Good luck!",False,/r/Battlefield6/comments/1n9dbmd/new_checkpoints_for_road_to_battlefield_6_battle/,Battlefield6,1757097532.0,31,0.94,News
1n9daw8,https://www.reddit.com/r/battlefield2042/comments/1n9daw8/new_checkpoints_for_road_to_battlefield_6_battle/,,393,New Checkpoints for Road to Battlefield 6 Battle Pass,DaddySanctus,False,True,False,,False,"If you're playing BF2042 wanting to finish the Road to Battlefield 6 battle pass for the BF6 cosmetics, here are the new checkpoints you need to reach at the end of each week to guarantee level 60 completion.

* Level 34.4 by the end of Week 3 
* Level 40.8 by the end of Week 4 
* Level 47.2 by the end of Week 5 
* Level 53.6 by the end of Week 6

Of course just by playing the game while trying to complete the challenges, especially if played during the double/triple XP weekends, you'll gain some extra pips naturally. These are just rough guidelines.

Good luck!",False,/r/battlefield2042/comments/1n9daw8/new_checkpoints_for_road_to_battlefield_6_battle/,battlefield2042,1757097484.0,114,0.97,News
1n9d7gj,https://www.reddit.com/r/Battlefield/comments/1n9d7gj/bf6_will_there_be_ps4ps5_controller_support_for_pc/,,2,BF6 - Will there be PS4/PS5 controller support for PC?,brafish,False,True,False,,False,"I just picked up a PS5 (Duelsense) controller for my PC.  After finally clearing (I think) the Bluetooth issues, I fired up 2042 to test it and the mapping is all out-of-wack.  Apparently BF2042 doesn't support the Duelsense natively on PC.

I tried using DS4Windows to emulate an Xbox controller, but the virtual controller app triggered the anti-cheat protection.  I run 2042 directly through the EA app so I can't use the Steam overlay to fix it either.  Not a big deal because I'm not even sure if I'll play 2042 after I unlock the skins.

Did anyone use a PS4/PS5 controller in the BF6 Beta or Labs?  Did you have to jump through some hoops or was it supported directly?",False,/r/Battlefield/comments/1n9d7gj/bf6_will_there_be_ps4ps5_controller_support_for_pc/,Battlefield,1757097258.0,7,1.0,Battlefield 6
1n9cz5t,https://www.reddit.com/gallery/1n9cz5t,,1243,F to pay respects to this legend,satchko,False,False,False,,False,"RIP the best mouse ever made. I started playing PC games on this somewhere around 20 to 22 years ago. Im estimating that time based on my steam account, which is right about to hit 20 years old. Im pretty sure I had this first. Definitely no younger than 20 years.

It has been across a few PCs, laptops etc. This one thing remained constant all throughout. From roller coaster tycoon and starcraft 1 to playing the new bf6 demo a couple weekends ago. The wire finally failed - the mouse cutting out when I make fast movements. The sliders on the bottom have been shitty for probably a decade.

I think im gonna disassemble it and mount it in a frame in some kinda exploded view like I've seen posted. I will honor its legacy. I was tempted to buy the legendary- but for 200 dollars chillllll. I think I (or really, mom) paid like 20 or 30 bucks for  the OG at best buy back in the day. 

RIP to this absolute legend. They really dont make shit like they used to.

F 🫡",False,/r/pcmasterrace/comments/1n9cz5t/f_to_pay_respects_to_this_legend/,pcmasterrace,1757096732.0,227,0.96,Hardware
1n9cw0d,https://i.redd.it/mmhlxuj02enf1.jpeg,,0,You can see what was meant to be in the BP at level 49 instead of the BF6 rewards in the after game levelling. 49 was a battle card.,BlackoutBoba,False,False,False,"{'images': [{'id': '7skLcWhe97uuSwB1AIuGlw-iYHEkLKDMQI0k6Rfyw4Y', 'source': {'url': 'https://preview.redd.it/mmhlxuj02enf1.jpeg?auto=webp&s=17364259e999e42a994128b520c48fc7477376a9', 'width': 4000, 'height': 2252}, 'variants': {}, 'resolutions': [{'url': 'https://preview.redd.it/mmhlxuj02enf1.jpeg?width=108&crop=smart&auto=webp&s=9d4eab23570cbccbf498b10188711d8dacbe0912', 'width': 108, 'height': 60}, {'url': 'https://preview.redd.it/mmhlxuj02enf1.jpeg?width=216&crop=smart&auto=webp&s=89bbe3a668d4912e524be73068302c52098e0bc4', 'width': 216, 'height': 121}, {'url': 'https://preview.redd.it/mmhlxuj02enf1.jpeg?width=320&crop=smart&auto=webp&s=f53d4b31ca05971d4b33627c022166e507a26d3a', 'width': 320, 'height': 180}, {'url': 'https://preview.redd.it/mmhlxuj02enf1.jpeg?width=640&crop=smart&auto=webp&s=8644ad389196cdb5966987cb7a6e26792d9bc09e', 'width': 640, 'height': 360}, {'url': 'https://preview.redd.it/mmhlxuj02enf1.jpeg?width=960&crop=smart&auto=webp&s=26b1b570bc7669ea7269d306ef856f97b5396a0b', 'width': 960, 'height': 540}, {'url': 'https://preview.redd.it/mmhlxuj02enf1.jpeg?width=1080&crop=smart&auto=webp&s=7de10a2604d9c6a5558297801f03a41b2d846012', 'width': 1080, 'height': 608}]}], 'enabled': True}",False,,False,/r/Battlefield6/comments/1n9cw0d/you_can_see_what_was_meant_to_be_in_the_bp_at/,Battlefield6,1757096529.0,2,0.22,Discussion
1n9cvlg,https://i.redd.it/mmhlxuj02enf1.jpeg,,0,You can see what was meant to be in the BP at level 49 instead of the BF6 rewards in the after game levelling. 49 was a battle card.,BlackoutBoba,False,False,False,"{'images': [{'id': '7skLcWhe97uuSwB1AIuGlw-iYHEkLKDMQI0k6Rfyw4Y', 'source': {'url': 'https://preview.redd.it/mmhlxuj02enf1.jpeg?auto=webp&s=17364259e999e42a994128b520c48fc7477376a9', 'width': 4000, 'height': 2252}, 'variants': {}, 'resolutions': [{'url': 'https://preview.redd.it/mmhlxuj02enf1.jpeg?width=108&crop=smart&auto=webp&s=9d4eab23570cbccbf498b10188711d8dacbe0912', 'width': 108, 'height': 60}, {'url': 'https://preview.redd.it/mmhlxuj02enf1.jpeg?width=216&crop=smart&auto=webp&s=89bbe3a668d4912e524be73068302c52098e0bc4', 'width': 216, 'height': 121}, {'url': 'https://preview.redd.it/mmhlxuj02enf1.jpeg?width=320&crop=smart&auto=webp&s=f53d4b31ca05971d4b33627c022166e507a26d3a', 'width': 320, 'height': 180}, {'url': 'https://preview.redd.it/mmhlxuj02enf1.jpeg?width=640&crop=smart&auto=webp&s=8644ad389196cdb5966987cb7a6e26792d9bc09e', 'width': 640, 'height': 360}, {'url': 'https://preview.redd.it/mmhlxuj02enf1.jpeg?width=960&crop=smart&auto=webp&s=26b1b570bc7669ea7269d306ef856f97b5396a0b', 'width': 960, 'height': 540}, {'url': 'https://preview.redd.it/mmhlxuj02enf1.jpeg?width=1080&crop=smart&auto=webp&s=7de10a2604d9c6a5558297801f03a41b2d846012', 'width': 1080, 'height': 608}]}], 'enabled': True}",False,"I wonder why this is displaying instead of the bf6 cosmetic reward. 

Apologies for the shitty pic. Not bother I th the hassle of getting it off my PS5",False,/r/battlefield2042/comments/1n9cvlg/you_can_see_what_was_meant_to_be_in_the_bp_at/,battlefield2042,1757096500.0,6,0.29,Discussion
1n9ck0m,https://www.reddit.com/r/Battlefield/comments/1n9ck0m/considering_bf4_bf1_bfv_and_2042_which_game_have/,,2,"Considering BF4, BF1, BFV and 2042, which game have more South American players or servers?",Pedrowski,False,True,False,,False,"Until BF6 is released, I wanted to know which of these games has the most players in SA playing. So far, I've had some great experiences with BF1, so I have an idea of it, but to avoid downloading all of them I would like your opinion ",False,/r/Battlefield/comments/1n9ck0m/considering_bf4_bf1_bfv_and_2042_which_game_have/,Battlefield,1757095762.0,1,1.0,Question
1n9c3ly,https://www.reddit.com/r/Battlefield/comments/1n9c3ly/bf6_mode_idea_total_war/,,3,BF6 mode Idea: Total War,corporalgrif,False,True,False,,False,"up front I am admitting this: This is not an original idea, this is borrowed completely from the Red Orchestra/Rising storm series developed by Tripwire interactive & Anti Matter games. I am only adapting it into the battlefield series.  


Premise:   
  
Pax Armata & NATO forces fight for control of nations in this all out war mode requiring tactics and perseverance to win.

  
  
How it works:

Both team starts with 4 territories, these territories each represent a map, there is also 1 neutral territory (there will be more of these once the game has more maps) 

the game will flip a coin to decide which team goes first, that team than decides whether they want to defend or attack.

if the team decides to attack they will vote which territory (map) they want to attack. If they choose a neutral territory it will be a game of conquest and whichever team wins the match will take the territory. If they choose to attack a enemy held territory it will be a game of Breakthrough with the team being attacked defending, if they lose they lose the territory.

How do you win?:

each team starts with 10 morale.

you lose a morale point for every territory the enemy team holds over you so if you have 3 territories and the enemy have 4 you will lose 1 morale after the next match ends, Morale is only drained at the end of a match when you go to vote for the next map, if a team reaches zero morale or loses all territories they lose.

as well losing an attack will lower morale by 1, so if you don't think you can successfully take a territory you can force the enemy team to attack your territory to drain them. however if they win you will lose that territory of course. if a team successfully attacks a territory they will get to vote again to attack or defend. if a team successfully defends their territory they get to vote to attack or defend.

this is just a rough idea of how it would work, if you have suggestions feel free to give them, as the original mode this is based on had severe balance problems so anything to improve the modes balance would be welcome.",False,/r/Battlefield/comments/1n9c3ly/bf6_mode_idea_total_war/,Battlefield,1757094724.0,3,0.71,Battlefield 6
1n9btos,https://www.reddit.com/r/pcmasterrace/comments/1n9btos/pc_upgrade_tips/,,2,PC Upgrade tips,eken2777,1757094362.0,True,False,,False,"Hi fellow pc-peepz

Many interesting games are coming up and I'm mostly thinking of BF6 (hype!!). I recently bought 2 1440p 240Hz monitors which are the main reason for the upgrade. I would like a new rig that can utilize the full potential of my monitors in the upcoming games.

So I wonder what kind of combo of cpu, GPU, ram etc you would recommend!!

Budget 5000-7000€

Thanks for the help🎉",False,/r/pcmasterrace/comments/1n9btos/pc_upgrade_tips/,pcmasterrace,1757094099.0,6,0.75,Discussion
1n9b8pi,https://www.reddit.com/r/pcmasterrace/comments/1n9b8pi/i74790_1650_super_what_upgrades_to_improve_apex/,,3,i7-4790 + 1650 super. What upgrades to improve Apex performance and potentially handle BF6?,Missing_Back,False,True,False,,False,"I currently have a PC I built out of like $300 of used parts just so I could have a desktop for drone sims (very minimal specs needed). However I've found myself playing Apex Legends more and would appreciate better performance (I get maybe 80-90fps on average, but this drops a good amount on a certain map and when in fights). I believe my CPU is the bottle neck here, but I imagine not by much. I'm curious what sort of upgrades people would recommend.

Like the title says, I have an i7-4790 and a 1650 super. I have a 3440 x 1440 160hz monitor, and I'd love to get 144+fps (160fps I guess, but does that 16 extra really matter?) on it, graphics settings don't matter to me. Would a CPU be the first thing to upgrade? Which CPU would be my best ""bang for buck"" option? Would I need to get a new mobo or is there an option that is the same socket? After that, what would be my best ""bang for buck"" GPU option? If possible, I'd also like to be able to play BF6, but that's not as important to me.",False,/r/pcmasterrace/comments/1n9b8pi/i74790_1650_super_what_upgrades_to_improve_apex/,pcmasterrace,1757092759.0,9,1.0,Question
1n9b8jk,https://www.reddit.com/r/buildmeapc/comments/1n9b8jk/i74790_1650_super_what_upgrades_to_improve_apex/,,1,i7-4790 + 1650 super. What upgrades to improve Apex performance and potentially handle BF6?,Missing_Back,False,True,False,,False,"I currently have a PC I built out of like $300 of used parts just so I could have a desktop for drone sims (very minimal specs needed). However I've found myself playing Apex Legends more and would appreciate better performance (I get maybe 80-90fps on average, but this drops a good amount on a certain map and when in fights). I believe my CPU is the bottle neck here, but I imagine not by much. I'm curious what sort of upgrades people would recommend.

Like the title says, I have an i7-4790 and a 1650 super. I have a 3440 x 1440 160hz monitor, and I'd love to get 144+fps (160fps I guess, but does that 16 extra really matter?) on it, graphics settings don't matter to me. Would a CPU be the first thing to upgrade? Which CPU would be my best ""bang for buck"" option? Would I need to get a new mobo or is there an option that is the same socket? After that, what would be my best ""bang for buck"" GPU option? If possible, I'd also like to be able to play BF6, but that's not as important to me.",False,/r/buildmeapc/comments/1n9b8jk/i74790_1650_super_what_upgrades_to_improve_apex/,buildmeapc,1757092749.0,5,1.0,Question
1n9b8i9,https://www.reddit.com/r/buildapcforme/comments/1n9b8i9/i74790_1650_super_what_upgrades_to_improve_apex/,,1,i7-4790 + 1650 super. What upgrades to improve Apex performance and potentially handle BF6?,Missing_Back,False,True,False,,False,"* New build or upgrade?
   * Upgrade
* Existing parts/monitors to reuse? (List with models/links)
   * i7-4790, 1650 super, like 24GB of RAM
* PC purpose? (Gaming, editing, etc. List apps/games)
   * Games: Apex Legends, and BF6 (not required)
* Purchase country? Near Micro Center? (If not US, list local vendors)
   * US. Near Micro Center
* Monitors needed? (Number, size, resolution, refresh rate)
   * Already have a monitor which is 1 3440x1440 160hz, and I'd like to run Apex at 144+ for this res, low graphics is fine.
* Budget range? (Include tax considerations)
   * A couple hundred

I currently have a PC I built out of like $300 of used parts just so I could have a desktop for drone sims (very minimal specs needed). However I've found myself playing Apex Legends more and would appreciate better performance (I get maybe 80-90fps on average, but this drops a good amount on a certain map and when in fights). I believe my CPU is the bottle neck here, but I imagine not by much. I'm curious what sort of upgrades people would recommend.

Like the title says, I have an i7-4790 and a 1650 super. I have a 3440 x 1440 160hz monitor, and I'd love to get 144+fps (160fps I guess, but does that 16 extra really matter?) on it, graphics settings don't matter to me. Would a CPU be the first thing to upgrade? Which CPU would be my best ""bang for buck"" option? Would I need to get a new mobo or is there an option that is the same socket? After that, what would be my best ""bang for buck"" GPU option? If possible, I'd also like to be able to play BF6, but that's not as important to me.",False,/r/buildapcforme/comments/1n9b8i9/i74790_1650_super_what_upgrades_to_improve_apex/,buildapcforme,1757092746.0,3,1.0,
1n9b5go,https://www.reddit.com/r/buildapc/comments/1n9b5go/i74790_1650_super_what_upgrades_to_improve_apex/,,0,i7-4790 + 1650 super. What upgrades to improve Apex performance and potentially handle BF6?,Missing_Back,False,True,False,,False,"I currently have a PC I built out of like $300 of used parts just so I could have a desktop for drone sims (very minimal specs needed). However I've found myself playing Apex Legends more and would appreciate better performance (I get maybe 80-90fps on average, but this drops a good amount on a certain map and when in fights). I believe my CPU is the bottle neck here, but I imagine not by much. I'm curious what sort of upgrades people would recommend.

  
Like the title says, I have an i7-4790 and a 1650 super. I have a 3440 x 1440 160hz monitor, and I'd love to get 144+fps (160fps I guess, but does that 16 extra really matter?) on it, graphics settings don't matter to me. Would a CPU be the first thing to upgrade? Which CPU would be my best ""bang for buck"" option? Would I need to get a new mobo or is there an option that is the same socket? After that, what would be my best ""bang for buck"" GPU option? If possible, I'd also like to be able to play BF6, but that's not as important to me.",False,/r/buildapc/comments/1n9b5go/i74790_1650_super_what_upgrades_to_improve_apex/,buildapc,1757092550.0,7,0.5,Build Help
1n9ajj5,https://www.reddit.com/gallery/1n9ajj5,,36,You can get through the bunker windows as an attacker on Iwo Jima,EnvironmentalAngle,False,False,False,,False,"This is for those who don't know as I've been playing since the BF6 beta ended and am just finding out.  Anyone who played PC FPS games in the 90's know the trick well.  All you gotta do is jump and crouch.  It's not as easy as the Half Life crouch jump but it will get you through.

I find if you come at the window from an extreme angle, almost parallel, it is much easier.  It's a great way to break their defenses.",False,/r/battlefield2042/comments/1n9ajj5/you_can_get_through_the_bunker_windows_as_an/,battlefield2042,1757091180.0,5,0.92,Image/Gif
1n99zm6,https://www.reddit.com/r/battlefield2042/comments/1n99zm6/anyone_playing_tonight/,,32,Anyone playing tonight?,Flat_Ad129,False,True,False,,False,"Id like to find a few buddies to play with us til bf6 comes out. Anyone is welcome, im on p.c and discord. Looking to make some friends dm me if you'd like",False,/r/battlefield2042/comments/1n99zm6/anyone_playing_tonight/,battlefield2042,1757089905.0,27,0.95,PC
1n999bq,https://www.reddit.com/r/Battlefield/comments/1n999bq/not_going_to_lie_having_to_play_bf2042_to_get/,,0,"not going to lie, having to play bf2042 to get some skins for bf6 is tiresome.",Fongs-Fate,1757091614.0,True,False,,False,"I understand what they were trying to do, but the execution is so poor that it’s honestly killing my hype for BF6. The objectives are dumb, the battle pass progression is painfully slow I've been completing every weekly challenge for three weeks straight, and I'm only at rank 30? How is this supposed to get people excited for your next game when playing it feels like the gaming equivalent of a prostate exam?

EDIT: I get it  no one *has* to play the game, and no one is being forced to grind for skins. That’s not the point. What I’m criticizing is *how* this event is being handled.

The skins, especially the BF4 Engineer, look fantastic. There’s no denying the quality. But the way they’ve structured this event is just plain dumb. Did they really think people would be okay with such an excessive grind just to unlock them?

It feels like they’re exploiting the goodwill of Battlefield fans  especially those hyped for BF6  to artificially boost BF2042’s player numbers. Making the event this grindy doesn’t reward loyalty; it punishes it. And that’s incredibly short-sighted.",False,/r/Battlefield/comments/1n999bq/not_going_to_lie_having_to_play_bf2042_to_get/,Battlefield,1757088222.0,147,0.5,Battlefield 2042
1n98s9b,https://v.redd.it/id2dsysx9dnf1,"{'reddit_video': {'width': 1920, 'height': 1080, 'is_gif': False, 'hls_url': 'https://v.redd.it/id2dsysx9dnf1/HLSPlaylist.m3u8?a=1759752898%2CNDY5NmM1YzY1NTczNTdlMTc3ZWNkZDc5ZmU0ZTJhMzkxOGY2YThhMjNlM2ViOTcxODNmODc4MzAwODFkMDQxZg%3D%3D&v=1&f=sd', 'dash_url': 'https://v.redd.it/id2dsysx9dnf1/DASHPlaylist.mpd?a=1759752898%2CMTA0NzNiOWI5ZTBkMTY5M2FkYjMzMjZhODMzNDQ0ZGMzZmY2MDlmNzFhZDdmNzM5Njc1NTcyN2IxNjJlOWJjZg%3D%3D&v=1&f=sd', 'duration': 141, 'has_audio': True, 'bitrate_kbps': 5000, 'fallback_url': 'https://v.redd.it/id2dsysx9dnf1/DASH_1080.mp4?source=fallback', 'scrubber_media_url': 'https://v.redd.it/id2dsysx9dnf1/DASH_96.mp4', 'transcoding_status': 'completed'}}",2430,New BF6 Operation Firestorm footage,Fit-Support2256,False,False,False,"{'images': [{'id': 'dWM5M3Bhd3g5ZG5mMagCLrbn0zAislZE9hXbaAdYfBW0mIWS1JGNqsoej7KK', 'source': {'url': 'https://external-preview.redd.it/dWM5M3Bhd3g5ZG5mMagCLrbn0zAislZE9hXbaAdYfBW0mIWS1JGNqsoej7KK.png?format=pjpg&auto=webp&s=37a3b656cc4649ccd06a8d2b4ecb64777a15ea84', 'width': 1440, 'height': 810}, 'variants': {}, 'resolutions': [{'url': 'https://external-preview.redd.it/dWM5M3Bhd3g5ZG5mMagCLrbn0zAislZE9hXbaAdYfBW0mIWS1JGNqsoej7KK.png?width=108&crop=smart&format=pjpg&auto=webp&s=d87c4c1edafa8fa1359ea88de4617d554368fddb', 'width': 108, 'height': 60}, {'url': 'https://external-preview.redd.it/dWM5M3Bhd3g5ZG5mMagCLrbn0zAislZE9hXbaAdYfBW0mIWS1JGNqsoej7KK.png?width=216&crop=smart&format=pjpg&auto=webp&s=cd60240cb2e2ddde7f96141bb831e55ebb74b3c9', 'width': 216, 'height': 121}, {'url': 'https://external-preview.redd.it/dWM5M3Bhd3g5ZG5mMagCLrbn0zAislZE9hXbaAdYfBW0mIWS1JGNqsoej7KK.png?width=320&crop=smart&format=pjpg&auto=webp&s=829dfc678745e0b6d23b227f6c4ab96bcc13ec29', 'width': 320, 'height': 180}, {'url': 'https://external-preview.redd.it/dWM5M3Bhd3g5ZG5mMagCLrbn0zAislZE9hXbaAdYfBW0mIWS1JGNqsoej7KK.png?width=640&crop=smart&format=pjpg&auto=webp&s=b4f48b4f7ad668ae0d2c6a1500b89c2ab56973ae', 'width': 640, 'height': 360}, {'url': 'https://external-preview.redd.it/dWM5M3Bhd3g5ZG5mMagCLrbn0zAislZE9hXbaAdYfBW0mIWS1JGNqsoej7KK.png?width=960&crop=smart&format=pjpg&auto=webp&s=cad1e0df7e002046302469d6cd25fd3660c9d254', 'width': 960, 'height': 540}, {'url': 'https://external-preview.redd.it/dWM5M3Bhd3g5ZG5mMagCLrbn0zAislZE9hXbaAdYfBW0mIWS1JGNqsoej7KK.png?width=1080&crop=smart&format=pjpg&auto=webp&s=10dbf6d156cfa407f33e9309c2dba6b1c70606fa', 'width': 1080, 'height': 607}]}], 'enabled': False}",False,"BF6 gameplay with the AEK and 2 other guns in Operation Firestorm. The new labs build seems to have blended some animations in more smoothly. From what I can see it looks better, reminds me of BF1 weight.",False,/r/Battlefield/comments/1n98s9b/new_bf6_operation_firestorm_footage/,Battlefield,1757087151.0,339,0.98,Battlefield 6
1n98btf,https://i.redd.it/rfxbia617dnf1.jpeg,,18,What are some designs or locations you want future maps for BF6?,SnooCookies2396,False,False,False,"{'images': [{'id': 'AdU1fwkH5v1tv333CrcB6G-2HLwXZ2UCFLDhTlT8Tzk', 'source': {'url': 'https://preview.redd.it/rfxbia617dnf1.jpeg?auto=webp&s=b1a83717899eadba8aa3ca73b02e1dee84af882a', 'width': 1179, 'height': 645}, 'variants': {}, 'resolutions': [{'url': 'https://preview.redd.it/rfxbia617dnf1.jpeg?width=108&crop=smart&auto=webp&s=3a43df28e829fd2338f6ae3c0a89f0419366fd77', 'width': 108, 'height': 59}, {'url': 'https://preview.redd.it/rfxbia617dnf1.jpeg?width=216&crop=smart&auto=webp&s=f315fede8f339a514502818b03bc3d7df19c3b9d', 'width': 216, 'height': 118}, {'url': 'https://preview.redd.it/rfxbia617dnf1.jpeg?width=320&crop=smart&auto=webp&s=3dcd02e646ddaeab925c85fd36681606d026f949', 'width': 320, 'height': 175}, {'url': 'https://preview.redd.it/rfxbia617dnf1.jpeg?width=640&crop=smart&auto=webp&s=ae5fce5da46993a04fc76f50e853d24cb6e3a1ee', 'width': 640, 'height': 350}, {'url': 'https://preview.redd.it/rfxbia617dnf1.jpeg?width=960&crop=smart&auto=webp&s=8c25ad907588ea9e484230d6ad0114ac3ab879cd', 'width': 960, 'height': 525}, {'url': 'https://preview.redd.it/rfxbia617dnf1.jpeg?width=1080&crop=smart&auto=webp&s=79b3442f14d4c7b516cff90bd75e9aaa55e34c52', 'width': 1080, 'height': 590}]}], 'enabled': True}",False,"For me I really want a jungle map like Operation Outbreak from BF4. I believe BF6 needs more greenery imo. 

Tundra maps that we could play with submarines under the ice sheets with other navel combat vehicles included

Combining the two Brooklyn maps together to make one big map to promote more different types of gameplay

Flood Zone was a very creative map combining close quarters city blocks with naval elements. 

What are your ideas and thoughts",False,/r/Battlefield/comments/1n98btf/what_are_some_designs_or_locations_you_want/,Battlefield,1757086080.0,8,1.0,Battlefield 6
1n970c2,https://v.redd.it/qd9sbsodxcnf1,"{'reddit_video': {'width': 360, 'height': 640, 'is_gif': False, 'hls_url': 'https://v.redd.it/qd9sbsodxcnf1/HLSPlaylist.m3u8?a=1759752898%2CMmI4MDFkY2M1ZWRmYzhjYWIzNmMyZGRkZGY3YTdlZTIxYWM2YzZiMDBlMGY4YmI3OGYwMGFmMDdhNzJmY2EzYg%3D%3D&v=1&f=sd', 'dash_url': 'https://v.redd.it/qd9sbsodxcnf1/DASHPlaylist.mpd?a=1759752898%2CNDFlMDUyZTU5OWNlYmMxNTVjNTgzNWZiMjM3ZWMzYTgwMGRjYmY3NDc0MzFkOWE2M2FlMGE4ODVmNzgwM2M3OQ%3D%3D&v=1&f=sd', 'duration': 79, 'has_audio': True, 'bitrate_kbps': 800, 'fallback_url': 'https://v.redd.it/qd9sbsodxcnf1/DASH_360.mp4?source=fallback', 'scrubber_media_url': 'https://v.redd.it/qd9sbsodxcnf1/DASH_96.mp4', 'transcoding_status': 'completed'}}",0,Does destructive AoE need to be toned down in BF6?,IceBuurn,False,False,False,"{'images': [{'id': 'Z3RmZWYwcWR4Y25mMbhJmW3MUaqoWKV_Zy3-hfKot7w8IFUeUVCRqv0RixMG', 'source': {'url': 'https://external-preview.redd.it/Z3RmZWYwcWR4Y25mMbhJmW3MUaqoWKV_Zy3-hfKot7w8IFUeUVCRqv0RixMG.png?format=pjpg&auto=webp&s=93b838b2e84541033951f9977abef0f3b585e0ff', 'width': 478, 'height': 850}, 'variants': {}, 'resolutions': [{'url': 'https://external-preview.redd.it/Z3RmZWYwcWR4Y25mMbhJmW3MUaqoWKV_Zy3-hfKot7w8IFUeUVCRqv0RixMG.png?width=108&crop=smart&format=pjpg&auto=webp&s=f4c2ab636f48c165c56a7bf419ffd4ac5fd8bd0e', 'width': 108, 'height': 192}, {'url': 'https://external-preview.redd.it/Z3RmZWYwcWR4Y25mMbhJmW3MUaqoWKV_Zy3-hfKot7w8IFUeUVCRqv0RixMG.png?width=216&crop=smart&format=pjpg&auto=webp&s=5ca383f121a4309ad78b6c3ac8617d62906ca596', 'width': 216, 'height': 384}, {'url': 'https://external-preview.redd.it/Z3RmZWYwcWR4Y25mMbhJmW3MUaqoWKV_Zy3-hfKot7w8IFUeUVCRqv0RixMG.png?width=320&crop=smart&format=pjpg&auto=webp&s=9b2c7bd65bb3a2596ebb6e5ad638e01c0ca66645', 'width': 320, 'height': 569}]}], 'enabled': False}",False,"I had this feeling playing the Beta and found this video that made me think im not alone in this

Bad Company 2 have a more grounded approach on how it handle destruction than BF6, I Believe The Finals (a newer game) follow that same grounded approach, they have the same devs, contrary to Battlefield 6 which seems all over the place.

In my opinion it is nice we have destruction back in such a scale in the Franchise, but i feel people need more control of what they are destroying, and not wiping a whole block because of a misplaced Gas Tank or destroying 3 stores with a Hand Grenade.

Am i 'alone' here? Didnt find much discussion about it in this sub nor the Battlefield sub",False,/r/Battlefield6/comments/1n970c2/does_destructive_aoe_need_to_be_toned_down_in_bf6/,Battlefield6,1757083022.0,42,0.45,Discussion
1n96pe3,https://www.reddit.com/r/Battlefield/comments/1n96pe3/join_our_discord_server_for_bf6/,,1,Join our Discord Server for BF6!,MoneyRequirement451,False,True,False,,False,"This is a [**Discord**](https://discord.gg/cyJHWfUkJ2) community **built** ***for Battlefield 6 players, by Battlefield 6 players****.* Whether you’re a casual soldier looking for fun squads or a competitive player chasing victory, we’ve created a space that values both.

Here, you’ll find an environment where teamwork, respect, and camaraderie come first. Most importantly, this is a dedicated, long-term community where you can connect, grow, and always find your squad! [**Join us today**](https://discord.gg/cyJHWfUkJ2)!

**Welcome to the fight — welcome home.** ",False,/r/Battlefield/comments/1n96pe3/join_our_discord_server_for_bf6/,Battlefield,1757082318.0,0,0.67,Battlefield 6
1n96i7b,https://i.redd.it/a0luyhugucnf1.jpeg,,0,Partidas noturnas em alguns modos e mapas?,Commercial_Ad_2612,False,False,False,"{'images': [{'id': 'SzXuEwaVQmFVXu7ye_-zCnYbUESTLt4cclP_TWH-4Qg', 'source': {'url': 'https://preview.redd.it/a0luyhugucnf1.jpeg?auto=webp&s=4a9cb19a6e930d69caafc3f799d95a367486c39d', 'width': 738, 'height': 415}, 'variants': {}, 'resolutions': [{'url': 'https://preview.redd.it/a0luyhugucnf1.jpeg?width=108&crop=smart&auto=webp&s=bf56cf45979af433bd2f0ae6baa50738e20efa1f', 'width': 108, 'height': 60}, {'url': 'https://preview.redd.it/a0luyhugucnf1.jpeg?width=216&crop=smart&auto=webp&s=e99a88aa02ea072211bd05d2c9e01edaf68d912d', 'width': 216, 'height': 121}, {'url': 'https://preview.redd.it/a0luyhugucnf1.jpeg?width=320&crop=smart&auto=webp&s=411e0c53c4ff1019a78a6b7568f14c47c55840bb', 'width': 320, 'height': 179}, {'url': 'https://preview.redd.it/a0luyhugucnf1.jpeg?width=640&crop=smart&auto=webp&s=5b033cd658443f5074ce54d1270ba68d343c2583', 'width': 640, 'height': 359}]}], 'enabled': True}",False,"Oque vocês achariam se mais futuramente adicionassem mapas noturnos como noites de nivelle do BF1 no BF6 ?

Ou versões noturnas de certos mapas ? 


Que é um mapa que eu sei que muita gente gosta e  acha muito bonito.
É claro adicionassem equipamentos como lanternas ou visões noturnas que finalmente seriam muito úteis .
Seria um baita caos só de ver tiros traçantes pelo mapa todo 
Claro a escuridão atrapalharia um pouco mas isso que seria a graça não ? ",False,/r/Battlefield/comments/1n96i7b/partidas_noturnas_em_alguns_modos_e_mapas/,Battlefield,1757081855.0,1,0.5,Battlefield 6
1n96bp9,https://www.reddit.com/r/pchelp/comments/1n96bp9/screens_and_peripherals_go_out_when_playing/,,1,Screens and peripherals go out when playing graphic intensive games,jonathanlee3221,False,True,False,,False,"Hello! I've been having this issue where my screens, keyboard and mouse, Bluetooth, and gpu fans go out after playing a game like BF6 or PGA 2k25. My AIO, GPU, and all my other LED lights stay on along with my fans. I cant turn off my computer via the power button and I'm forced to turn it off via the PSU. I tried updating my SSO voltage to 1.15 then 1.2 but that didn't work. This started happening after I got my Ryzen 7 5800x.

My PC:

CPU: Ryzen 7 5800x  
GPU: Radeon RX 7900XT 20 GB  
Ram: DDR4 16gb  
Motherboard: B450 Tomahawk Am4  
PSU: Corsair CX750F RGB, 750 Watt, 80 PLUS Bronze",False,/r/pchelp/comments/1n96bp9/screens_and_peripherals_go_out_when_playing/,pchelp,1757081428.0,2,1.0,HARDWARE
1n967e4,https://www.reddit.com/r/techsupport/comments/1n967e4/screens_and_peripherals_go_out_when_playing/,,1,Screens and peripherals go out when playing graphic intensive games,jonathanlee3221,False,True,False,,False,"Hello! I've been having this issue where my screens, keyboard and mouse, Bluetooth, and gpu fans go out after playing a game like BF6 or PGA 2k25. My AIO, GPU, and all my other LED lights stay on along with my fans. I cant turn off my computer via the power button and I'm forced to turn it off via the PSU. I tried updating my SSO voltage to 1.15 then 1.2 but that didn't work. This started happening after I got my Ryzen 7 5800x.

My PC:

CPU: Ryzen 7 5800x  
GPU: Radeon RX 7900XT 20 GB  
Ram: DDR4 16gb  
Motherboard: B450 Tomahawk Am4  
PSU: Corsair CX750F RGB, 750 Watt, 80 PLUS Bronze",False,/r/techsupport/comments/1n967e4/screens_and_peripherals_go_out_when_playing/,techsupport,1757081140.0,0,1.0,Open | Hardware
1n966id,https://www.reddit.com/r/AMDHelp/comments/1n966id/screens_and_peripherals_go_out_when_playing/,,2,Screens and peripherals go out when playing graphic intensive games,jonathanlee3221,False,True,False,,False,"Hello! I've been having this issue where my screens, keyboard and mouse, Bluetooth, and gpu fans go out after playing a game like BF6 or PGA 2k25. My AIO, GPU, and all my other LED lights stay on along with my fans. I cant turn off my computer via the power button and I'm forced to turn it off via the PSU. I tried updating my SSO voltage to 1.15 then 1.2 but that didn't work. This started happening after I got my Ryzen 7 5800x.

My PC:

CPU: Ryzen 7 5800x  
GPU: Radeon RX 7900XT 20 GB  
Ram: DDR4 16gb  
Motherboard: B450 Tomahawk Am4  
PSU: Corsair CX750F RGB, 750 Watt, 80 PLUS Bronze",False,/r/AMDHelp/comments/1n966id/screens_and_peripherals_go_out_when_playing/,AMDHelp,1757081084.0,0,1.0,Help (General) 
1n9634t,https://www.reddit.com/r/Battlefield/comments/1n9634t/does_destructive_aoe_need_a_tone_down_on_bf6/,,6,Does destructive AoE need a tone down on BF6?,IceBuurn,False,True,False,,False,"[Not my video](https://reddit.com/link/1n9634t/video/jg799c3mqcnf1/player)

I had this feeling playing the Beta and found this video that made me think im not alone in this

Bad Company 2 have a more grounded approach on how it handle destruction than BF6, I Believe The Finals (a newer game) follow that same grounded approach, contrary to Battlefield 6.

In my opinion it is nice we have destruction back in such a scale in the Franchise, but i feel people need more control of what they are destroying, and not wiping a whole block because of a misplaced Gas Tank or destroying 3 stores with a Hand Grenade.

Am i 'alone' here? Didnt find much discussion about it in this sub.",False,/r/Battlefield/comments/1n9634t/does_destructive_aoe_need_a_tone_down_on_bf6/,Battlefield,1757080872.0,6,0.72,Discussion
1n95tm2,https://v.redd.it/e1lbz70focnf1,"{'reddit_video': {'width': 1280, 'height': 720, 'is_gif': False, 'hls_url': 'https://v.redd.it/e1lbz70focnf1/HLSPlaylist.m3u8?a=1759752919%2CNThlMjUzNzQxY2VhN2U1ODUyYmJjOWE1OTg2MjIyMmU0ZTc5NDMxMmJmZDEwMWJhMDA4ZTg2ZTFiZjI0NDVhYQ%3D%3D&v=1&f=sd', 'dash_url': 'https://v.redd.it/e1lbz70focnf1/DASHPlaylist.mpd?a=1759752919%2CMGM5MTFiNzM1MTU0YjY2NzRmMGUyMDRjMTA2Y2JlNDhmNTBmODQxMjk2NWU4OGRkNjI1NjA4MzkzMjkzNzFiNQ%3D%3D&v=1&f=sd', 'duration': 225, 'has_audio': True, 'bitrate_kbps': 2400, 'fallback_url': 'https://v.redd.it/e1lbz70focnf1/DASH_720.mp4?source=fallback', 'scrubber_media_url': 'https://v.redd.it/e1lbz70focnf1/DASH_96.mp4', 'transcoding_status': 'completed'}}",3,BF1 was pretty dang fun!,TenDency2Cry,False,False,False,"{'images': [{'id': 'd243bXg3MGZvY25mMYAO247HfCX7vpuBKOZIYxT-n5WsYjo9ZzszuPwq3yuT', 'source': {'url': 'https://external-preview.redd.it/d243bXg3MGZvY25mMYAO247HfCX7vpuBKOZIYxT-n5WsYjo9ZzszuPwq3yuT.png?format=pjpg&auto=webp&s=c73c9d5a0a353d007581a861206f65ae90e37acb', 'width': 1280, 'height': 720}, 'variants': {}, 'resolutions': [{'url': 'https://external-preview.redd.it/d243bXg3MGZvY25mMYAO247HfCX7vpuBKOZIYxT-n5WsYjo9ZzszuPwq3yuT.png?width=108&crop=smart&format=pjpg&auto=webp&s=608212abd91fca958e08cb07512dd64d02b302b6', 'width': 108, 'height': 60}, {'url': 'https://external-preview.redd.it/d243bXg3MGZvY25mMYAO247HfCX7vpuBKOZIYxT-n5WsYjo9ZzszuPwq3yuT.png?width=216&crop=smart&format=pjpg&auto=webp&s=ebf12a4bf1d05a87524106423a7db8e22e6d4a4d', 'width': 216, 'height': 121}, {'url': 'https://external-preview.redd.it/d243bXg3MGZvY25mMYAO247HfCX7vpuBKOZIYxT-n5WsYjo9ZzszuPwq3yuT.png?width=320&crop=smart&format=pjpg&auto=webp&s=00abfe88dd44ab52785507508f33f5ee4fd42ad4', 'width': 320, 'height': 180}, {'url': 'https://external-preview.redd.it/d243bXg3MGZvY25mMYAO247HfCX7vpuBKOZIYxT-n5WsYjo9ZzszuPwq3yuT.png?width=640&crop=smart&format=pjpg&auto=webp&s=852f56a0b0388ab80cc738a3f626dd056982cc53', 'width': 640, 'height': 360}, {'url': 'https://external-preview.redd.it/d243bXg3MGZvY25mMYAO247HfCX7vpuBKOZIYxT-n5WsYjo9ZzszuPwq3yuT.png?width=960&crop=smart&format=pjpg&auto=webp&s=36545e4018ca0d8b54fe963843847ea4cab3d08a', 'width': 960, 'height': 540}, {'url': 'https://external-preview.redd.it/d243bXg3MGZvY25mMYAO247HfCX7vpuBKOZIYxT-n5WsYjo9ZzszuPwq3yuT.png?width=1080&crop=smart&format=pjpg&auto=webp&s=edd308f4ff2c60118e676d5309a152ae0d769a26', 'width': 1080, 'height': 607}]}], 'enabled': False}",False,"Looking back at old vids because the BF6 beta. Fun times on 1, that was a very very good game. ",False,/r/Battlefield/comments/1n95tm2/bf1_was_pretty_dang_fun/,Battlefield,1757080232.0,1,0.64,Battlefield 1
1n95jz8,https://www.reddit.com/r/BattlefieldDominicano/comments/1n95jz8/discussion_battlefield_6_br_portal_custom/,,4,"[Discussion] Battlefield 6 BR + Portal = Custom Resurgence-style maps, air support tweaks & endless possibilities",jryacr,False,True,False,,False,"So I’ve been reading the leaks about Battlefield 6 getting a Battle Royale mode, and honestly it sounds interesting. The part that stood out to me is how it might connect with Portal. From what I understand, Portal in BF6 will let people build custom maps and modes, almost like Forge in Halo. PC players will be the ones making the maps, but console players can still play them. Since servers can stay up even when empty, the community could actually keep certain maps alive for a long time.

Here’s what I think would be cool:

A Resurgence-type map like COD’s Rebirth Island, but with Battlefield’s destruction and vehicles.

Air support changes, like balancing UAVs or orbital strikes so they aren’t too overpowered, maybe tying them to objectives instead of random drops.

A mix of BR and Conquest, where you fight for flags while the circle closes in.

I also wonder if this could be really good for streamers and the community. Imagine if someone builds a map that ends up being the most played and gets a lot of attention online. That could make Battlefield feel fresh for a long time.

Personally, I’d like to see a small, fast-paced Battlefield BR map with nonstop fights, similar to Rebirth but with tanks, helis, and destruction added in.

 

What do you think—should custom BR maps go full chaos with big air support, or keep it simple and more focused like Resurgence?",False,/r/BattlefieldDominicano/comments/1n95jz8/discussion_battlefield_6_br_portal_custom/,BattlefieldDominicano,1757079570.0,0,0.84,
1n95icu,https://www.reddit.com/r/buildapc/comments/1n95icu/ultrawide_gaming_upgrade_to_9800x3d_and_5080/,,0,Ultrawide gaming upgrade to 9800x3d and 5080?,Zinjifrah,False,True,False,,False,"Would love people’s thoughts on an upgrade. I’m gaming on an Alienware UW OLED that goes to 165hz so trying to nearly match that (without going overboard).  Gaming-wise, it's for ""everything"", from CP77 to BF6 to AOW4 to Civ7 to Balatro (hear those GPU fans roar!).

**What I’m Carrying Over**

* Alienware 34” UW monitor (AW3423DWF)
* Corsair iCUE 5000X RGB ATX Mid Tower Case
* 3 M.2 SSDs (7GB combined and not PCIE5) and a ‘Cuda HD for bulk storage
* EVGA SuperNOVA 1000 P5 1000 W 80+ Platinum

**What I’m Upgrading (approx $2K all-in)**

* AMD 9800X3D (from my 12700K and feel zero need to deal with Intel’s current issues) - $480
* ASUS Tuf B850 mobo - $226
* G.SKILL Trident Z5 Neo Series DDR5 RAM (2x32GB) - $215 (yes, it’s “too much” RAM but I'm the king of alt-tab)
* ASUS Prime RTX5080 (from my 3080) - $1000

**What I’m Probably Not Changing**

* My current (3 year old) ARCTIC Liquid Freezer II 280 AIO
   * I assume I should just stick with this but in the scheme of things but…
   * Pro’s
      * I already have it (but not an AM5 bracket) so Free!
      * It’s nice and quiet.
   * Con's
      * Air simpler in the long term. 
      * Don’t need as much cooling with this CPU vs OC’d 12700k
      * I’ll need to buy a mounting adapter for the AM5 (oh no, $10)

Anything I screwed up? Any changes you’d make?",False,/r/buildapc/comments/1n95icu/ultrawide_gaming_upgrade_to_9800x3d_and_5080/,buildapc,1757079455.0,4,0.5,Build Help
1n94uuf,https://www.reddit.com/r/Battlefield/comments/1n94uuf/dear_dice_please_take_bfvs_approach_to_spotting/,,559,Dear DICE: Please take BFV’s approach to spotting into BF6,bob_jacket09,1757080018.0,True,False,,False,"So I recently got back into Battlefield after a long break. My journey started with BC2, then BF3, and after more than 10 years away I jumped back in with the BF6 Open Beta. While waiting for the full release, I’ve been spending time in BF1, and more recently, BFV.

There’s one thing they all share: 3D spotting. But in BFV I really noticed how much better the gameplay feels when that mechanic is toned down. Fewer random enemy encounters, people actually use cover more, and getting kills feels way harder.

But that added difficulty makes every kill so much more satisfying. No more “shooting flying Doritos” without ever seeing the enemy. No more spraying through smoke or debris just because a red triangle told you to.

On top of that, Recon is given a specific role within the game. It can spot enemies with a shot or binoculars, and that gives the class an actual unique role. From what I can tell, DICE’s current approach is to give each class some kind of “OP gadget/skill” now that the open weapons system is the norm. Making Recon the dedicated spotting class fits perfectly with that philosophy — and maybe would make the class more popular (since in the Beta, Recon was by far the least used).

So yeah, to sum it up, BFV’s system gives us:
- More deliberate gameplay, less “SEE RED DOT, SHOOT” 
- Kills that actually feel earned
- Recon with a unique and valuable role

It honestly feels strange to me how DICE nailed this balance in BFV after 15+ years of 3D spotting… and then just went back to the old system in the BF6 Beta.

DICE, please, take some notes from BFV when tuning spotting in BF6 — the game could benefit a lot from it.",False,/r/Battlefield/comments/1n94uuf/dear_dice_please_take_bfvs_approach_to_spotting/,Battlefield,1757077793.0,206,0.89,Discussion
1n94crp,https://youtube.com/watch?v=I5y3YCEL9BQ&si=m9Uk8YEofmNboj1T,"{'type': 'youtube.com', 'oembed': {'html': '<iframe width=""356"" height=""200"" src=""https://www.youtube.com/embed/I5y3YCEL9BQ?feature=oembed&enablejsapi=1"" frameborder=""0"" allow=""accelerometer; autoplay; clipboard-write; encrypted-media; gyroscope; picture-in-picture; web-share"" referrerpolicy=""strict-origin-when-cross-origin"" allowfullscreen title=""AUC3I - Daily Briefing  09-05-2025  On the WAR in Ukraine""></iframe>', 'type': 'video', 'title': 'AUC3I - Daily Briefing  09-05-2025  On the WAR in Ukraine', 'width': 356, 'height': 200, 'version': '1.0', 'author_url': 'https://www.youtube.com/@CobraCommans', 'author_name': 'AUC3I - Daily Briefing ', 'provider_url': 'https://www.youtube.com/', 'provider_name': 'YouTube', 'thumbnail_url': 'https://i.ytimg.com/vi/I5y3YCEL9BQ/hqdefault.jpg', 'thumbnail_width': 480, 'thumbnail_height': 360}}",1,AUC3I - Daily Briefing  09-05-2025  On the WAR in Ukraine,AUC3I_SEC525,False,False,False,"{'images': [{'id': 'XMTgoPTKKWK2R8a6FVTQI5b7urPb2n7pyEZTwfNvgiY', 'source': {'url': 'https://external-preview.redd.it/XMTgoPTKKWK2R8a6FVTQI5b7urPb2n7pyEZTwfNvgiY.jpeg?auto=webp&s=91dcc68deff910c12dd615f7e2f56deb99193ce0', 'width': 480, 'height': 360}, 'variants': {}, 'resolutions': [{'url': 'https://external-preview.redd.it/XMTgoPTKKWK2R8a6FVTQI5b7urPb2n7pyEZTwfNvgiY.jpeg?width=108&crop=smart&auto=webp&s=75e1517b3472a217f168337c0da224c9a464e1d6', 'width': 108, 'height': 81}, {'url': 'https://external-preview.redd.it/XMTgoPTKKWK2R8a6FVTQI5b7urPb2n7pyEZTwfNvgiY.jpeg?width=216&crop=smart&auto=webp&s=9ba9a941ccfe16e30650eac89754f5016fab073f', 'width': 216, 'height': 162}, {'url': 'https://external-preview.redd.it/XMTgoPTKKWK2R8a6FVTQI5b7urPb2n7pyEZTwfNvgiY.jpeg?width=320&crop=smart&auto=webp&s=d66a384dcdff2c3f75c407bcbf3ecf97bc725948', 'width': 320, 'height': 240}]}], 'enabled': False}",False,"Understanding The War In Europe \_ Analyzing the situation on the ground with by way of an introduction, 3 points, and a conclusion #militaryanalysis #militaryoperations #blackops 



Combat Briefing Number 1289



""From:"" Colonel A.C. Oguntoye, Infantry Officer

""Subject:"" Operational Progress Report – August 30 to September 5, 2025

""Classification:"" Strategic Briefing / Analyst Summary

 

\### Situation Overview



Between August 30 and September 5, Russian forces executed ""four major precision strike group operations"" using long-range air-, sea-based systems, and UAVs. Key targets included ""Ukraine’s military-industrial complex, fuel, transport, and port infrastructure"", as well as military airfields, UAV production facilities, arsenals, and temporary deployment points of Ukrainian formations, foreign mercenaries, and nationalist units. Critical systems destroyed included a ""HIMARS launch unit"" and a ""U.S.-made Patriot missile launch unit"". Air defense units remained highly active, shooting down ""12 guided aerial bombs, 13 HIMARS projectiles, and 1,513 UAVs"". Six high-speed unmanned boats were also neutralized in the northwestern Black Sea.

 

\### Ground Operations



"" ""North Group (Sumy & Kharkiv):"" Advanced positions and inflicted heavy losses on tank, mechanized, airborne, assault, and territorial brigades. Ukrainian losses exceeded ""1,170 personnel"", three tanks, 11 armored vehicles, and 20 artillery pieces. ""Thirteen EW/counter-battery stations"" and ""49 depots"" were destroyed.



"" ""West Group (Kharkiv, Luhansk, Donetsk):"" Secured stronger lines, defeating mechanized, airmobile, airborne assault, and territorial brigades. Ukraine lost ""1,680 personnel"", two tanks, 33 armored vehicles (13 NATO-supplied), and 23 artillery guns. ""53 EW/counter-battery systems"" and ""31 depots"" were neutralized.



"" ""South Group (Donetsk):"" Liberated ""Fedorovka and Markovo"", striking mechanized, airmobile, mountain assault, marine, territorial, and National Guard formations. Ukrainian casualties totaled ""1,460 personnel"", 13 armored vehicles, and 19 artillery pieces. ""Nine EW stations"" and ""23 depots"" were destroyed.



"" ""Center Group (Donetsk):"" Continued deep advances against mechanized, airborne, assault, marine, and National Guard brigades. Reported Ukrainian losses were ""up to 2,970 personnel"", four tanks, 27 armored vehicles, and 17 artillery guns.



"" ""East Group (Donetsk, Zaporizhzhia, Dnipropetrovsk):"" Captured ""Kamyshevakha, Novoselivka"", and declared the ""complete liberation of Donetsk territory"" in their sector. Ukrainian losses: ""1,590 personnel"", a tank, five armored vehicles, 12 artillery systems, and 70 cars.



"" ""Dnepr Group (Zaporizhzhia & Kherson):"" Engaged mechanized, mountain assault, coastal defense, and territorial brigades. Losses inflicted: ""450 personnel"", armored vehicles, artillery, and 70 cars. ""33 EW/counter-battery stations"" and ""24 depots"" were destroyed.

  

\### Operational Analysis & Implications



1. ""Strategic Strikes:"" The destruction of HIMARS and Patriot units demonstrates Russia’s ability to neutralize advanced Western-supplied systems, undermining Ukraine’s strike reach and layered air defense credibility.



2. ""Attritional Pressure:"" Ukrainian weekly losses across all fronts exceeded ""9,300 personnel"", along with tanks, artillery, and vehicles. This reflects continued implementation of a ""systematic depletion strategy"" designed to exhaust reserves.



3. ""EW & Radar Suppression:"" Across multiple axes, over ""110 EW/counter-battery stations"" were destroyed, severely degrading Ukraine’s situational awareness, artillery coordination, and defensive cohesion.



4. ""Territorial Consolidation:"" The liberation of Fedorovka, Markovo, Kamyshevakha, and Novoselivka, coupled with the declaration of full control over Donetsk, strengthens Russian depth and secures staging grounds for further operations westward.



5. ""Air & Maritime Denial:"" With more than ""1,500 UAVs and multiple HIMARS projectiles intercepted in one week"", Russia reinforced its layered defense dominance, constraining Ukraine’s ability to conduct effective reconnaissance-strike operations.

 

\### Strategic Outlook



The August 30–September 5 reporting period highlights a ""dual-track operational design"": attrition through sustained manpower and equipment losses, and interdiction through systemic strikes on Ukraine’s logistics, industry, and advanced systems. The completion of Donetsk’s liberation, coupled with deep strikes against industrial nodes, indicates a consolidation of the current battlespace and preparation for westward expansion into Zaporizhzhia and Dnipropetrovsk. Ukraine faces mounting difficulty in sustaining coherent defenses under simultaneous ""personnel depletion, logistical denial, and technological attrition"".

 

\#MilitaryAnalysis #UkraineConflict #CombatBriefing #OperationalUpdate #Donetsk #Zaporizhzhia #Kherson #Sumy #Kharkiv #StrategicDoctrine #bf6",False,/r/auc3i/comments/1n94crp/auc3i_daily_briefing_09052025_on_the_war_in/,auc3i,1757076478.0,0,1.0,
1n94c80,https://youtube.com/watch?v=I5y3YCEL9BQ&si=m9Uk8YEofmNboj1T,"{'type': 'youtube.com', 'oembed': {'html': '<iframe width=""356"" height=""200"" src=""https://www.youtube.com/embed/I5y3YCEL9BQ?feature=oembed&enablejsapi=1"" frameborder=""0"" allow=""accelerometer; autoplay; clipboard-write; encrypted-media; gyroscope; picture-in-picture; web-share"" referrerpolicy=""strict-origin-when-cross-origin"" allowfullscreen title=""AUC3I - Daily Briefing  09-05-2025  On the WAR in Ukraine""></iframe>', 'type': 'video', 'title': 'AUC3I - Daily Briefing  09-05-2025  On the WAR in Ukraine', 'width': 356, 'height': 200, 'version': '1.0', 'author_url': 'https://www.youtube.com/@CobraCommans', 'author_name': 'AUC3I - Daily Briefing ', 'provider_url': 'https://www.youtube.com/', 'provider_name': 'YouTube', 'thumbnail_url': 'https://i.ytimg.com/vi/I5y3YCEL9BQ/hqdefault.jpg', 'thumbnail_width': 480, 'thumbnail_height': 360}}",1,AUC3I - Daily Briefing  09-05-2025  On the WAR in Ukraine,AUC3I_SEC525,False,False,False,"{'images': [{'id': 'XMTgoPTKKWK2R8a6FVTQI5b7urPb2n7pyEZTwfNvgiY', 'source': {'url': 'https://external-preview.redd.it/XMTgoPTKKWK2R8a6FVTQI5b7urPb2n7pyEZTwfNvgiY.jpeg?auto=webp&s=91dcc68deff910c12dd615f7e2f56deb99193ce0', 'width': 480, 'height': 360}, 'variants': {}, 'resolutions': [{'url': 'https://external-preview.redd.it/XMTgoPTKKWK2R8a6FVTQI5b7urPb2n7pyEZTwfNvgiY.jpeg?width=108&crop=smart&auto=webp&s=75e1517b3472a217f168337c0da224c9a464e1d6', 'width': 108, 'height': 81}, {'url': 'https://external-preview.redd.it/XMTgoPTKKWK2R8a6FVTQI5b7urPb2n7pyEZTwfNvgiY.jpeg?width=216&crop=smart&auto=webp&s=9ba9a941ccfe16e30650eac89754f5016fab073f', 'width': 216, 'height': 162}, {'url': 'https://external-preview.redd.it/XMTgoPTKKWK2R8a6FVTQI5b7urPb2n7pyEZTwfNvgiY.jpeg?width=320&crop=smart&auto=webp&s=d66a384dcdff2c3f75c407bcbf3ecf97bc725948', 'width': 320, 'height': 240}]}], 'enabled': False}",False,"Understanding The War In Europe \_ Analyzing the situation on the ground with by way of an introduction, 3 points, and a conclusion #militaryanalysis #militaryoperations #blackops 



Combat Briefing Number 1289



""From:"" Colonel A.C. Oguntoye, Infantry Officer

""Subject:"" Operational Progress Report – August 30 to September 5, 2025

""Classification:"" Strategic Briefing / Analyst Summary

 

\### Situation Overview



Between August 30 and September 5, Russian forces executed ""four major precision strike group operations"" using long-range air-, sea-based systems, and UAVs. Key targets included ""Ukraine’s military-industrial complex, fuel, transport, and port infrastructure"", as well as military airfields, UAV production facilities, arsenals, and temporary deployment points of Ukrainian formations, foreign mercenaries, and nationalist units. Critical systems destroyed included a ""HIMARS launch unit"" and a ""U.S.-made Patriot missile launch unit"". Air defense units remained highly active, shooting down ""12 guided aerial bombs, 13 HIMARS projectiles, and 1,513 UAVs"". Six high-speed unmanned boats were also neutralized in the northwestern Black Sea.

 

\### Ground Operations



"" ""North Group (Sumy & Kharkiv):"" Advanced positions and inflicted heavy losses on tank, mechanized, airborne, assault, and territorial brigades. Ukrainian losses exceeded ""1,170 personnel"", three tanks, 11 armored vehicles, and 20 artillery pieces. ""Thirteen EW/counter-battery stations"" and ""49 depots"" were destroyed.



"" ""West Group (Kharkiv, Luhansk, Donetsk):"" Secured stronger lines, defeating mechanized, airmobile, airborne assault, and territorial brigades. Ukraine lost ""1,680 personnel"", two tanks, 33 armored vehicles (13 NATO-supplied), and 23 artillery guns. ""53 EW/counter-battery systems"" and ""31 depots"" were neutralized.



"" ""South Group (Donetsk):"" Liberated ""Fedorovka and Markovo"", striking mechanized, airmobile, mountain assault, marine, territorial, and National Guard formations. Ukrainian casualties totaled ""1,460 personnel"", 13 armored vehicles, and 19 artillery pieces. ""Nine EW stations"" and ""23 depots"" were destroyed.



"" ""Center Group (Donetsk):"" Continued deep advances against mechanized, airborne, assault, marine, and National Guard brigades. Reported Ukrainian losses were ""up to 2,970 personnel"", four tanks, 27 armored vehicles, and 17 artillery guns.



"" ""East Group (Donetsk, Zaporizhzhia, Dnipropetrovsk):"" Captured ""Kamyshevakha, Novoselivka"", and declared the ""complete liberation of Donetsk territory"" in their sector. Ukrainian losses: ""1,590 personnel"", a tank, five armored vehicles, 12 artillery systems, and 70 cars.



"" ""Dnepr Group (Zaporizhzhia & Kherson):"" Engaged mechanized, mountain assault, coastal defense, and territorial brigades. Losses inflicted: ""450 personnel"", armored vehicles, artillery, and 70 cars. ""33 EW/counter-battery stations"" and ""24 depots"" were destroyed.

  

\### Operational Analysis & Implications



1. ""Strategic Strikes:"" The destruction of HIMARS and Patriot units demonstrates Russia’s ability to neutralize advanced Western-supplied systems, undermining Ukraine’s strike reach and layered air defense credibility.



2. ""Attritional Pressure:"" Ukrainian weekly losses across all fronts exceeded ""9,300 personnel"", along with tanks, artillery, and vehicles. This reflects continued implementation of a ""systematic depletion strategy"" designed to exhaust reserves.



3. ""EW & Radar Suppression:"" Across multiple axes, over ""110 EW/counter-battery stations"" were destroyed, severely degrading Ukraine’s situational awareness, artillery coordination, and defensive cohesion.



4. ""Territorial Consolidation:"" The liberation of Fedorovka, Markovo, Kamyshevakha, and Novoselivka, coupled with the declaration of full control over Donetsk, strengthens Russian depth and secures staging grounds for further operations westward.



5. ""Air & Maritime Denial:"" With more than ""1,500 UAVs and multiple HIMARS projectiles intercepted in one week"", Russia reinforced its layered defense dominance, constraining Ukraine’s ability to conduct effective reconnaissance-strike operations.

 

\### Strategic Outlook



The August 30–September 5 reporting period highlights a ""dual-track operational design"": attrition through sustained manpower and equipment losses, and interdiction through systemic strikes on Ukraine’s logistics, industry, and advanced systems. The completion of Donetsk’s liberation, coupled with deep strikes against industrial nodes, indicates a consolidation of the current battlespace and preparation for westward expansion into Zaporizhzhia and Dnipropetrovsk. Ukraine faces mounting difficulty in sustaining coherent defenses under simultaneous ""personnel depletion, logistical denial, and technological attrition"".

 

\#MilitaryAnalysis #UkraineConflict #CombatBriefing #OperationalUpdate #Donetsk #Zaporizhzhia #Kherson #Sumy #Kharkiv #StrategicDoctrine #bf6",False,/r/u_AUC3I_SEC525/comments/1n94c80/auc3i_daily_briefing_09052025_on_the_war_in/,u_AUC3I_SEC525,1757076438.0,0,1.0,
1n93sxs,https://www.reddit.com/r/GamingLaptops/comments/1n93sxs/asus_rog_zephyrus_vs_lenovo_loq_build_quality/,,3,Asus Rog Zephyrus vs Lenovo Loq build quality?,Downloading_Bungee,False,True,False,,False,"I have an older rog Zephyrus thats ive been looking to upgrade for more modern games (the finals, bf6, heavily modded fallout ect) and the loq laptops are quite affordable. Wondering how the build quality is compared to the Rogs? I just dont want something that is overly ""gamery"".",False,/r/GamingLaptops/comments/1n93sxs/asus_rog_zephyrus_vs_lenovo_loq_build_quality/,GamingLaptops,1757074998.0,8,0.81,Recommendation
