id,url,media,score,title,author,edited,is_self,over_18,preview,spoiler,selftext,stickied,permalink,subreddit,created_utc,num_comments,upvote_ratio,link_flair_text
1ndznui,https://i.redd.it/p20bmqj1sgof1.jpeg,,4,Battlefield 6 Phantom Project & Assignments,Delicious_Act_3179,False,False,False,"{'images': [{'id': 'XeMmx6D2q4KKb5Hl-UxMFMABBu6Zy4rihWxSJlccXnI', 'source': {'url': 'https://preview.redd.it/p20bmqj1sgof1.jpeg?auto=webp&s=d91fed73a6285375bc55f2772d9cbfb577032563', 'width': 2316, 'height': 1080}, 'variants': {}, 'resolutions': [{'url': 'https://preview.redd.it/p20bmqj1sgof1.jpeg?width=108&crop=smart&auto=webp&s=7b2bf9e7e18d863564add30bd4773e4ed2abf2ae', 'width': 108, 'height': 50}, {'url': 'https://preview.redd.it/p20bmqj1sgof1.jpeg?width=216&crop=smart&auto=webp&s=c79d8222c544cf32f6c11f19f16c671e3a0b37ad', 'width': 216, 'height': 100}, {'url': 'https://preview.redd.it/p20bmqj1sgof1.jpeg?width=320&crop=smart&auto=webp&s=fb637c4b6c541a724fc7114731b2d93705cf2506', 'width': 320, 'height': 149}, {'url': 'https://preview.redd.it/p20bmqj1sgof1.jpeg?width=640&crop=smart&auto=webp&s=f264d540b0ed945f3c4dc519573a7fa485ad866e', 'width': 640, 'height': 298}, {'url': 'https://preview.redd.it/p20bmqj1sgof1.jpeg?width=960&crop=smart&auto=webp&s=2f22b75ace7c92429a00409b8196d5bd2f54d0c2', 'width': 960, 'height': 447}, {'url': 'https://preview.redd.it/p20bmqj1sgof1.jpeg?width=1080&crop=smart&auto=webp&s=6e356ac018c1780c7ea77c0b4e091c5fdfab4e23', 'width': 1080, 'height': 503}]}], 'enabled': True}",False,"Phantom Project and assignments being added to Battlefield 6. Assignments would allow these ""cod players"" something to do and strive towards completing along with the camos said to be coming. The Phantom Project Assignments and easter eggs would also be a great addition, it was one of the best times in bf4 completing them aswell it gave you something to look forward to that was unique. Bf2024 semi including the Phantom Project just not to the scale bf4 had, and I think it would be a great addition to bf6 for returning players and new players to achieve.",False,/r/Battlefield/comments/1ndznui/battlefield_6_phantom_project_assignments/,Battlefield,1757565315.0,0,1.0,Battlefield 6
1ndz3u7,https://www.reddit.com/r/Battlefield/comments/1ndz3u7/battle_pass_skins/,,2,Battle Pass Skins,Zesrii,False,True,False,,False,"Not that I care all that much but I'm curious. Will the Road to BF6 skins be purchasable separately once BF6 is out? What do you guys think? I presume not immediately but realistically, how long till DICE decides to sell those separate?",False,/r/Battlefield/comments/1ndz3u7/battle_pass_skins/,Battlefield,1757563438.0,1,1.0,Battlefield 6
1ndyvtx,https://youtube.com/shorts/AzVgCgii684?si=2jtWM3xhnVIGjBJR,"{'type': 'youtube.com', 'oembed': {'html': '<iframe width=""113"" height=""200"" src=""https://www.youtube.com/embed/AzVgCgii684?feature=oembed&enablejsapi=1"" frameborder=""0"" allow=""accelerometer; autoplay; clipboard-write; encrypted-media; gyroscope; picture-in-picture; web-share"" referrerpolicy=""strict-origin-when-cross-origin"" allowfullscreen title=""BF5+No Hud=Absolute Cinema😭#battlefield#gamer#gaming#fps #fpsgames#pcgaming#fpsgaming#gamers#games""></iframe>', 'type': 'video', 'title': 'BF5+No Hud=Absolute Cinema😭#battlefield#gamer#gaming#fps #fpsgames#pcgaming#fpsgaming#gamers#games', 'width': 113, 'height': 200, 'version': '1.0', 'author_url': 'https://www.youtube.com/@SolelyEMD', 'author_name': 'EMD', 'provider_url': 'https://www.youtube.com/', 'provider_name': 'YouTube', 'thumbnail_url': 'https://i.ytimg.com/vi/AzVgCgii684/hq2.jpg', 'thumbnail_width': 480, 'thumbnail_height': 360}}",2,I hope BF6 will as cinematic as BF1/BF5 ❤️,Cute-Arugula5375,False,False,False,"{'images': [{'id': 'd8x46ry0cwUQzEcxrnzgS-hZjsiohcT3h2Oz1GdBNR8', 'source': {'url': 'https://external-preview.redd.it/d8x46ry0cwUQzEcxrnzgS-hZjsiohcT3h2Oz1GdBNR8.jpeg?auto=webp&s=f428da539ba84a80f608508c8bae1bb8c8f34a99', 'width': 480, 'height': 360}, 'variants': {}, 'resolutions': [{'url': 'https://external-preview.redd.it/d8x46ry0cwUQzEcxrnzgS-hZjsiohcT3h2Oz1GdBNR8.jpeg?width=108&crop=smart&auto=webp&s=bbb0f2660b891d1e11e3f59e2fbad9ebe41a3ed3', 'width': 108, 'height': 81}, {'url': 'https://external-preview.redd.it/d8x46ry0cwUQzEcxrnzgS-hZjsiohcT3h2Oz1GdBNR8.jpeg?width=216&crop=smart&auto=webp&s=cb9d11ed9358709f4be136f29d5d32e340d777be', 'width': 216, 'height': 162}, {'url': 'https://external-preview.redd.it/d8x46ry0cwUQzEcxrnzgS-hZjsiohcT3h2Oz1GdBNR8.jpeg?width=320&crop=smart&auto=webp&s=ff0c3f6b81dee59854b382c33c9ad9a8dc626842', 'width': 320, 'height': 240}]}], 'enabled': False}",False,,False,/r/Battlefield/comments/1ndyvtx/i_hope_bf6_will_as_cinematic_as_bf1bf5/,Battlefield,1757562723.0,0,0.75,Battlefield V
1ndybj6,https://youtu.be/TQFC6HHCwIU?si=r1tbhcqteitnJwwP,"{'type': 'youtube.com', 'oembed': {'html': '<iframe width=""356"" height=""200"" src=""https://www.youtube.com/embed/TQFC6HHCwIU?feature=oembed&enablejsapi=1"" frameborder=""0"" allow=""accelerometer; autoplay; clipboard-write; encrypted-media; gyroscope; picture-in-picture; web-share"" referrerpolicy=""strict-origin-when-cross-origin"" allowfullscreen title=""BF6 Beta Hype #battlefield6 #bf6""></iframe>', 'type': 'video', 'title': 'BF6 Beta Hype #battlefield6 #bf6', 'width': 356, 'height': 200, 'version': '1.0', 'author_url': 'https://www.youtube.com/@pizpagaming2821', 'author_name': 'Pizpa Gaming', 'provider_url': 'https://www.youtube.com/', 'provider_name': 'YouTube', 'thumbnail_url': 'https://i.ytimg.com/vi/TQFC6HHCwIU/hqdefault.jpg', 'thumbnail_width': 480, 'thumbnail_height': 360}}",2,BF6 Beta Hype #battlefield6 #bf6,pizpa-,False,False,False,"{'images': [{'id': 'o06RJqlvMN4DKeId4JvacnM3Pq1rYpCjnh5e1AAy5hA', 'source': {'url': 'https://external-preview.redd.it/o06RJqlvMN4DKeId4JvacnM3Pq1rYpCjnh5e1AAy5hA.jpeg?auto=webp&s=5f7b1e8051e20a5d2a9c022aa6362f950f241bf4', 'width': 480, 'height': 360}, 'variants': {}, 'resolutions': [{'url': 'https://external-preview.redd.it/o06RJqlvMN4DKeId4JvacnM3Pq1rYpCjnh5e1AAy5hA.jpeg?width=108&crop=smart&auto=webp&s=f79d9fd50b7516e2f8bf963e2c9a75452243b1ba', 'width': 108, 'height': 81}, {'url': 'https://external-preview.redd.it/o06RJqlvMN4DKeId4JvacnM3Pq1rYpCjnh5e1AAy5hA.jpeg?width=216&crop=smart&auto=webp&s=aa076fad59cffade415f62c13015a390c4c4e24f', 'width': 216, 'height': 162}, {'url': 'https://external-preview.redd.it/o06RJqlvMN4DKeId4JvacnM3Pq1rYpCjnh5e1AAy5hA.jpeg?width=320&crop=smart&auto=webp&s=8f1457edac87c14e7161c613edf0dcd92b86f819', 'width': 320, 'height': 240}]}], 'enabled': False}",False,"Had lots of fun making this video, the beta was amazing and can't wait for more ! ",False,/r/Battlefield6/comments/1ndybj6/bf6_beta_hype_battlefield6_bf6/,Battlefield6,1757560918.0,0,1.0,Video
1ndya9k,https://youtu.be/TQFC6HHCwIU?si=r1tbhcqteitnJwwP,"{'type': 'youtube.com', 'oembed': {'html': '<iframe width=""356"" height=""200"" src=""https://www.youtube.com/embed/TQFC6HHCwIU?feature=oembed&enablejsapi=1"" frameborder=""0"" allow=""accelerometer; autoplay; clipboard-write; encrypted-media; gyroscope; picture-in-picture; web-share"" referrerpolicy=""strict-origin-when-cross-origin"" allowfullscreen title=""BF6 Beta Hype #battlefield6 #bf6""></iframe>', 'type': 'video', 'title': 'BF6 Beta Hype #battlefield6 #bf6', 'width': 356, 'height': 200, 'version': '1.0', 'author_url': 'https://www.youtube.com/@pizpagaming2821', 'author_name': 'Pizpa Gaming', 'provider_url': 'https://www.youtube.com/', 'provider_name': 'YouTube', 'thumbnail_url': 'https://i.ytimg.com/vi/TQFC6HHCwIU/hqdefault.jpg', 'thumbnail_width': 480, 'thumbnail_height': 360}}",3,BF6 Beta Hype #battlefield6 #bf6,pizpa-,False,False,False,"{'images': [{'id': 'o06RJqlvMN4DKeId4JvacnM3Pq1rYpCjnh5e1AAy5hA', 'source': {'url': 'https://external-preview.redd.it/o06RJqlvMN4DKeId4JvacnM3Pq1rYpCjnh5e1AAy5hA.jpeg?auto=webp&s=5f7b1e8051e20a5d2a9c022aa6362f950f241bf4', 'width': 480, 'height': 360}, 'variants': {}, 'resolutions': [{'url': 'https://external-preview.redd.it/o06RJqlvMN4DKeId4JvacnM3Pq1rYpCjnh5e1AAy5hA.jpeg?width=108&crop=smart&auto=webp&s=f79d9fd50b7516e2f8bf963e2c9a75452243b1ba', 'width': 108, 'height': 81}, {'url': 'https://external-preview.redd.it/o06RJqlvMN4DKeId4JvacnM3Pq1rYpCjnh5e1AAy5hA.jpeg?width=216&crop=smart&auto=webp&s=aa076fad59cffade415f62c13015a390c4c4e24f', 'width': 216, 'height': 162}, {'url': 'https://external-preview.redd.it/o06RJqlvMN4DKeId4JvacnM3Pq1rYpCjnh5e1AAy5hA.jpeg?width=320&crop=smart&auto=webp&s=8f1457edac87c14e7161c613edf0dcd92b86f819', 'width': 320, 'height': 240}]}], 'enabled': False}",False,"I had lots of fun in the beta and can't wait for more so while we wait I made a video of those fun moments.

I hope you all like it :D",False,/r/Battlefield/comments/1ndya9k/bf6_beta_hype_battlefield6_bf6/,Battlefield,1757560810.0,0,1.0,Battlefield 6
1ndxt5e,https://v.redd.it/urppi5u6agof1,"{'reddit_video': {'width': 1920, 'height': 1080, 'is_gif': False, 'hls_url': 'https://v.redd.it/urppi5u6agof1/HLSPlaylist.m3u8?a=1760158802%2CNmY4ODY0NmI0NzdjNWI4MmE2NmJkODVmNDczNjliOTQ4MDhhYzE5YzBlYjQ2NGFjZWRiMjIzNDk2OGM0MTdmZQ%3D%3D&v=1&f=sd', 'dash_url': 'https://v.redd.it/urppi5u6agof1/DASHPlaylist.mpd?a=1760158802%2CMTMzOTRmMGJkMzFmNGFmZWY0ZDc2NjdiY2UxNjZlMGFkYmE5MDg3OTdkZmM0MjllZWJiMjc3YTBlZDMxMzkwMg%3D%3D&v=1&f=sd', 'duration': 73, 'has_audio': True, 'bitrate_kbps': 5000, 'fallback_url': 'https://v.redd.it/urppi5u6agof1/DASH_1080.mp4?source=fallback', 'scrubber_media_url': 'https://v.redd.it/urppi5u6agof1/DASH_96.mp4', 'transcoding_status': 'completed'}}",3,Through the smoke,Anchorbay1,False,False,False,"{'images': [{'id': 'enlvczRodzZhZ29mMZZlRNKlKS5dM6cSVqYXE3yam-CCmRKrpdaTNNjB_AP7', 'source': {'url': 'https://external-preview.redd.it/enlvczRodzZhZ29mMZZlRNKlKS5dM6cSVqYXE3yam-CCmRKrpdaTNNjB_AP7.png?format=pjpg&auto=webp&s=928c02c312f89b51e8e5514098acc3b06c77ffd1', 'width': 1080, 'height': 607}, 'variants': {}, 'resolutions': [{'url': 'https://external-preview.redd.it/enlvczRodzZhZ29mMZZlRNKlKS5dM6cSVqYXE3yam-CCmRKrpdaTNNjB_AP7.png?width=108&crop=smart&format=pjpg&auto=webp&s=60e28900a56e60918da7a776c3130bdbf2776132', 'width': 108, 'height': 60}, {'url': 'https://external-preview.redd.it/enlvczRodzZhZ29mMZZlRNKlKS5dM6cSVqYXE3yam-CCmRKrpdaTNNjB_AP7.png?width=216&crop=smart&format=pjpg&auto=webp&s=2303b56fcda16f5895700c6de4a6de896fe62f85', 'width': 216, 'height': 121}, {'url': 'https://external-preview.redd.it/enlvczRodzZhZ29mMZZlRNKlKS5dM6cSVqYXE3yam-CCmRKrpdaTNNjB_AP7.png?width=320&crop=smart&format=pjpg&auto=webp&s=4af7d16c21bbb4e2dbfebdad8738d3ed47f33b98', 'width': 320, 'height': 179}, {'url': 'https://external-preview.redd.it/enlvczRodzZhZ29mMZZlRNKlKS5dM6cSVqYXE3yam-CCmRKrpdaTNNjB_AP7.png?width=640&crop=smart&format=pjpg&auto=webp&s=83a02446c3bd26c5c5da7330821db1bccf876902', 'width': 640, 'height': 359}, {'url': 'https://external-preview.redd.it/enlvczRodzZhZ29mMZZlRNKlKS5dM6cSVqYXE3yam-CCmRKrpdaTNNjB_AP7.png?width=960&crop=smart&format=pjpg&auto=webp&s=e2fb290367fbff46e3b51cb579c7870651247722', 'width': 960, 'height': 539}, {'url': 'https://external-preview.redd.it/enlvczRodzZhZ29mMZZlRNKlKS5dM6cSVqYXE3yam-CCmRKrpdaTNNjB_AP7.png?width=1080&crop=smart&format=pjpg&auto=webp&s=3028d05ff9d86ba89feffd08f20491f387cd80dd', 'width': 1080, 'height': 607}]}], 'enabled': False}",False,"In the general chaos, have those  moment sounds like a battle cry and that music as an incentive to advance on assault. Then i had moment when through the smoke I see the flash of a weapon and manage to hit it and the next moment I'm killed until someone revives me and continues the attack in the group. The second part of the story is that I play on PS5, which sadly means paying for multiplayer which I only took because of BF1 and BF6 and I unfortunately only played for one month (except for the campaign which I played the whole thing before). But as in the game I hope I'll see the flash and patch the financial side and revive the multiplayer because I already feel missing of this crazy game",False,/r/battlefield_one/comments/1ndxt5e/through_the_smoke/,battlefield_one,1757559329.0,0,1.0,
1ndxliu,https://www.reddit.com/gallery/1ndxliu,,0,spiderman - rdr2,Betterdontknow3113,False,False,False,,False,"1050ti ve i3 10105F ile RDR2 yi 45-50 fps arası oynuyorum. (fsr2 açık - kalite)

Spidermani ise şehir içinde 60-50, yüksek yerlerde 40-45 bazen 50 oynuyorum.
(upscale method kapalı dynamic resoulatiın fullde) (bazen 35lere düşyüo nadiren drop giriyor)

sizce iyi mi? böyle bi sistemle gayet iyi bence. 

ama asıl sormak istediğim bu tarz oyunları, özellikle bf6 çok istiyorum oynamayı. nasıl bir sistem önerebilirsiniz?

(2 oyunuda ilk kez oynuyorum :')",False,/r/vlandiya/comments/1ndxliu/spiderman_rdr2/,vlandiya,1757558678.0,1,0.5,Öylesine attım 🤷
1ndxk72,https://i.redd.it/yc7fhhiz7gof1.jpeg,,0,"Has anyone dealt with serious, lingering hand pain/issues with the PS5 controller?",ChiliDogSlut,False,False,False,"{'images': [{'id': 'p29V3JiKVlc_itFlil3pj-knZl7M3uqkBz06CRQvyGk', 'source': {'url': 'https://preview.redd.it/yc7fhhiz7gof1.jpeg?auto=webp&s=5f381facf6cec6aca7c7327c8b54a0d9bedbf218', 'width': 1576, 'height': 2100}, 'variants': {}, 'resolutions': [{'url': 'https://preview.redd.it/yc7fhhiz7gof1.jpeg?width=108&crop=smart&auto=webp&s=6fcf74566a77534492fcb1010b9e0c8c4b514eb1', 'width': 108, 'height': 143}, {'url': 'https://preview.redd.it/yc7fhhiz7gof1.jpeg?width=216&crop=smart&auto=webp&s=c6fbf5e9f840cd6b3e73a967cd16f1e7e251d301', 'width': 216, 'height': 287}, {'url': 'https://preview.redd.it/yc7fhhiz7gof1.jpeg?width=320&crop=smart&auto=webp&s=68285fb9a6b230235970224c9129b3155e807865', 'width': 320, 'height': 426}, {'url': 'https://preview.redd.it/yc7fhhiz7gof1.jpeg?width=640&crop=smart&auto=webp&s=cab149015ca247e0d7856ef7776fff559046f3f0', 'width': 640, 'height': 852}, {'url': 'https://preview.redd.it/yc7fhhiz7gof1.jpeg?width=960&crop=smart&auto=webp&s=88477a784a7eda17c7cffe39447f78b6b53dfeaf', 'width': 960, 'height': 1279}, {'url': 'https://preview.redd.it/yc7fhhiz7gof1.jpeg?width=1080&crop=smart&auto=webp&s=3a07faf1dada16ee15746807b7910e31efdaaa66', 'width': 1080, 'height': 1439}]}], 'enabled': True}",False,"Curious if anyone has dealt with significant lingering pain in this part of the hand, and if it healed on its own or not. 

New to the PS5 and after a weekend of playing the BF6 beta August 17th, my thumb knuckle and part of wrist have been super sore since. Like a tendon or something. It’s less painful now than it was, but man, what has this controller gotten me into? I’ve never experienced anything like this before and really hoped it would have healed by now. The jump from PS4 to 5 may have been a mistake for me. I’ve put in hundreds of hours into BF series, and this is definitely a first. 😞",False,/r/playstation/comments/1ndxk72/has_anyone_dealt_with_serious_lingering_hand/,playstation,1757558569.0,35,0.41,:POST_Discussion: Discussion
1ndwcbp,https://www.reddit.com/r/Battlefield/comments/1ndwcbp/battlefield_battle_royale_needs_to_be_its_own/,,0,"""Battlefield Battle Royale"" needs to be it's own SEPARATE thing! Here's why...",II_JangoFett_II,False,True,False,,False,"Even though it is launching with Battlefield 6, it is *rumored* (all but confirmed) to be free-to-play. 
This is the same situation that Warzone was in with Modern Warfare, Fortnite with Save the World, as well as Halo Infinite with it's Multiplayer.
— You didn't need to own MW2019 to play Warzone, and unlock content (even though it was alot harder for some unlocks).
— You didn't need to purchase Halo Infinite to play the Multiplayer.
— Fortnite speaks for itself, but didn't you know it used to have to be purchased?

With the Announcement of Black Ops Cold War, Call of Duty and Warzone set a precedent for carrying content forward in Warzone, but not in the base games (until MWII and MWIII).
— This was awesome, as it felt as their take on the Fortnite formula, where no matter what season it was, or game we were playing, 
our: skins, guns, characters, etc. always being there. 
That lasted 2 games.

If Battlefield Battle Royale continues past BF6, they should carry forward all of our content, skins, etc from game-to-game, and just build a huge Battle Royale Sandbox.
— Follow the trend of ""beating Call of Duty at their own game"" and actually stick with carrying content forward, and building up our sandbox, instead of giving up after 2 games.

Imagine 5 years from now.
We have Battlefield games annually now (leaked by a head at EA)
— All the items you have earned from BF6 and BF7 as well as the preorder items and Battlepass items, guns, cosmetics, etc, all are still there in the Battle Royale, and have amassed a great arsenal of weapons and vehicles, operators and skins.
— You then get the announcement that Battlefield will carry forward all content for the foreseeable future, to pair with the annual releases, and you then give Battlefield yet another *W* over CoD.

What do you think? I know alot of you aren't that thrilled by a Battle Royale, but if it succeeds, it will make the Battlefield IP skyrocket, which is something it needs right now (even if BF6 is everything we are hoping for).

Thanks for reading, and thanks for your time!",False,/r/Battlefield/comments/1ndwcbp/battlefield_battle_royale_needs_to_be_its_own/,Battlefield,1757554878.0,6,0.36,Discussion
1ndvst4,https://www.reddit.com/r/Battlefield/comments/1ndvst4/loadouts_will_be_in_battle_royale_sigh/,,115,"Loadouts will be in Battle Royale, sigh",dasoxarechamps2005,False,True,False,,False,"From DICE’s community note about battle royale:

“There are 5 tiers of weapons to loot along with attachments, throwables, gadgets, strike packages, armor, upgrade kits, and custom drops of favorited weapons.”

I don’t know about anyone else but this is disappointing. Warzone got incredibly stale over the years as every single game became a race for your (meta) loadout drop. I was hoping BF6’s BR wouldn’t go down this path where everyone is using a gun/attachment setup their favorite streamers told them to use. “Using what you find” is what makes BR rounds unique.",False,/r/Battlefield/comments/1ndvst4/loadouts_will_be_in_battle_royale_sigh/,Battlefield,1757553288.0,82,0.78,Battlefield 6
1ndvndt,https://www.reddit.com/r/buildapc/comments/1ndvndt/low_budget_and_upgrade_for_short_term_upgrade_a/,,1,Low budget and upgrade for short term. Upgrade a i5 9600k to a i9 9900k is worth ?,Due-Award-9613,1757553395.0,True,False,,False,"Hello, I have a PC with an i5 9600k processor, an RTX 3070 Ti, and a 600-watt power supply. Being a fan of the Battlefield series and wanting to play Battlefield 6, I was able to test the game during the open beta and the performance was problematic even with everything set to low. The game is CPU intensive, and here the bottleneck of my processor is really causing a problem.

I would therefore like to get a more powerful processor so I can run the game properly when it releases. However, I only have a small budget. On top of that, I plan to completely change my PC in 1-2 years. My goal here is just to get a better processor that will not bottleneck my RTX 3070 TI and for BF6 especially for the next 1-2 years maximum.

I have the option to get an i9 9900k for 200 euros. Will the performance difference, especially in BF6, be noticeable?

Many people on forums suggest instead going for an i5 12600k with a motherboard for the same price to get better performance, but the problem is that I only have a 600-watt power supply, and it is recommended to have 650w/700w for that setup. SO the total price will be 100 euros more expensive.

Is the performance difference between an i9 9900k and an i5 12600k really that big for a CPU-demanding game? Is 100 euros more worth it ?

Thanks for your opinions and advice.",False,/r/buildapc/comments/1ndvndt/low_budget_and_upgrade_for_short_term_upgrade_a/,buildapc,1757552848.0,7,0.66,Build Help
1ndv8sw,https://v.redd.it/i8gwc7qenfof1,"{'reddit_video': {'width': 1280, 'height': 720, 'is_gif': False, 'hls_url': 'https://v.redd.it/i8gwc7qenfof1/HLSPlaylist.m3u8?a=1760158802%2CNDM3MTZjODhmZGExNTIxNjY4NDFhNDNlMWEzMDU2Y2JmOWFiNmRjNjlkNTY1YWRmZWEzZWUzY2MwZjFkYjc0Mg%3D%3D&v=1&f=sd', 'dash_url': 'https://v.redd.it/i8gwc7qenfof1/DASHPlaylist.mpd?a=1760158802%2CMzE3MmQzYWM2ZWY1OTRhZGJmYjQxOGU0YzNlNDZiMmNmZmFjYmRiMDI1MTZkMTU0ZDUzMTg5NDE0Y2I2OTU4MQ%3D%3D&v=1&f=sd', 'duration': 164, 'has_audio': True, 'bitrate_kbps': 2400, 'fallback_url': 'https://v.redd.it/i8gwc7qenfof1/DASH_720.mp4?source=fallback', 'scrubber_media_url': 'https://v.redd.it/i8gwc7qenfof1/DASH_96.mp4', 'transcoding_status': 'completed'}}",1,BF6 Tüm skinler,Flat_Log_5667,False,False,False,"{'images': [{'id': 'Mmx4cHUwcmVuZm9mMXsJQDG5mce6dwZJNdE1X-TChTRxAwse70pyz0x7ghq9', 'source': {'url': 'https://external-preview.redd.it/Mmx4cHUwcmVuZm9mMXsJQDG5mce6dwZJNdE1X-TChTRxAwse70pyz0x7ghq9.png?format=pjpg&auto=webp&s=c2a40d80d4c65fb0cd9107daf41e13a80759fb25', 'width': 1080, 'height': 607}, 'variants': {}, 'resolutions': [{'url': 'https://external-preview.redd.it/Mmx4cHUwcmVuZm9mMXsJQDG5mce6dwZJNdE1X-TChTRxAwse70pyz0x7ghq9.png?width=108&crop=smart&format=pjpg&auto=webp&s=5a5921c2c08598a261b56839e0bcbedf5692771e', 'width': 108, 'height': 60}, {'url': 'https://external-preview.redd.it/Mmx4cHUwcmVuZm9mMXsJQDG5mce6dwZJNdE1X-TChTRxAwse70pyz0x7ghq9.png?width=216&crop=smart&format=pjpg&auto=webp&s=912a131bf19924933f0209097fd27c089d697986', 'width': 216, 'height': 121}, {'url': 'https://external-preview.redd.it/Mmx4cHUwcmVuZm9mMXsJQDG5mce6dwZJNdE1X-TChTRxAwse70pyz0x7ghq9.png?width=320&crop=smart&format=pjpg&auto=webp&s=ce87f7a538b8a766e6f9192f2f3e3a955bbfe1d2', 'width': 320, 'height': 179}, {'url': 'https://external-preview.redd.it/Mmx4cHUwcmVuZm9mMXsJQDG5mce6dwZJNdE1X-TChTRxAwse70pyz0x7ghq9.png?width=640&crop=smart&format=pjpg&auto=webp&s=3f18d81ac1dac3ed4c8fdf4c0bebfe2582da63be', 'width': 640, 'height': 359}, {'url': 'https://external-preview.redd.it/Mmx4cHUwcmVuZm9mMXsJQDG5mce6dwZJNdE1X-TChTRxAwse70pyz0x7ghq9.png?width=960&crop=smart&format=pjpg&auto=webp&s=2e6233d1f38ad6b59ce365bfe53919e160b1a77e', 'width': 960, 'height': 539}, {'url': 'https://external-preview.redd.it/Mmx4cHUwcmVuZm9mMXsJQDG5mce6dwZJNdE1X-TChTRxAwse70pyz0x7ghq9.png?width=1080&crop=smart&format=pjpg&auto=webp&s=aa74f569abaec716fe649c4db732bf7722abad17', 'width': 1080, 'height': 607}]}], 'enabled': False}",False,,False,/r/BF6_TR/comments/1ndv8sw/bf6_tüm_skinler/,BF6_TR,1757551654.0,0,1.0,Sızıntı
1ndu611,https://i.redd.it/1f0a72y6cfof1.jpeg,,39,I would love if future soldier uniforms were a little bit more grounded to reality,Thunderdoc,1757555792.0,False,False,"{'images': [{'id': 'OdkBnTyExlzrfhkUq0FNx9QAAG3uaLaiQh81QzjsFl0', 'source': {'url': 'https://preview.redd.it/1f0a72y6cfof1.jpeg?auto=webp&s=2fefa6806647d4ac2fb94d0ee4ac18daf5332458', 'width': 3135, 'height': 2062}, 'variants': {}, 'resolutions': [{'url': 'https://preview.redd.it/1f0a72y6cfof1.jpeg?width=108&crop=smart&auto=webp&s=e2a3e918c376b1e50788912e90149501f3d0273f', 'width': 108, 'height': 71}, {'url': 'https://preview.redd.it/1f0a72y6cfof1.jpeg?width=216&crop=smart&auto=webp&s=1098dcce580a06771bdfc8bb12573df5c52f9d0b', 'width': 216, 'height': 142}, {'url': 'https://preview.redd.it/1f0a72y6cfof1.jpeg?width=320&crop=smart&auto=webp&s=b3e59cbf33e09e11703803add5a965113bc74e58', 'width': 320, 'height': 210}, {'url': 'https://preview.redd.it/1f0a72y6cfof1.jpeg?width=640&crop=smart&auto=webp&s=db0e5cd3dda35788242c03976151fac1730b299f', 'width': 640, 'height': 420}, {'url': 'https://preview.redd.it/1f0a72y6cfof1.jpeg?width=960&crop=smart&auto=webp&s=5695a69b726682fb4863fdccc983b5af3cc197dc', 'width': 960, 'height': 631}, {'url': 'https://preview.redd.it/1f0a72y6cfof1.jpeg?width=1080&crop=smart&auto=webp&s=66c09499b1acd946004db112c25f926916e86d83', 'width': 1080, 'height': 710}]}], 'enabled': True}",False,"I'm a bit worried of future skins on BF6, so I made a quick search to see some uniforms around the world.  
Since now it's NATO vs PAX, some of those would go to one side, and some to the other..  
No bandana with skulls, no flashy colors, no paintball masks... grounded in reality, like (**most of**) BF1 and BFV uniforms were :)  
Edit: there's 2 Poland in this image, the first one is actually Indonesia lol",False,/r/Battlefield/comments/1ndu611/i_would_love_if_future_soldier_uniforms_were_a/,Battlefield,1757548515.0,14,0.8,Battlefield 6
1ndtwgd,/r/Battlefield6/comments/1ndpvyo/bf6_for_ps5_or_pc/,,5,Bf6 for ps5 or pc?,TomiMedina18,False,False,False,,False,,False,/r/Battlefield/comments/1ndtwgd/bf6_for_ps5_or_pc/,Battlefield,1757547765.0,10,1.0,Battlefield 6
1ndtazg,https://youtube.com/watch?v=T67rEsgetOI&si=1H2EwC7KyOx9Hgdk,"{'type': 'youtube.com', 'oembed': {'html': '<iframe width=""356"" height=""200"" src=""https://www.youtube.com/embed/T67rEsgetOI?feature=oembed&enablejsapi=1"" frameborder=""0"" allow=""accelerometer; autoplay; clipboard-write; encrypted-media; gyroscope; picture-in-picture; web-share"" referrerpolicy=""strict-origin-when-cross-origin"" allowfullscreen title=""Battlefield Moments 2! - Road to Battlefield 6 - CLIPS - Lo mejor del pase de batalla!""></iframe>', 'type': 'video', 'title': 'Battlefield Moments 2! - Road to Battlefield 6 - CLIPS - Lo mejor del pase de batalla!', 'width': 356, 'height': 200, 'version': '1.0', 'author_url': 'https://www.youtube.com/@Soy_el_Morza', 'author_name': 'Soy el Morza', 'provider_url': 'https://www.youtube.com/', 'provider_name': 'YouTube', 'thumbnail_url': 'https://i.ytimg.com/vi/T67rEsgetOI/hqdefault.jpg', 'thumbnail_width': 480, 'thumbnail_height': 360}}",0,Battlefield Moments 2! - Road to Battlefield 6 - CLIPS -,morza2022,False,False,False,"{'images': [{'id': 'nYKKgz0sMWQk5_Y2BKWdvHPuCzNxA41dMQsKYfECyaE', 'source': {'url': 'https://external-preview.redd.it/nYKKgz0sMWQk5_Y2BKWdvHPuCzNxA41dMQsKYfECyaE.jpeg?auto=webp&s=5ffae553c612d51e3488d6b4c9f963c70c8386fe', 'width': 480, 'height': 360}, 'variants': {}, 'resolutions': [{'url': 'https://external-preview.redd.it/nYKKgz0sMWQk5_Y2BKWdvHPuCzNxA41dMQsKYfECyaE.jpeg?width=108&crop=smart&auto=webp&s=171226e5175113c17391ae24ba37ea6af23fc04c', 'width': 108, 'height': 81}, {'url': 'https://external-preview.redd.it/nYKKgz0sMWQk5_Y2BKWdvHPuCzNxA41dMQsKYfECyaE.jpeg?width=216&crop=smart&auto=webp&s=f09e7ab032171bd884690cc4e50c1299509133fb', 'width': 216, 'height': 162}, {'url': 'https://external-preview.redd.it/nYKKgz0sMWQk5_Y2BKWdvHPuCzNxA41dMQsKYfECyaE.jpeg?width=320&crop=smart&auto=webp&s=eeb924320057c22d7865a1e78e17f9fb2409777d', 'width': 320, 'height': 240}]}], 'enabled': False}",False,"¡Los mejores clips de Battlefield 2042 Portal para desbloquear TODO en Battlefield 6!  Conseguí skins, camuflajes y XP rápido con estas estrategias.  ¡Suscribite, dejá tu like y comentá si estás listo para BF6! ",False,/r/battlefield_4/comments/1ndtazg/battlefield_moments_2_road_to_battlefield_6_clips/,battlefield_4,1757546101.0,0,0.5,
1ndt8wi,https://youtube.com/watch?v=T67rEsgetOI&si=1H2EwC7KyOx9Hgdk,"{'type': 'youtube.com', 'oembed': {'html': '<iframe width=""356"" height=""200"" src=""https://www.youtube.com/embed/T67rEsgetOI?feature=oembed&enablejsapi=1"" frameborder=""0"" allow=""accelerometer; autoplay; clipboard-write; encrypted-media; gyroscope; picture-in-picture; web-share"" referrerpolicy=""strict-origin-when-cross-origin"" allowfullscreen title=""Battlefield Moments 2! - Road to Battlefield 6 - CLIPS - Lo mejor del pase de batalla!""></iframe>', 'type': 'video', 'title': 'Battlefield Moments 2! - Road to Battlefield 6 - CLIPS - Lo mejor del pase de batalla!', 'width': 356, 'height': 200, 'version': '1.0', 'author_url': 'https://www.youtube.com/@Soy_el_Morza', 'author_name': 'Soy el Morza', 'provider_url': 'https://www.youtube.com/', 'provider_name': 'YouTube', 'thumbnail_url': 'https://i.ytimg.com/vi/T67rEsgetOI/hqdefault.jpg', 'thumbnail_width': 480, 'thumbnail_height': 360}}",0,Battlefield Moments 2! - Road to Battlefield 6 - CLIPS -,morza2022,False,False,False,"{'images': [{'id': 'nYKKgz0sMWQk5_Y2BKWdvHPuCzNxA41dMQsKYfECyaE', 'source': {'url': 'https://external-preview.redd.it/nYKKgz0sMWQk5_Y2BKWdvHPuCzNxA41dMQsKYfECyaE.jpeg?auto=webp&s=5ffae553c612d51e3488d6b4c9f963c70c8386fe', 'width': 480, 'height': 360}, 'variants': {}, 'resolutions': [{'url': 'https://external-preview.redd.it/nYKKgz0sMWQk5_Y2BKWdvHPuCzNxA41dMQsKYfECyaE.jpeg?width=108&crop=smart&auto=webp&s=171226e5175113c17391ae24ba37ea6af23fc04c', 'width': 108, 'height': 81}, {'url': 'https://external-preview.redd.it/nYKKgz0sMWQk5_Y2BKWdvHPuCzNxA41dMQsKYfECyaE.jpeg?width=216&crop=smart&auto=webp&s=f09e7ab032171bd884690cc4e50c1299509133fb', 'width': 216, 'height': 162}, {'url': 'https://external-preview.redd.it/nYKKgz0sMWQk5_Y2BKWdvHPuCzNxA41dMQsKYfECyaE.jpeg?width=320&crop=smart&auto=webp&s=eeb924320057c22d7865a1e78e17f9fb2409777d', 'width': 320, 'height': 240}]}], 'enabled': False}",False,"¡Los mejores clips de Battlefield 2042 Portal para desbloquear TODO en Battlefield 6!  Conseguí skins, camuflajes y XP rápido con estas estrategias.  ¡Suscribite, dejá tu like y comentá si estás listo para BF6!",False,/r/Battlefield/comments/1ndt8wi/battlefield_moments_2_road_to_battlefield_6_clips/,Battlefield,1757545946.0,0,0.2,🪖Only In Battlefield💥
1ndsnny,https://www.reddit.com/r/Battlefield/comments/1ndsnny/will_the_f22_in_bf6_have_cobra_button/,,6,Will the F-22 in BF6 have “Cobra Button”,Vegetable-Half6624,False,True,False,,False,"So apparently from the leaked info there are new flight mechanics for the F-22 and SU-57 involving thrust vectoring. Do you guys think that they might have some sort of a Cobra button like in Warthunder? 

Would be cool to further differentiate stealth jets from the attack ones",False,/r/Battlefield/comments/1ndsnny/will_the_f22_in_bf6_have_cobra_button/,Battlefield,1757544390.0,5,0.8,Battlefield 6
1ndsgyl,https://i.redd.it/emg1ehe80fof1.jpeg,,11,"What an ironic reward name, see y'all in 30 days.",Kuyabunga,False,False,False,"{'images': [{'id': 'sjRvnVwdX4VYsumgGqUYvXhCCjE8OSmxpc3RbuVcYME', 'source': {'url': 'https://preview.redd.it/emg1ehe80fof1.jpeg?auto=webp&s=be2986c983500212cf8c83796421a1dc35e49d8e', 'width': 3752, 'height': 2110}, 'variants': {}, 'resolutions': [{'url': 'https://preview.redd.it/emg1ehe80fof1.jpeg?width=108&crop=smart&auto=webp&s=02f18058a94a8591d47a77359451f9226e98c483', 'width': 108, 'height': 60}, {'url': 'https://preview.redd.it/emg1ehe80fof1.jpeg?width=216&crop=smart&auto=webp&s=3c5a5f7c7e0c619796b9aa25b2f1f870c260e330', 'width': 216, 'height': 121}, {'url': 'https://preview.redd.it/emg1ehe80fof1.jpeg?width=320&crop=smart&auto=webp&s=06a328d1f971a52c2b75cf095542760e996cc725', 'width': 320, 'height': 179}, {'url': 'https://preview.redd.it/emg1ehe80fof1.jpeg?width=640&crop=smart&auto=webp&s=8a94a5d2e7da2220541bc081742c18a83c7bacb2', 'width': 640, 'height': 359}, {'url': 'https://preview.redd.it/emg1ehe80fof1.jpeg?width=960&crop=smart&auto=webp&s=e14443b172c6b2b85b7b41f8a98279588dd6c952', 'width': 960, 'height': 539}, {'url': 'https://preview.redd.it/emg1ehe80fof1.jpeg?width=1080&crop=smart&auto=webp&s=048c13ed4b2fcacef54834a42eb6b87aed3675e6', 'width': 1080, 'height': 607}]}], 'enabled': True}",False,"***Test of Time*** indeed. Happy to be done. See y'all in ***BF6*** in 30 days. Think I'll go try and 100% ***Metaphor Refantazio*** or ***Horizon Forbidden West*** now or something.

*🎶Ti-i-i-ime is on my side, yes it is🎶*",False,/r/Battlefield6/comments/1ndsgyl/what_an_ironic_reward_name_see_yall_in_30_days/,Battlefield6,1757543894.0,0,0.79,Image/Gif
1ndsg52,https://i.redd.it/hpsub8jxyeof1.jpeg,,7,"What an ironic reward name, see y'all in 30 days",Kuyabunga,False,False,False,"{'images': [{'id': 'k6XGySvMFxk_qD0OBKe0cnj2XgdTCk0rR0OncygHBdk', 'source': {'url': 'https://preview.redd.it/hpsub8jxyeof1.jpeg?auto=webp&s=de59b59937fe6fe9c6498dbc824d606be12efdc5', 'width': 3752, 'height': 2110}, 'variants': {}, 'resolutions': [{'url': 'https://preview.redd.it/hpsub8jxyeof1.jpeg?width=108&crop=smart&auto=webp&s=194881f6880c225051aa4752f5685d557e088a5a', 'width': 108, 'height': 60}, {'url': 'https://preview.redd.it/hpsub8jxyeof1.jpeg?width=216&crop=smart&auto=webp&s=f5620377776e9ed0c0d070346fa63c5cadf23837', 'width': 216, 'height': 121}, {'url': 'https://preview.redd.it/hpsub8jxyeof1.jpeg?width=320&crop=smart&auto=webp&s=ce5f44c3506d0b8257bca354af1a14c8f140a24e', 'width': 320, 'height': 179}, {'url': 'https://preview.redd.it/hpsub8jxyeof1.jpeg?width=640&crop=smart&auto=webp&s=ff7905b99a22621f5f7ba278c46eff4efb3162f8', 'width': 640, 'height': 359}, {'url': 'https://preview.redd.it/hpsub8jxyeof1.jpeg?width=960&crop=smart&auto=webp&s=fcada1c5278d7dbe535008dad1882bd9ff89f919', 'width': 960, 'height': 539}, {'url': 'https://preview.redd.it/hpsub8jxyeof1.jpeg?width=1080&crop=smart&auto=webp&s=11c67ab8ffeb99b4096ab164f9cdddac4c43be55', 'width': 1080, 'height': 607}]}], 'enabled': True}",False,"***Test of Time*** indeed. Happy to be done. See y'all in ***BF6*** in 30 days. Think I'll go try and 100% ***Metaphor Refantazio*** or ***Horizon Forbidden West*** now or something.

*🎶Ti-i-i-ime is on my side, yes it is🎶*",False,/r/Battlefield/comments/1ndsg52/what_an_ironic_reward_name_see_yall_in_30_days/,Battlefield,1757543833.0,5,0.82,Battlefield 2042
1nds2gn,https://www.reddit.com/r/PSNFriends/comments/1nds2gn/38m_looking_for_gaming_buddies/,,1,38M looking for gaming buddies,Lastpak365,False,True,False,,False,"Hi, I just bought a ps5 pro today and looking for some gaming buddies. CET time and have about 40 games now. (Had a ps5 in 2021 for a couple months). Mostly will be playing coop games, party games, sport games. Next month I will buy bf6 as well and waiting for GTA6 release.

If anybody has good suggestions im willing to try/buy new games.

Good to know is that I also share the console with my son, so he will be playing lots of kid games as well.

My PSN = Lastpak010",False,/r/PSNFriends/comments/1nds2gn/38m_looking_for_gaming_buddies/,PSNFriends,1757542834.0,0,0.66,
1ndqi8s,https://v.redd.it/6sataz7eleof1,"{'reddit_video': {'width': 1920, 'height': 1080, 'is_gif': False, 'hls_url': 'https://v.redd.it/6sataz7eleof1/HLSPlaylist.m3u8?a=1760158802%2CODY5ZjE5YWIzNDRiOGJkZTE0Njk4ZGEwYmU2MDAxMGE2MTU0NjhkMzkxZWVkZDM4NzY3M2IwYWFmYmQ1YzIwMA%3D%3D&v=1&f=sd', 'dash_url': 'https://v.redd.it/6sataz7eleof1/DASHPlaylist.mpd?a=1760158802%2CNjNmN2MwNzk5Y2I3NTNjZmMyYTRiZDNhMjRiYjFlNTQyOTVlNzk4ODcwYTIzZDFiNjJjMjQ1MWY2MDhmYTY4NQ%3D%3D&v=1&f=sd', 'duration': 7, 'has_audio': True, 'bitrate_kbps': 5000, 'fallback_url': 'https://v.redd.it/6sataz7eleof1/DASH_1080.mp4?source=fallback', 'scrubber_media_url': 'https://v.redd.it/6sataz7eleof1/DASH_96.mp4', 'transcoding_status': 'completed'}}",6,I need this kind of shit in bf6,Ok_Cut1772,False,False,False,"{'images': [{'id': 'NmU4cXBvYWVsZW9mMY1oYea9Pn1a9aE9MaZ5JVxnapYec82JqVQzIRalH-OS', 'source': {'url': 'https://external-preview.redd.it/NmU4cXBvYWVsZW9mMY1oYea9Pn1a9aE9MaZ5JVxnapYec82JqVQzIRalH-OS.png?format=pjpg&auto=webp&s=6e0652193cd5ae4254affbe4480d9bb037fd7324', 'width': 1080, 'height': 607}, 'variants': {}, 'resolutions': [{'url': 'https://external-preview.redd.it/NmU4cXBvYWVsZW9mMY1oYea9Pn1a9aE9MaZ5JVxnapYec82JqVQzIRalH-OS.png?width=108&crop=smart&format=pjpg&auto=webp&s=c5f8e8a400e3917c9cb09088cf7eb802a5338edc', 'width': 108, 'height': 60}, {'url': 'https://external-preview.redd.it/NmU4cXBvYWVsZW9mMY1oYea9Pn1a9aE9MaZ5JVxnapYec82JqVQzIRalH-OS.png?width=216&crop=smart&format=pjpg&auto=webp&s=cb94b0641bbfa00ad61eea0ee0f1f9d75254aafa', 'width': 216, 'height': 121}, {'url': 'https://external-preview.redd.it/NmU4cXBvYWVsZW9mMY1oYea9Pn1a9aE9MaZ5JVxnapYec82JqVQzIRalH-OS.png?width=320&crop=smart&format=pjpg&auto=webp&s=237ae1e34fa53b4b93d45cf11f1aa9ce78590b26', 'width': 320, 'height': 179}, {'url': 'https://external-preview.redd.it/NmU4cXBvYWVsZW9mMY1oYea9Pn1a9aE9MaZ5JVxnapYec82JqVQzIRalH-OS.png?width=640&crop=smart&format=pjpg&auto=webp&s=606531aa7fa412ce1f3682d8261cc1d5e08a8e31', 'width': 640, 'height': 359}, {'url': 'https://external-preview.redd.it/NmU4cXBvYWVsZW9mMY1oYea9Pn1a9aE9MaZ5JVxnapYec82JqVQzIRalH-OS.png?width=960&crop=smart&format=pjpg&auto=webp&s=62cfad76fec62d607f996781649fa0fc79e93c3a', 'width': 960, 'height': 539}, {'url': 'https://external-preview.redd.it/NmU4cXBvYWVsZW9mMY1oYea9Pn1a9aE9MaZ5JVxnapYec82JqVQzIRalH-OS.png?width=1080&crop=smart&format=pjpg&auto=webp&s=9bc931cf3345aaec33ace428e21778c10f409282', 'width': 1080, 'height': 607}]}], 'enabled': False}",False,,False,/r/Battlefield/comments/1ndqi8s/i_need_this_kind_of_shit_in_bf6/,Battlefield,1757538872.0,0,0.88,🪖Only In Battlefield💥
1ndqbdr,https://i.redd.it/lon8b3e0keof1.jpeg,,19,Disabling skins,Arashii89,False,False,False,"{'images': [{'id': 'B2qIP20zQJsCT7pk5_YMLQINUEcgc60gfUJ6Sa8VACs', 'source': {'url': 'https://preview.redd.it/lon8b3e0keof1.jpeg?auto=webp&s=d4f629513892cd362496f4909d8467cf1029238d', 'width': 1179, 'height': 1064}, 'variants': {}, 'resolutions': [{'url': 'https://preview.redd.it/lon8b3e0keof1.jpeg?width=108&crop=smart&auto=webp&s=debea6707a62086bb4c3c77888410474d59d6d22', 'width': 108, 'height': 97}, {'url': 'https://preview.redd.it/lon8b3e0keof1.jpeg?width=216&crop=smart&auto=webp&s=cc2224cfba9976d3af735e13c51213a182869dd3', 'width': 216, 'height': 194}, {'url': 'https://preview.redd.it/lon8b3e0keof1.jpeg?width=320&crop=smart&auto=webp&s=b28a53a23ffe8858a4d9ec32c5c0949eb73fa4a5', 'width': 320, 'height': 288}, {'url': 'https://preview.redd.it/lon8b3e0keof1.jpeg?width=640&crop=smart&auto=webp&s=227f747a9473bc38d78f3f8d7da14e3b3b2b3228', 'width': 640, 'height': 577}, {'url': 'https://preview.redd.it/lon8b3e0keof1.jpeg?width=960&crop=smart&auto=webp&s=544ed6669150109042879a800c13879a44e69c3e', 'width': 960, 'height': 866}, {'url': 'https://preview.redd.it/lon8b3e0keof1.jpeg?width=1080&crop=smart&auto=webp&s=7c02a1869bc22326022c4754bc7867e9df9c1492', 'width': 1080, 'height': 974}]}], 'enabled': True}",False,Seems like the toggle is coming to BF6 now watch cod copy them ,False,/r/COD/comments/1ndqbdr/disabling_skins/,COD,1757538401.0,13,0.79,discussion
1ndq2r0,https://www.reddit.com/r/Battlefield/comments/1ndq2r0/never_ever_change_youre_main_character_for_a_skin/,,0,Never ever Change youre main character for a skin in Bf6,ArtistOpen6653,False,True,False,,False,Changing your characters for bad skins will ruin the game.,False,/r/Battlefield/comments/1ndq2r0/never_ever_change_youre_main_character_for_a_skin/,Battlefield,1757537808.0,4,0.25,Battlefield Labs
1ndpvyo,https://www.reddit.com/r/Battlefield6/comments/1ndpvyo/bf6_for_ps5_or_pc/,,0,Bf6 for ps5 or pc?,TomiMedina18,1757544761.0,True,False,,False,"Hi! I’m trying to decide which platform to buy bf6 on and I’m looking for different opinions.

Here’s how I see the pros and cons:

Ps5 pros: 4K tv, Surround sound system, Max graphics

Ps5 cons: Input lag, Requires ps plus subscription

Pc pros: Less input lag(I’d use a controller too), Free online multiplayer

Pc cons: Medium graphics, Smaller screen, lower resolution(non 4K)

Let me know what you think!

(Sorry I reposted, I wanted to add a poll and then realized that I couldn’t)",False,/r/Battlefield6/comments/1ndpvyo/bf6_for_ps5_or_pc/,Battlefield6,1757537354.0,35,0.46,Question
1ndnifx,https://www.reddit.com/r/battlefield2042/comments/1ndnifx/constantly_losing_1v1_engagements/,,10,Constantly losing 1v1 engagements,Bagged_Milk,False,True,False,,False,"Like a lot of other folks I've come back to 2042 with the impending launch of BF6, and overall I'm enjoying things. The game definitely got more flak than it deserved at launch.

Where I'm having some frustration is what feels like constantly losing 1v1 engagements where I have the upper hand. Some times it's a head-on engagement where I begin firing first, I'm landing shots and then - bloop I'm dead after 1-2 hits. Not head shots, just center mass hits. Kill cam shows whoever got me has about 25% of their health left.

This happens if I get the jump on someone as well. Unloading into their back, they spin and - doot, I'm dead.

Id doesn't seem to matter which gun I choose: AK 5C? Dead. RM68? Dead. DFR Strife? Dead. MCS-880? I actually do pretty well, actually.

Just my rant after losing more engagements in a round than I feel I should have. Anyway, back in I go.",False,/r/battlefield2042/comments/1ndnifx/constantly_losing_1v1_engagements/,battlefield2042,1757531692.0,25,0.86,Question
1ndn7qn,https://www.reddit.com/r/Battlefield6/comments/1ndn7qn/why_do_so_many_give_suggestions_thinking_the_bf6/,,0,Why do so many give suggestions thinking the BF6 Team cares?,Icy-Way3920,False,True,False,,False,"I see so many ''Oh i want this in the game'' and ''This should definetly be in the game'' like EA of all companies gives a flying F on what the community thinks lmao.

Feel free to lecture me if i missed something, was a BF player since BF2, played every BF from BF2 up to BF5 (wasnt a fan of it but it was ok) and stopped playing after Bf2024 garbage. weird to come back after all that time. did i miss something did they suddenly start listening or is everyone here delusional?",False,/r/Battlefield6/comments/1ndn7qn/why_do_so_many_give_suggestions_thinking_the_bf6/,Battlefield6,1757531014.0,9,0.41,Question
1ndn1v4,https://i.redd.it/9ccear30xdof1.jpeg,,15,Red like the moon,Rami3l,False,False,False,"{'images': [{'id': '7QGY338EKgoJe9JTHMh87ZzgbGu3-Otm4WcPF9UYDe4', 'source': {'url': 'https://preview.redd.it/9ccear30xdof1.jpeg?auto=webp&s=bacc819346458f6edff9fdb771420da5076a9666', 'width': 4284, 'height': 5712}, 'variants': {}, 'resolutions': [{'url': 'https://preview.redd.it/9ccear30xdof1.jpeg?width=108&crop=smart&auto=webp&s=4c83ed6d2ea01f8eecf226fd87256e3a3d9fec63', 'width': 108, 'height': 144}, {'url': 'https://preview.redd.it/9ccear30xdof1.jpeg?width=216&crop=smart&auto=webp&s=a3eb2c7f0ad603a3117202a2746bbf493467b7f7', 'width': 216, 'height': 288}, {'url': 'https://preview.redd.it/9ccear30xdof1.jpeg?width=320&crop=smart&auto=webp&s=7a49514c696eb454ae7375a72899520fdf2f4ed5', 'width': 320, 'height': 426}, {'url': 'https://preview.redd.it/9ccear30xdof1.jpeg?width=640&crop=smart&auto=webp&s=774f93fc857e50b6135a95447f09502e9f872856', 'width': 640, 'height': 853}, {'url': 'https://preview.redd.it/9ccear30xdof1.jpeg?width=960&crop=smart&auto=webp&s=03b6c4e4cb1cea42c984212eebc0c6983d87379c', 'width': 960, 'height': 1280}, {'url': 'https://preview.redd.it/9ccear30xdof1.jpeg?width=1080&crop=smart&auto=webp&s=c51a832e91fc1deda0fec66923a311b6929abbfd', 'width': 1080, 'height': 1440}]}], 'enabled': True}",False,Glad it fits alright with the rest. It’s been a breeze so far and I hope it stays like this for BF6’s release !,False,/r/radeon/comments/1ndn1v4/red_like_the_moon/,radeon,1757530663.0,2,0.9,
1ndmpz1,https://www.reddit.com/r/Battlefield_LFG/comments/1ndmpz1/community_euna_crossplay_current_battlefield_game/,,3,[Community] [EU][NA] [Crossplay] [Current Battlefield Game] Rapture Gaming,starfox1988,False,True,False,"{'images': [{'id': 'xCu1g4arNgkSZSO0QTZQwfEPxV8o96P8KiKGpwoxrHg', 'source': {'url': 'https://external-preview.redd.it/xCu1g4arNgkSZSO0QTZQwfEPxV8o96P8KiKGpwoxrHg.jpeg?auto=webp&s=663c85932f5a88816fc939f92ba43045c5d1bcf0', 'width': 512, 'height': 288}, 'variants': {}, 'resolutions': [{'url': 'https://external-preview.redd.it/xCu1g4arNgkSZSO0QTZQwfEPxV8o96P8KiKGpwoxrHg.jpeg?width=108&crop=smart&auto=webp&s=34e1dc89a24fa17d229be7fe29c3071e52d1e22e', 'width': 108, 'height': 60}, {'url': 'https://external-preview.redd.it/xCu1g4arNgkSZSO0QTZQwfEPxV8o96P8KiKGpwoxrHg.jpeg?width=216&crop=smart&auto=webp&s=3ebb4c5d9ae54ac266e569c01ea6b62773fbd051', 'width': 216, 'height': 121}, {'url': 'https://external-preview.redd.it/xCu1g4arNgkSZSO0QTZQwfEPxV8o96P8KiKGpwoxrHg.jpeg?width=320&crop=smart&auto=webp&s=7212e0424a67016a9edd7dd3e30ba5963c193aba', 'width': 320, 'height': 180}]}], 'enabled': False}",False,"Hey all. We are a large community discord, not a clan. We are active and friendly(not toxic). While we have some skilful people, we don't care about skill level, we do care about having fun. And if you don't have great skill, we have those(including myself) who are more than willing to give a helping hand. We care more about finding enjoyable people to play with.

We are a Age 17+ crew. We plan to play Battlefield 6 Game when it arrives. We play all manners of game modes and enjoy the occasional custom game.

**Platform**: \[PC, PS5, & Xbox\]

**Region**: \[NA/EU\]

 **What We Offe**r

**Fun and Friendly Environment**: No toxicity. Everyone over 17 is welcome.

**Mature Space for Healthy Conversations**: Engage in mature discussions and meaningful conversations around Battlefield and much more!

**Players of All Skill and Ranks**: Whether you're a pro or just starting out, you'll find your perfect squad here. Whether you’re looking for Teammates to push to Masters or for advice on how to improve, we have it all.

**Community Tournaments**: We host tournaments for our members to engage in friendly competition with each other with small prizes for the victors.

**Game Nights During The Week**: Get your weekly dose of action-packed fun! We have time slots where people are guaranteed to be on for casual play. If a big enough group shows up we love to do custom private games and play different modes

**Requirements**:

\*\*Ages 17+:\*\*Join a mature gaming community.

**Working Mic**: Microphone is Required

**Respect is Paramount**: Uphold the spirit of friendly gaming and treat others with respect. Absolutely no racist, sexist, homophobic, ableist, or otherwise bigoted remarks will be tolerated.

Follow these steps to join rG Discord use [discord.gg/rapturegaming](http://discord.gg/rapturegaming) to join. Click on Battalion Request then select Phoenix from the Choose a Battalion drop down menu, after this you will answer couple questions then someone from our leadership team will introduce them self's within your Request Ticket

(RIGHT NOW WE ARE WAITING FOR BF6 TO ARRIVE ONCE THAT IS HERE WE WILL HAVE A DISOCRD COMPANY SET UP FOR THE GAME)

Come check us out: [discord.gg/rapturegaming](http://discord.gg/rapturegaming)",False,/r/Battlefield_LFG/comments/1ndmpz1/community_euna_crossplay_current_battlefield_game/,Battlefield_LFG,1757529925.0,0,1.0,
1ndml1y,https://www.reddit.com/r/Battlefield6/comments/1ndml1y/bf6_closed_beta/,,0,Bf6 closed beta,Spirited-Trade3685,False,True,False,,False,Won’t be here for the closed beta test Friday sept 12th willing to let someone use my ea account to gain access dm me,False,/r/Battlefield6/comments/1ndml1y/bf6_closed_beta/,Battlefield6,1757529615.0,9,0.4,Discussion
1ndm0q5,https://youtube.com/watch?v=x67tpl4rR1M&si=Ak5yje_HLUrgLT3S,,1,AUC3I - Daily Briefing  09-10-2025  On the WAR in Ukraine,AUC3I_SEC525,False,False,False,,False,"Understanding The War In Europe \_ Analyzing the situation on the ground with by way of an introduction, 3 points, and a conclusion #militaryanalysis #blackops #militaryoperations 



Combat Briefing Number 1294



""From:"" Colonel A.C. Oguntoye

""Date:"" 10 September 2025

""Subject:"" Progress of Special Military Operation

 

\### Situation Overview



Russian Armed Forces executed coordinated offensive actions across all operational sectors, inflicting significant losses on Ukrainian Armed Forces (UAF) formations. The operation combined maneuver warfare, precision strikes, and integrated air defense measures, enabling Russian units to degrade enemy manpower, armored assets, artillery, and logistics.

 

\### Sector Reports



"" ""North Group (Sumy & Kharkiv):""

  Enemy mechanized brigades, assault, and airborne units were neutralized around Alekseyevka, Khoten, Yunakovka, Mogritsa, Ivashki, Dergachi, Zhovtneve, and Melove. UAF losses: \\\~170 personnel, one armored vehicle, 15 vehicles, one artillery piece, and seven depots destroyed.



"" ""West Group (Kharkiv & Donetsk sectors):""

  Improved tactical positions with strikes near Kupyansk, Izyumskoye, Kirovsk, and Krasny Liman. UAF lost \\\~250 personnel, one tank, three Western-made armored vehicles, 28 vehicles, five artillery guns, six EW stations, and four depots.



"" ""Southern Group (Donetsk):""

  Secured advantageous lines at Seversk, Pereyezdnoye, Chervonoe, Belokuzminovka, Stepanovka, and Konstantinovka. Enemy casualties: \\\~155 personnel, three armored vehicles (incl. 2 U.S.-made M113 APCs), five vehicles, four artillery pieces, and three depots.



"" ""Center Group (Donetsk & Dnipropetrovsk):""

  Engaged nine UAF brigades in Krasnoarmeysk, Dimitrov, Rodinskoye, and Muravka. UAF losses: \\\~455 personnel, three armored vehicles, six vehicles, two artillery guns, and one EW station.



"" ""East Group (Zaporizhia & Dnipropetrovsk):""

  Advanced into UAF defensive depth at Sosnovka, Ivanovka, Kalinovskoye, Poltavka, Chervonoe, Vyshneve, and Uspenovka. UAF casualties: \\\~230 personnel, three armored vehicles, 11 vehicles, five artillery pieces (three Western).



"" ""Dnipro Group (Zaporizhia & Kherson):""

  Engaged UAF mechanized, coastal defense, and National Guard brigades at Stepnogorsk, Maryevka, Tokarevka, and Olhovka. UAF losses: \\\~65 personnel, 14 vehicles, four EW stations, and one depot.

 

\### Strategic Fires & Air Defense



"" ""Strike Operations:"" 152 strikes conducted against UAF concentrations and foreign mercenaries.

"" ""Air Defense:"" Intercepted three U.S.-made HIMARS rockets, one Neptune long-range missile, and 225 UAVs.

 

\### Cumulative Totals (Since Operation Start)



Destroyed: 666 aircraft, 283 helicopters, 82,900 UAVs, 628 SAM systems, 25,036 armored vehicles, 1,590 MLRS, 29,445 artillery/mortars, 41,453 specialized vehicles.

 

\### Operational Analysis & Implications



Russian forces continue applying ""multi-axis pressure"", eroding UAF combat sustainability by:



1. ""Attrition of Key Assets:"" Consistent destruction of Western-supplied armored vehicles and artillery limits UAF capacity for mobile defense and counterbattery fire.

2. ""Deep Strikes on Logistics:"" Elimination of depots and EW assets degrades UAF’s C2 (command and control) and sustainment.

3. ""Air Defense Superiority:"" Continued interception of HIMARS and Neptune missiles demonstrates resilient layered defenses, restricting UAF long-range strike potential.

4. ""Operational Tempo:"" Concurrent advances across multiple sectors create dilemmas for UAF, stretching reserves and complicating force rotation.



""Implication:"" The cumulative effect positions Russian forces to consolidate territorial control in contested oblasts, maintain initiative, and prepare for potential larger operational breakthroughs in Donetsk and Zaporizhia corridors. Ukrainian forces face mounting attritional strain with diminishing ability to sustain coordinated counteroffensives.

 

\### Analyst’s Note



The scale of daily UAF personnel and equipment losses suggests accelerated degradation of brigade-level combat effectiveness. Russian emphasis on electronic warfare suppression and interdiction of NATO-supplied systems highlights preparation for deeper exploitation.

 

\#MilitaryAnalysis #UkraineConflict #RussiaUkraineWar #Donetsk #Zaporizhia #OperationalUpdate #DefenseReport #ColonelOguntoye #bf6 ",False,/r/auc3i/comments/1ndm0q5/auc3i_daily_briefing_09102025_on_the_war_in/,auc3i,1757528325.0,0,1.0,
1ndm09y,https://youtube.com/watch?v=x67tpl4rR1M&si=Ak5yje_HLUrgLT3S,,1,AUC3I - Daily Briefing  09-10-2025  On the WAR in Ukraine,AUC3I_SEC525,False,False,False,,False,"Understanding The War In Europe \_ Analyzing the situation on the ground with by way of an introduction, 3 points, and a conclusion #militaryanalysis #blackops #militaryoperations 



Combat Briefing Number 1294



""From:"" Colonel A.C. Oguntoye

""Date:"" 10 September 2025

""Subject:"" Progress of Special Military Operation

 

\### Situation Overview



Russian Armed Forces executed coordinated offensive actions across all operational sectors, inflicting significant losses on Ukrainian Armed Forces (UAF) formations. The operation combined maneuver warfare, precision strikes, and integrated air defense measures, enabling Russian units to degrade enemy manpower, armored assets, artillery, and logistics.

 

\### Sector Reports



"" ""North Group (Sumy & Kharkiv):""

  Enemy mechanized brigades, assault, and airborne units were neutralized around Alekseyevka, Khoten, Yunakovka, Mogritsa, Ivashki, Dergachi, Zhovtneve, and Melove. UAF losses: \\\~170 personnel, one armored vehicle, 15 vehicles, one artillery piece, and seven depots destroyed.



"" ""West Group (Kharkiv & Donetsk sectors):""

  Improved tactical positions with strikes near Kupyansk, Izyumskoye, Kirovsk, and Krasny Liman. UAF lost \\\~250 personnel, one tank, three Western-made armored vehicles, 28 vehicles, five artillery guns, six EW stations, and four depots.



"" ""Southern Group (Donetsk):""

  Secured advantageous lines at Seversk, Pereyezdnoye, Chervonoe, Belokuzminovka, Stepanovka, and Konstantinovka. Enemy casualties: \\\~155 personnel, three armored vehicles (incl. 2 U.S.-made M113 APCs), five vehicles, four artillery pieces, and three depots.



"" ""Center Group (Donetsk & Dnipropetrovsk):""

  Engaged nine UAF brigades in Krasnoarmeysk, Dimitrov, Rodinskoye, and Muravka. UAF losses: \\\~455 personnel, three armored vehicles, six vehicles, two artillery guns, and one EW station.



"" ""East Group (Zaporizhia & Dnipropetrovsk):""

  Advanced into UAF defensive depth at Sosnovka, Ivanovka, Kalinovskoye, Poltavka, Chervonoe, Vyshneve, and Uspenovka. UAF casualties: \\\~230 personnel, three armored vehicles, 11 vehicles, five artillery pieces (three Western).



"" ""Dnipro Group (Zaporizhia & Kherson):""

  Engaged UAF mechanized, coastal defense, and National Guard brigades at Stepnogorsk, Maryevka, Tokarevka, and Olhovka. UAF losses: \\\~65 personnel, 14 vehicles, four EW stations, and one depot.

 

\### Strategic Fires & Air Defense



"" ""Strike Operations:"" 152 strikes conducted against UAF concentrations and foreign mercenaries.

"" ""Air Defense:"" Intercepted three U.S.-made HIMARS rockets, one Neptune long-range missile, and 225 UAVs.

 

\### Cumulative Totals (Since Operation Start)



Destroyed: 666 aircraft, 283 helicopters, 82,900 UAVs, 628 SAM systems, 25,036 armored vehicles, 1,590 MLRS, 29,445 artillery/mortars, 41,453 specialized vehicles.

 

\### Operational Analysis & Implications



Russian forces continue applying ""multi-axis pressure"", eroding UAF combat sustainability by:



1. ""Attrition of Key Assets:"" Consistent destruction of Western-supplied armored vehicles and artillery limits UAF capacity for mobile defense and counterbattery fire.

2. ""Deep Strikes on Logistics:"" Elimination of depots and EW assets degrades UAF’s C2 (command and control) and sustainment.

3. ""Air Defense Superiority:"" Continued interception of HIMARS and Neptune missiles demonstrates resilient layered defenses, restricting UAF long-range strike potential.

4. ""Operational Tempo:"" Concurrent advances across multiple sectors create dilemmas for UAF, stretching reserves and complicating force rotation.



""Implication:"" The cumulative effect positions Russian forces to consolidate territorial control in contested oblasts, maintain initiative, and prepare for potential larger operational breakthroughs in Donetsk and Zaporizhia corridors. Ukrainian forces face mounting attritional strain with diminishing ability to sustain coordinated counteroffensives.

 

\### Analyst’s Note



The scale of daily UAF personnel and equipment losses suggests accelerated degradation of brigade-level combat effectiveness. Russian emphasis on electronic warfare suppression and interdiction of NATO-supplied systems highlights preparation for deeper exploitation.

 

\#MilitaryAnalysis #UkraineConflict #RussiaUkraineWar #Donetsk #Zaporizhia #OperationalUpdate #DefenseReport #ColonelOguntoye #bf6 ",False,/r/u_AUC3I_SEC525/comments/1ndm09y/auc3i_daily_briefing_09102025_on_the_war_in/,u_AUC3I_SEC525,1757528296.0,0,1.0,
1ndlku4,https://i.redd.it/u8i4fihnmdof1.jpeg,,0,BF6 one year after launch,mitchcl194,False,False,False,"{'images': [{'id': 'QL2NXmGsrlW5puTg3DXzBRjtvY9RC_3KIvtE1Ome18M', 'source': {'url': 'https://preview.redd.it/u8i4fihnmdof1.jpeg?auto=webp&s=4e36117b21a26a43e18c328ced090d91a99e3419', 'width': 1600, 'height': 900}, 'variants': {}, 'resolutions': [{'url': 'https://preview.redd.it/u8i4fihnmdof1.jpeg?width=108&crop=smart&auto=webp&s=af9860327a52f0070c955fe918457f47527b8ce3', 'width': 108, 'height': 60}, {'url': 'https://preview.redd.it/u8i4fihnmdof1.jpeg?width=216&crop=smart&auto=webp&s=2fab444be727cabf6b13b42b6eb536b18f684272', 'width': 216, 'height': 121}, {'url': 'https://preview.redd.it/u8i4fihnmdof1.jpeg?width=320&crop=smart&auto=webp&s=fbe1bd346c261721fb3abe2fff2e96c47ab0e467', 'width': 320, 'height': 180}, {'url': 'https://preview.redd.it/u8i4fihnmdof1.jpeg?width=640&crop=smart&auto=webp&s=f26c2a71609d07722c080ab6d9558c1f9799a1d3', 'width': 640, 'height': 360}, {'url': 'https://preview.redd.it/u8i4fihnmdof1.jpeg?width=960&crop=smart&auto=webp&s=b32091f0e731f3c85e7ce29d72c22db06388274a', 'width': 960, 'height': 540}, {'url': 'https://preview.redd.it/u8i4fihnmdof1.jpeg?width=1080&crop=smart&auto=webp&s=05eb9a5600cb74a2f47da8578839f293148ce28d', 'width': 1080, 'height': 607}]}], 'enabled': True}",False,,False,/r/Battlefield6/comments/1ndlku4/bf6_one_year_after_launch/,Battlefield6,1757527342.0,8,0.29,Discussion
1ndli0q,https://i.redd.it/u8i4fihnmdof1.jpeg,,0,BF6 one year after launch,mitchcl194,False,False,False,"{'images': [{'id': 'QL2NXmGsrlW5puTg3DXzBRjtvY9RC_3KIvtE1Ome18M', 'source': {'url': 'https://preview.redd.it/u8i4fihnmdof1.jpeg?auto=webp&s=4e36117b21a26a43e18c328ced090d91a99e3419', 'width': 1600, 'height': 900}, 'variants': {}, 'resolutions': [{'url': 'https://preview.redd.it/u8i4fihnmdof1.jpeg?width=108&crop=smart&auto=webp&s=af9860327a52f0070c955fe918457f47527b8ce3', 'width': 108, 'height': 60}, {'url': 'https://preview.redd.it/u8i4fihnmdof1.jpeg?width=216&crop=smart&auto=webp&s=2fab444be727cabf6b13b42b6eb536b18f684272', 'width': 216, 'height': 121}, {'url': 'https://preview.redd.it/u8i4fihnmdof1.jpeg?width=320&crop=smart&auto=webp&s=fbe1bd346c261721fb3abe2fff2e96c47ab0e467', 'width': 320, 'height': 180}, {'url': 'https://preview.redd.it/u8i4fihnmdof1.jpeg?width=640&crop=smart&auto=webp&s=f26c2a71609d07722c080ab6d9558c1f9799a1d3', 'width': 640, 'height': 360}, {'url': 'https://preview.redd.it/u8i4fihnmdof1.jpeg?width=960&crop=smart&auto=webp&s=b32091f0e731f3c85e7ce29d72c22db06388274a', 'width': 960, 'height': 540}, {'url': 'https://preview.redd.it/u8i4fihnmdof1.jpeg?width=1080&crop=smart&auto=webp&s=05eb9a5600cb74a2f47da8578839f293148ce28d', 'width': 1080, 'height': 607}]}], 'enabled': True}",False,"Don't even think they won't add silly skins. Maybe not as dumb as the one in the post, but they'll be there. ",False,/r/Battlefield/comments/1ndli0q/bf6_one_year_after_launch/,Battlefield,1757527182.0,5,0.37,Battlefield 6
1ndlgm1,https://www.reddit.com/r/ZephyrusG14/comments/1ndlgm1/2020_asus_g14_rtx2060_maxq_shunt_mod/,,2,2020 Asus G14 RTX2060 Max-Q Shunt Mod,PhilaphlousOriginal,False,True,False,"{'images': [{'id': 'EdaQxJeXXbDAR7IH6sBO_A4JGYRzpN5CoV5gk49NIGo', 'source': {'url': 'https://external-preview.redd.it/EdaQxJeXXbDAR7IH6sBO_A4JGYRzpN5CoV5gk49NIGo.jpeg?auto=webp&s=f3790c84b91d68186c7f69a223b13d9924f446bc', 'width': 99, 'height': 100}, 'variants': {}, 'resolutions': []}], 'enabled': False}",False,"For all that want to risk it all...

[https://www.3dmark.com/spy/58648701](https://www.3dmark.com/spy/58648701)

[Top 10 Time Spy score for the Asus G14 2060 Max-Q](https://preview.redd.it/zj3aqjvckdof1.jpg?width=1480&format=pjpg&auto=webp&s=cd5811404a2015155f01a5b6a8e074196c3673c1)

[I know my soldering quality is pro level...aren't you jealous...wait till the video...](https://preview.redd.it/e1yh1jegkdof1.jpg?width=2190&format=pjpg&auto=webp&s=b767460a95c0ed8cd00bbc427000d8bbc5cf85b4)

Thread is posted here: [https://www.overclock.net/threads/asus-zephyrus-g14-shunt-modded-rtx2060-max-q-cooling-mods-repaste.1753336/page-2](https://www.overclock.net/threads/asus-zephyrus-g14-shunt-modded-rtx2060-max-q-cooling-mods-repaste.1753336/page-2)

I'm working on a video explaining the mod and my calculations.

[Before and after system wattage values](https://preview.redd.it/7xkorsohldof1.jpg?width=1918&format=pjpg&auto=webp&s=8fcc3d71bc1027a28b6c217eee12f47dca17f465)

I previously had a half ass mod with literally shorting out the resistor...just one of them. It worked but not as it should have...

[I'm amazed this worked for 4 years....](https://preview.redd.it/7bmu55dtldof1.jpg?width=1252&format=pjpg&auto=webp&s=d041600bf179aba27493133463ce1db39094f553)

For reference: Here's the resistors I used: [https://www.digikey.com/en/products/detail/susumu/PRL1632-R007-F-T1/948789](https://www.digikey.com/en/products/detail/susumu/PRL1632-R007-F-T1/948789)

I went from 65W TDP to 115-116TDP on the 2060... basically a full non-Q 2060.

I think this will suffice till I can get my 5070ti model for BF6 in October....",False,/r/ZephyrusG14/comments/1ndlgm1/2020_asus_g14_rtx2060_maxq_shunt_mod/,ZephyrusG14,1757527095.0,0,0.76,Model 2020
1ndl4s8,https://www.reddit.com/r/techsupport/comments/1ndl4s8/unsure_if_im_getting_bottlenecked_somewhere/,,5,Unsure If I'm Getting Bottlenecked Somewhere - Computer Specs Assistance,NoBankBears,False,True,False,,False,"My machine has been running fine but currently I'm seeing weird dips and whatnot with the speed for games. Helldivers 2 will go from 90FPS to 30FPS over the course of 1 mission. The BF6 beta had an issue where it looked like a memory leak, over the course of 1 game it'd go from doing OK frame rate around 80 then crash down to lows of 15. I replaced the motherboard after that but it still was acting the same way, and now I'm noticing weird situations where games should absolutely not be lagging but are for a bit. Heres the specs, let me know if you notice anything weird!

Motherboard: Z790-S

GPU: EVGA GeForce RTX 3090

CPU: 13th Gen Intel i5-13600K (3.50 GHz)

Ram: Corsair Vengeance DDR5 (4 x 16GB) 64.0 GB w/ speed 4000 MT/s

Uses 3 SSDs, games on 2TB SSD with 1 TB left  


My RAM usage never goes above 50%",False,/r/techsupport/comments/1ndl4s8/unsure_if_im_getting_bottlenecked_somewhere/,techsupport,1757526377.0,1,0.86,Open | Hardware
1ndkobm,https://www.reddit.com/r/Battlefield/comments/1ndkobm/console_players_are_we_turning_on_crossplay_with/,,0,Console players: Are we turning on cross-play with BF6?,AceOBlade,False,True,False,,False,I really hope crossplay setting is turned on to console-crossplay. Every time I play against PC players it feels like we are playing completely different game.,False,/r/Battlefield/comments/1ndkobm/console_players_are_we_turning_on_crossplay_with/,Battlefield,1757525376.0,28,0.45,Battlefield 6
1ndknqe,https://www.reddit.com/r/Battlefield/comments/1ndknqe/i_skipped/,,0,I skipped.,lookarious,1757530172.0,True,False,,False,"https://preview.redd.it/obbry3s6gdof1.png?width=1280&format=png&auto=webp&s=e0f7d7b7655bd11ff8f739220c8155bb7f839055

I skipped 35 levels. I played this game a lot (\~650 hours) and tired of this stupid battle passes aand I wanted to play with this cool skins on BF6 so I bought all the 35 unlocked levels


P.S. this is my first time to spend that much money to skins in this game, I played this sh*t for all seven seasons, I have job family and etc and I don’t want to grind this skins, so what’s the problem lol? ",False,/r/Battlefield/comments/1ndknqe/i_skipped/,Battlefield,1757525337.0,12,0.29,Battlefield 6
1ndkm59,https://www.reddit.com/r/Battlefield/comments/1ndkm59/which_one_should_i_buy/,,3,Which one should I buy,makaonorw,False,True,False,,False,I am thinking of buying either bf6 or bo7 or bo6 and i want to hear from both communities  so I am aking u guys now. Which one should I buy?,False,/r/Battlefield/comments/1ndkm59/which_one_should_i_buy/,Battlefield,1757525242.0,7,1.0,Question
1ndkh8i,https://www.reddit.com/r/Battlefield/comments/1ndkh8i/battlefield_coins_will_they_transfer_over_lto_bf6/,,3,Battlefield coins ? Will they transfer over lto BF6,HyperSamLive1,False,True,False,,False,I have over 1000 battlefield coins left and just wondering if Dice or EA have confirmed or denied if Battlefield coins will transfer over to battlefield 6,False,/r/Battlefield/comments/1ndkh8i/battlefield_coins_will_they_transfer_over_lto_bf6/,Battlefield,1757524945.0,5,0.8,Question
1ndkee1,https://www.reddit.com/r/Battlefield/comments/1ndkee1/given_most_skins_seem_to_be_camo_patterns_i_hope/,,7,"Given most skins seem to be camo patterns, i hope there's functional QOL for it",SkacikPL,False,True,False,,False,"BF4 already peaked with ""adaptive camo"" concept and i really don't understand why it never came back - pick a pattern and never bother about sticking out like a sore thumb if that's your flavor.

Similarly given BF6 doesn't have such system but according to the leaked video most skins are just different camo colors/patterns i really wish there was a system to pick a skin per map instead of just per class/faction.

Having to manually swap all of your dudes skins on per map level is kind of clunky and outdated given an entry over a decade old already solved the problem.",False,/r/Battlefield/comments/1ndkee1/given_most_skins_seem_to_be_camo_patterns_i_hope/,Battlefield,1757524774.0,0,0.73,Battlefield 6
1ndk5h8,https://i.redd.it/2n6ti4puddof1.png,,2,Anyone else having problems with the FPSG servers?,GuyFellaPerson,False,False,False,"{'images': [{'id': 'Qw6Ir2ptbQo42Z_WHKR6e139O6fpbysVVM5Fp9cFxiU', 'source': {'url': 'https://preview.redd.it/2n6ti4puddof1.png?auto=webp&s=25675209753bc32c783c94a240373b7f07d70d0c', 'width': 1019, 'height': 838}, 'variants': {}, 'resolutions': [{'url': 'https://preview.redd.it/2n6ti4puddof1.png?width=108&crop=smart&auto=webp&s=35500096b13c78c42a504c95cbfeedf138481e0c', 'width': 108, 'height': 88}, {'url': 'https://preview.redd.it/2n6ti4puddof1.png?width=216&crop=smart&auto=webp&s=322524a60bb3f9acc2c221bae0a7f6fec1372592', 'width': 216, 'height': 177}, {'url': 'https://preview.redd.it/2n6ti4puddof1.png?width=320&crop=smart&auto=webp&s=47f1411b4d38694f8f11ff00cbecf1670b04ac57', 'width': 320, 'height': 263}, {'url': 'https://preview.redd.it/2n6ti4puddof1.png?width=640&crop=smart&auto=webp&s=4fe7251e8a7a382cb4422aba054ecb3129dc4ade', 'width': 640, 'height': 526}, {'url': 'https://preview.redd.it/2n6ti4puddof1.png?width=960&crop=smart&auto=webp&s=6fd89c4f0ac3637b743a0dd6469bb67c5cde1999', 'width': 960, 'height': 789}]}], 'enabled': True}",False,"Hey everyone,

I just got back into BF4 after a few years because of BF6. I’ve been playing on FPSG servers in Australia and had a lot of fun for hours until yesterday.

I joined a match on Dawnbreaker, and during the game the server seemed to get DDoSed or something, and ever since then, I can’t join any other FPSG server.

I tried asking on their website if I was banned, and now I’m banned from the site too. I never received any message about a ban and have no idea what I did wrong.

It’s really a shame because FPSG servers are basically the only populated ones in the Asia-Pacific, so now I'm pretty much banned BF4 multiplayer in general. My ping is around 120ish maybe that’s part of the problem? I sure as hell am not cheating, my KD is closer to .5 than one...",False,/r/battlefield_4/comments/1ndk5h8/anyone_else_having_problems_with_the_fpsg_servers/,battlefield_4,1757524230.0,0,1.0,
1ndjqup,/r/Battlefield6/comments/1ndjpwo/road_to_bf6_skins_steam/,,3,Road to BF6 Skins - Steam?,yyygggdrasil,False,False,False,,False,,False,/r/Battlefield/comments/1ndjqup/road_to_bf6_skins_steam/,Battlefield,1757523346.0,1,0.8,Question
1ndjpwo,https://www.reddit.com/r/Battlefield6/comments/1ndjpwo/road_to_bf6_skins_steam/,,8,Road to BF6 Skins - Steam?,yyygggdrasil,False,True,False,,False,"Hey,

Im currently playing 2042 on the EA launcher to unlock the BF6 skins. But I'm planning on buying BF6 on my Steam account instead since it's the better platform imo. Will my skins be available there as long as my EA account is linked to my Steam account? And if so, are there any official confirmation of this?

Cheers 🍻 ",False,/r/Battlefield6/comments/1ndjpwo/road_to_bf6_skins_steam/,Battlefield6,1757523287.0,4,0.91,Question
1ndjhdx,https://www.amazon.com.tr/b?node=211821061031&tag=web-mobil-anasayfa-21,,0,Amazon'dan laptop satın alanlara Battlefield 6 hediye!,BFHaber_Bot,False,False,False,,False,"
Amazon'dan seçili laptopları satın alanlara Battlefield 6 hediye ediliyor!

[Battlefield 6 Sistem Gereksinimleri](https://www.reddit.com/r/BF6_TR/s/94YQ9ldq7a)",False,/r/BF6_TR/comments/1ndjhdx/amazondan_laptop_satın_alanlara_battlefield_6/,BF6_TR,1757522760.0,0,0.5,Kampanya
1ndj2et,https://i.redd.it/az8f4t3s6dof1.jpeg,,0,sneak'y king gambit 🌚🌚🌚,Theredditor4658,False,False,False,"{'images': [{'id': 'L92aOw4WrNhO39u28tyE8dLA-gDT1-6OAlNI2IMdhDk', 'source': {'url': 'https://preview.redd.it/az8f4t3s6dof1.jpeg?auto=webp&s=d91391007a86fdd5605cfdb0314515d8862ea2a9', 'width': 1080, 'height': 2460}, 'variants': {}, 'resolutions': [{'url': 'https://preview.redd.it/az8f4t3s6dof1.jpeg?width=108&crop=smart&auto=webp&s=9cfe72e06e4f380730a958c0ae42f1e14e84cd6c', 'width': 108, 'height': 216}, {'url': 'https://preview.redd.it/az8f4t3s6dof1.jpeg?width=216&crop=smart&auto=webp&s=64a18ca8c287a84eaf701d9b3fa4fbafc96b5432', 'width': 216, 'height': 432}, {'url': 'https://preview.redd.it/az8f4t3s6dof1.jpeg?width=320&crop=smart&auto=webp&s=3b5f632d3176887aaff9b994923c2ff7848c641d', 'width': 320, 'height': 640}, {'url': 'https://preview.redd.it/az8f4t3s6dof1.jpeg?width=640&crop=smart&auto=webp&s=35fe3ecd86c8ce42a4f62505235c822255a5a797', 'width': 640, 'height': 1280}, {'url': 'https://preview.redd.it/az8f4t3s6dof1.jpeg?width=960&crop=smart&auto=webp&s=0a8d10bb21ea87a77ec6d786cad85ee9e9a31152', 'width': 960, 'height': 1920}, {'url': 'https://preview.redd.it/az8f4t3s6dof1.jpeg?width=1080&crop=smart&auto=webp&s=1db5a1361a01a9ec27204137037ea1625c57f2ee', 'width': 1080, 'height': 2160}]}], 'enabled': True}",False,"[App ""Chessis""]

[Date ""2025.09.10""]

[White ""You""]

[Black ""1300""]

[ECO ""C36""]

[Opening ""King's Gambit, Accepted, Modern Defense""]

[Result ""0-1""]

[Termination ""1300 won by Checkmate""]

[AnalyzedBy ""Stockfish 13, time:0.0s per move, Chessis App""]


1. e4 e5 2. f4 exf4 3. Nf3 d5 {Opening: C36: King's Gambit, Accepted, Modern Defense} 4. e5 {0.24 ➤ -2.25 ?MISTAKE, Best Move Was:}(exd5 Be7 d4 Bh4+) Nc6 {-2.25 ➤ -0.82 ?MISTAKE, Best Move Was:}(g5 h3 Nh6 d4) 5. d4 Be7 {-1.61 ➤ -0.32 ?MISTAKE, Best Move Was:}(g5 h4 g4 Ng1) 6. c3 {-0.32 ➤ -1.76 ?MISTAKE, Best Move Was:}(Bxf4 g5 Be3 g4) Bh4+ 7. g3 {-0.94 ➤ -2.44 ?MISTAKE, Best Move Was:}(Ke2 Bg4 Bxf4 Nf6) fxg3 8. Bg2 {-1.94 ➤ -3.56 ?MISTAKE, Best Move Was:}(hxg3 Bxg3+ Kd2 g5) Bg4 {-3.56 ➤ -1.25 ?MISTAKE, Best Move Was:}(gxh2+ Ke2 Bg4 Rxh2) 9. O-O {-1.25 ➤ -3.06 ?MISTAKE, Best Move Was:}(h3 Bh5 Qd3 Be7) Qe7 {-3.06 ➤ -1.04 ?MISTAKE, Best Move Was:}(gxh2+ Kxh2 Nge7 Qd3) 10. Qd3 Rc8 {-1.76 ➤ 4.13 ??BLUNDER, Best Move Was:}(Nh6 Bxh6 gxh6 Kh1) 11. h3 {4.13 ➤ -0.27 ??BLUNDER, Best Move Was:}(hxg3 Bf6 exf6 Nxf6) Be6 {-0.27 ➤ 0.78 ?MISTAKE, Best Move Was:}(Bxf3 Qxf3 Rd8 Na3) 12. Nbd2 {0.78 ➤ -1.05 ?MISTAKE, Best Move Was:}(c4 Rd8 Nc3 dxc4) Rd8 {-1.05 ➤ 1.17 ?MISTAKE, Best Move Was:}(Bg5 Nxg5 Qxg5 Rf3) 13. Nxh4 {1.17 ➤ -1.05 ?MISTAKE, Best Move Was:}(Nb3 Nh6 Bxh6 gxh6) Qxh4 14. Nf3 Qh5 15. Qb5 {-0.85 ➤ -3.4 ?MISTAKE, Best Move Was:}(Ng5 Nge7 Qxg3 Qg6) Nge7 16. Qxb7 O-O 17. h4 Rb8 18. Qxc7 {-3.23 ➤ -7.32 ??BLUNDER, Best Move Was:}(Qa6 Rb6 Qe2 h6) Rfc8 19. Qd6 Qg6 {-7.21 ➤ -3.94 ??BLUNDER, Best Move Was:}(Nf5 Qc5 Ncxd4 cxd4) 20. Ng5 {-3.94 ➤ -6.25 ?MISTAKE, Best Move Was:}(Qa3 Nf5 b4 Qg4) h6 {-6.25 ➤ 1.35 ??BLUNDER, Best Move Was:}(Nf5 Qxd5 Bxd5 Bxd5) 21. Nxf7 {1.35 ➤ -4.69 ??BLUNDER, Best Move Was:}(Nxe6 fxe6 h5 Qg4) Bxf7 {-4.69 ➤ -2.32 ?MISTAKE, Best Move Was:}(Nf5 Nxh6+ gxh6 h5) 22. Qxg6 Bxg6 23. Rf4 a6 24. Be3 {-1.59 ➤ -4.01 ?MISTAKE, Best Move Was:}(Rg4 Bf7 Rxg3 Nf5) Nd8 {-4.01 ➤ -2.17 ?MISTAKE, Best Move Was:}(Rxb2 Rg4 Kh7 Rxg3) 25. Rg4 {-2.17 ➤ -4.24 ?MISTAKE, Best Move Was:}(Bc1 Bh5 Bf3 Ne6) Rxb2 26. Rf1 {-3.94 ➤ -5.46 ?MISTAKE, Best Move Was:}(Rc1 Kh7 Rxg3 Nf5) Rxc3 27. Bxh6 {-4.7 ➤ -5.93 ?MISTAKE, Best Move Was:}(Rxg3 Re2 Rxg6 Nxg6) gxh6 28. Rgf4 {-5.9 ➤ -9.4 ?MISTAKE, Best Move Was:}(h5 Kg7 Bxd5 Rh2) Rcc2 29. Rf8+ {-8.5 ➤ -10.63 ?MISTAKE, Best Move Was:}(Bh3 Ndc6 Rg4 Kh7) Kg7 30. Bxd5 Bd3 31. R1f4 {-11.6 ➤ -M5 ?MISTAKE, Best Move Was:}(Ba8 Bxf1 Rxf1 Ndc6) Nxd5 32. R4f5 Rg2+ 33. Kh1 Rh2+ 34. Kg1 Rbg2#",False,/r/chess/comments/1ndj2et/sneaky_king_gambit/,chess,1757521868.0,2,0.5,Game Analysis/Study
1ndj1aj,https://www.reddit.com/r/pcmasterrace/comments/1ndj1aj/gpu_upgraded_question_about_future_bottleneck/,,1,"GPU upgraded, question about future bottleneck",b0ltaction,False,True,False,,False,"I'm currently running an i7 9700k, 8GB RAM and a 3070ti with an m.2 SSD. It's been awhile since I checked on my cash back rewards and found I had about $800 in free money that I decided to put into upgrades for this build. The 3070ti has been a great card and performs well enough for 1440p getting 60-80fps on most AAA titles but I noticed some annoying frame drops recently on games like MGS Delta (Unreal Engine is partially to blame I suspect), No Mans Sky is not very playable at 1440p on medium-high, BF6 and Satisfactory.

I already pulled the trigger on an RTX 5070ti, 32GB RAM and I'm dipping my toe into liquid cooling with the NZXT Kraken 280mm CPU cooler to try and extend the life of the CPU with some overclocking if I need it. The motherboard and CPU will eventually become my bottleneck but curious to get thoughts on how short-term these upgrades will be before a full CPU/Mobo/RAM replacement will be needed. 

My monitor is 120hz with no plans to go higher than that so frame rates above 120 are never needed.",False,/r/pcmasterrace/comments/1ndj1aj/gpu_upgraded_question_about_future_bottleneck/,pcmasterrace,1757521803.0,5,0.6,Hardware
1ndj107,https://i.redd.it/gfyeyfgqg8of1.gif,,18,"Small but important, hopefully DICE fixes the BF6 hip fire animations by launch.",Fit-Support2256,False,False,False,"{'images': [{'id': 'cwaNUaUG1FTX0zQiUUYmCkrMl5zt9QoYuCmYvgQenM0', 'source': {'url': 'https://preview.redd.it/gfyeyfgqg8of1.gif?format=png8&s=72d0e7124842bd68cf010fd6334e7b939b614547', 'width': 560, 'height': 320}, 'variants': {'gif': {'source': {'url': 'https://preview.redd.it/gfyeyfgqg8of1.gif?s=35015100618f00674f4b3bb5dc6fbe8f5b659ac8', 'width': 560, 'height': 320}, 'resolutions': [{'url': 'https://preview.redd.it/gfyeyfgqg8of1.gif?width=108&crop=smart&s=73b5d17fe34014776ccadb904f6766b8ce7ca299', 'width': 108, 'height': 61}, {'url': 'https://preview.redd.it/gfyeyfgqg8of1.gif?width=216&crop=smart&s=c8148ba77ae31bda62bf84b894108339ea4ab1c9', 'width': 216, 'height': 123}, {'url': 'https://preview.redd.it/gfyeyfgqg8of1.gif?width=320&crop=smart&s=38e53097b92de56675cd9dba88060b3277e28b03', 'width': 320, 'height': 182}]}, 'mp4': {'source': {'url': 'https://preview.redd.it/gfyeyfgqg8of1.gif?format=mp4&s=40a64fd69364724f78bca13e94d26df538305eba', 'width': 560, 'height': 320}, 'resolutions': [{'url': 'https://preview.redd.it/gfyeyfgqg8of1.gif?width=108&format=mp4&s=f36b8d80edac89fe3ef0258008fd85232dc14762', 'width': 108, 'height': 61}, {'url': 'https://preview.redd.it/gfyeyfgqg8of1.gif?width=216&format=mp4&s=dd93934e3de2c9cbf24b319d268ec6e92dbbfc7f', 'width': 216, 'height': 123}, {'url': 'https://preview.redd.it/gfyeyfgqg8of1.gif?width=320&format=mp4&s=b7356845ae59935287011f691b8695f50f6739ed', 'width': 320, 'height': 182}]}}, 'resolutions': [{'url': 'https://preview.redd.it/gfyeyfgqg8of1.gif?width=108&crop=smart&format=png8&s=3f21fcfe033c6c50e995dd01a1ed397a9770d5be', 'width': 108, 'height': 61}, {'url': 'https://preview.redd.it/gfyeyfgqg8of1.gif?width=216&crop=smart&format=png8&s=c97685677cc2ca9b86b8b0c626f0dcf50c2e6570', 'width': 216, 'height': 123}, {'url': 'https://preview.redd.it/gfyeyfgqg8of1.gif?width=320&crop=smart&format=png8&s=39e6cb627b10aa209227510fd1e79f8c74523419', 'width': 320, 'height': 182}]}], 'enabled': True}",False,,False,/r/Battlefield/comments/1ndj107/small_but_important_hopefully_dice_fixes_the_bf6/,Battlefield,1757521784.0,4,0.87,Battlefield 6
1ndiuwc,https://www.reddit.com/r/battlefield2042/comments/1ndiuwc/does_kills_in_solo_bot_modes_give_mastery/,,1,Does kills in Solo Bot Modes Give Mastery Progression?,ExemptBoss,False,True,False,,False,Hello people from the future. I want to get platinum on this game before bf6 launches. Can I get the mastery badges if I play the solo mode? I don’t want to get 1200 online tank kills. Thanks,False,/r/battlefield2042/comments/1ndiuwc/does_kills_in_solo_bot_modes_give_mastery/,battlefield2042,1757521422.0,7,0.57,Question
1ndigz7,https://www.reddit.com/gallery/1ndigz7,,45,NATO Skin Pack: U.S. Special Operations,Katana67,False,False,False,,False,"I’m loving the character skins so far for BF6, but would love to see additional skin packs devoted to specific units, organizations, or designed to emulate a particular country’s military. 

Lots to mine here for the aesthetic of each class!",False,/r/Battlefield/comments/1ndigz7/nato_skin_pack_us_special_operations/,Battlefield,1757520595.0,10,0.88,Battlefield 6
1ndi782,https://www.reddit.com/r/battlefield2042/comments/1ndi782/battlefield_2042_is_unplayable_for_me/,,0,Battlefield 2042 is unplayable for me,Turbulent-Ice-464,False,True,False,,False,"I just need to vent lol. A couple weeks ago I bought the game for like $3. Worst $3 I've ever spent. I loved the BF6 open beta and I loved playing BF3 back when it came out. This is my first time playing 2042 and I freaking HATE it! I get so angry playing it cause all I do is die/respawn/repeat. Its like I'm shooting pellets at the other players then POPOPOPOP I'm dead from someone completely behind me. I consider myself a pretty average player when it comes to skill and stuff. And I'm sure it just comes down to practice, but I jumped right into BF6 and had a blast! It felt pretty balanced. I can't wait for it to be released cause 2042 is killing me.
At least BF6 and Arc Raiders is just a few weeks away!",False,/r/battlefield2042/comments/1ndi782/battlefield_2042_is_unplayable_for_me/,battlefield2042,1757520015.0,20,0.3,Discussion
1ndi6c5,https://i.redd.it/922pk2p61dof1.jpeg,,0,Finally got 100 nukes☢️ how may nukes you guys have?,Diligent-Height-4750,False,False,False,"{'images': [{'id': 'L7Nv5XQ9GK470jVC4Ylh0MZo5mrsAZJBQOEHtsDXodM', 'source': {'url': 'https://preview.redd.it/922pk2p61dof1.jpeg?auto=webp&s=29e2b20624a0d5d2bd9d2ab778fa6ed136bb2495', 'width': 3024, 'height': 4032}, 'variants': {}, 'resolutions': [{'url': 'https://preview.redd.it/922pk2p61dof1.jpeg?width=108&crop=smart&auto=webp&s=899c4912513c287e958c7ac023b042cde5d27667', 'width': 108, 'height': 144}, {'url': 'https://preview.redd.it/922pk2p61dof1.jpeg?width=216&crop=smart&auto=webp&s=9b7da677c2e0d4cd4780c92041a5855e35fb3b22', 'width': 216, 'height': 288}, {'url': 'https://preview.redd.it/922pk2p61dof1.jpeg?width=320&crop=smart&auto=webp&s=9cc6b8e7fa06ec9a7fa7b3c292c4009b884db071', 'width': 320, 'height': 426}, {'url': 'https://preview.redd.it/922pk2p61dof1.jpeg?width=640&crop=smart&auto=webp&s=df391256bceef48fa28afc4bc2b5a8b3a7129968', 'width': 640, 'height': 853}, {'url': 'https://preview.redd.it/922pk2p61dof1.jpeg?width=960&crop=smart&auto=webp&s=2ff79567829beb8c13f829e7e74048bf10c831aa', 'width': 960, 'height': 1280}, {'url': 'https://preview.redd.it/922pk2p61dof1.jpeg?width=1080&crop=smart&auto=webp&s=1570a248be2b3fe42ff092d380a1c9e2314e417a', 'width': 1080, 'height': 1440}]}], 'enabled': True}",False,Next stop BF6,False,/r/BO6/comments/1ndi6c5/finally_got_100_nukes_how_may_nukes_you_guys_have/,BO6,1757519964.0,34,0.26,Multiplayer
1ndhy4b,https://v.redd.it/ql7e9tqdzcof1,"{'reddit_video': {'width': 1920, 'height': 1080, 'is_gif': False, 'hls_url': 'https://v.redd.it/ql7e9tqdzcof1/HLSPlaylist.m3u8?a=1760158802%2CMzRkNjcxZjM3ODA2YjI1NzBhN2FjZDZmY2JkY2Y5YThkOTkzOTBhNmYyY2M0YzczNWY5M2Q3NDQyODBlYThmMg%3D%3D&v=1&f=sd', 'dash_url': 'https://v.redd.it/ql7e9tqdzcof1/DASHPlaylist.mpd?a=1760158802%2COTVhYmEwNDU5NTQyMmMwZTUwYjY1YTliMmE2ZmUwZDhkMjIxMTkyNDRlZmNmM2NmOWFlODBhNzdmYzEyODEwNA%3D%3D&v=1&f=sd', 'duration': 380, 'has_audio': True, 'bitrate_kbps': 5000, 'fallback_url': 'https://v.redd.it/ql7e9tqdzcof1/DASH_1080.mp4?source=fallback', 'scrubber_media_url': 'https://v.redd.it/ql7e9tqdzcof1/DASH_96.mp4', 'transcoding_status': 'completed'}}",1573,All BF6 character skins currently available in Labs,cowslaw,False,False,False,"{'images': [{'id': 'OXBkdHpucm96Y29mMTDKIAhDZivTHybxX9kmm2fbYqRd3d56KLACj8v0aAWf', 'source': {'url': 'https://external-preview.redd.it/OXBkdHpucm96Y29mMTDKIAhDZivTHybxX9kmm2fbYqRd3d56KLACj8v0aAWf.png?format=pjpg&auto=webp&s=d12233353a17f97d9fa7783640aadd8c9976adbc', 'width': 1920, 'height': 1080}, 'variants': {}, 'resolutions': [{'url': 'https://external-preview.redd.it/OXBkdHpucm96Y29mMTDKIAhDZivTHybxX9kmm2fbYqRd3d56KLACj8v0aAWf.png?width=108&crop=smart&format=pjpg&auto=webp&s=63a65172f9cf42ccd480dc525f1013ac77d90379', 'width': 108, 'height': 60}, {'url': 'https://external-preview.redd.it/OXBkdHpucm96Y29mMTDKIAhDZivTHybxX9kmm2fbYqRd3d56KLACj8v0aAWf.png?width=216&crop=smart&format=pjpg&auto=webp&s=499eae262074af42db26e506614a47b2bcc79332', 'width': 216, 'height': 121}, {'url': 'https://external-preview.redd.it/OXBkdHpucm96Y29mMTDKIAhDZivTHybxX9kmm2fbYqRd3d56KLACj8v0aAWf.png?width=320&crop=smart&format=pjpg&auto=webp&s=fad4f57d719812a1ab2b5dbe6659ec5f4becf252', 'width': 320, 'height': 180}, {'url': 'https://external-preview.redd.it/OXBkdHpucm96Y29mMTDKIAhDZivTHybxX9kmm2fbYqRd3d56KLACj8v0aAWf.png?width=640&crop=smart&format=pjpg&auto=webp&s=40a220eed14b06ab5e2b1f050ae8785f134eb1bd', 'width': 640, 'height': 360}, {'url': 'https://external-preview.redd.it/OXBkdHpucm96Y29mMTDKIAhDZivTHybxX9kmm2fbYqRd3d56KLACj8v0aAWf.png?width=960&crop=smart&format=pjpg&auto=webp&s=22410f2490cdd789372754da8620b1b2918082bb', 'width': 960, 'height': 540}, {'url': 'https://external-preview.redd.it/OXBkdHpucm96Y29mMTDKIAhDZivTHybxX9kmm2fbYqRd3d56KLACj8v0aAWf.png?width=1080&crop=smart&format=pjpg&auto=webp&s=dcd96fa16c9631555464eecd5f461d8380eb5d69', 'width': 1080, 'height': 607}]}], 'enabled': False}",False,,False,/r/Battlefield/comments/1ndhy4b/all_bf6_character_skins_currently_available_in/,Battlefield,1757519458.0,610,0.97,Battlefield 6
1ndh378,https://i.redd.it/099cb3vntcof1.jpeg,,48,what mode have you played the most,zbananajuice,False,False,False,"{'images': [{'id': 'EI6IwLjyvk-D0hzpIE9_p6EsybrEOj6ZpzZL2tcXX8I', 'source': {'url': 'https://preview.redd.it/099cb3vntcof1.jpeg?auto=webp&s=248dbafc6c482203732d3ecb28256f826c77d084', 'width': 1920, 'height': 1080}, 'variants': {}, 'resolutions': [{'url': 'https://preview.redd.it/099cb3vntcof1.jpeg?width=108&crop=smart&auto=webp&s=05ba141dfa93b3043bf5d1a9204b0530591736f1', 'width': 108, 'height': 60}, {'url': 'https://preview.redd.it/099cb3vntcof1.jpeg?width=216&crop=smart&auto=webp&s=6fd247371a0dc43892418be1ee36b4a2b73645c8', 'width': 216, 'height': 121}, {'url': 'https://preview.redd.it/099cb3vntcof1.jpeg?width=320&crop=smart&auto=webp&s=58fddc7734c5e289c91087d404f8d1f3eed45fe2', 'width': 320, 'height': 180}, {'url': 'https://preview.redd.it/099cb3vntcof1.jpeg?width=640&crop=smart&auto=webp&s=40450e1fa975197df3354ca5d8becbea01d84412', 'width': 640, 'height': 360}, {'url': 'https://preview.redd.it/099cb3vntcof1.jpeg?width=960&crop=smart&auto=webp&s=be0f75e961f1c24f6f456cf7a80607f1c28939c7', 'width': 960, 'height': 540}, {'url': 'https://preview.redd.it/099cb3vntcof1.jpeg?width=1080&crop=smart&auto=webp&s=adb478eaabc7eaa691f70b298f59484a74a38edc', 'width': 1080, 'height': 607}]}], 'enabled': True}",False,"im new to battlefield and have been having a great time, i mainly play conquest but in battlefield 6 i loved breakthrough, out of all the classic battlefield modes what have you put the most hours in, conquest breakthrough rush or other, also i played rush for the first time in bf6 but since people say other games did rush better  so i gotta try it out",False,/r/Battlefield/comments/1ndh378/what_mode_have_you_played_the_most/,Battlefield,1757517569.0,65,0.91,Discussion
1ndh05q,https://i.redd.it/59c9po26tcof1.jpeg,,723,which one do you think i should play in preparation for battlefield 6,zbananajuice,False,False,False,"{'images': [{'id': 'QzCFNQdHxTjWz6eRrzd5FICE3sP6Lm3Kf8VB0xWGUpY', 'source': {'url': 'https://preview.redd.it/59c9po26tcof1.jpeg?auto=webp&s=0e24c78e1e7fc639343127a337f5c7dfeb4ec010', 'width': 1280, 'height': 720}, 'variants': {}, 'resolutions': [{'url': 'https://preview.redd.it/59c9po26tcof1.jpeg?width=108&crop=smart&auto=webp&s=6a8dd84c41f218310a15aaf9d4e7bee145d71d6b', 'width': 108, 'height': 60}, {'url': 'https://preview.redd.it/59c9po26tcof1.jpeg?width=216&crop=smart&auto=webp&s=7e0611f8237207240ac4a787604fb82fe2ba2974', 'width': 216, 'height': 121}, {'url': 'https://preview.redd.it/59c9po26tcof1.jpeg?width=320&crop=smart&auto=webp&s=888802ba7bfc43bf149b9f6a364583cee2b9c3cb', 'width': 320, 'height': 180}, {'url': 'https://preview.redd.it/59c9po26tcof1.jpeg?width=640&crop=smart&auto=webp&s=2aaf48d63c9ee1f8ca7498bc413387db333fe17b', 'width': 640, 'height': 360}, {'url': 'https://preview.redd.it/59c9po26tcof1.jpeg?width=960&crop=smart&auto=webp&s=20d45d981b4f31ce7efcb6d1134995a456ec819a', 'width': 960, 'height': 540}, {'url': 'https://preview.redd.it/59c9po26tcof1.jpeg?width=1080&crop=smart&auto=webp&s=505b572d1bff4e7323c8699167e2666f644cf209', 'width': 1080, 'height': 607}]}], 'enabled': True}",False,"im pretty new to battlefield but have been enjoying all the games, and i can't wait for bf6, honestly this is a amazing franchise, but before bf6 what game do you think i should put more time in, bf1 bf5 or 2042, maybe 2042 for battle pass but bf1 and bf5 gun play and immserion for bf1 is incredible,",False,/r/Battlefield/comments/1ndh05q/which_one_do_you_think_i_should_play_in/,Battlefield,1757517379.0,736,0.91,Question
1ndghh7,https://www.reddit.com/r/Battlefield/comments/1ndghh7/its_not_only_in_bf6/,,0,Its not only in BF6....,DoktorSkill,False,True,False,,False,"https://reddit.com/link/1ndghh7/video/d76n88jwpcof1/player

where the shotgun is op.",False,/r/Battlefield/comments/1ndghh7/its_not_only_in_bf6/,Battlefield,1757516242.0,0,0.17,Battlefield 2042
1ndga6f,https://www.reddit.com/gallery/1ndga6f,,1008,New BF6 BR screenshots leaked,Interesting_Sky6926,False,False,False,,False,Via Temporyal on X ,False,/r/Battlefield/comments/1ndga6f/new_bf6_br_screenshots_leaked/,Battlefield,1757515773.0,102,0.95,Battlefield 6
1ndfu51,https://www.reddit.com/r/Battlefield6/comments/1ndfu51/who_else_is_excited_for_the_soundtrack/,,17,Who else is excited for the soundtrack?,IKELOS-SMG-V103,False,True,False,,False,"And do we know who’s working on it? I’d love to have Johan Söderqvist and Patrik Andrén back, I loved Battlefield 1 and 5’s soundtrack and if we’re moving to more orchestral themes for BF6 they’d be perfect imo",False,/r/Battlefield6/comments/1ndfu51/who_else_is_excited_for_the_soundtrack/,Battlefield6,1757514744.0,7,0.85,Discussion
1ndfr59,https://v.redd.it/br1r1wo0lcof1,"{'reddit_video': {'width': 1920, 'height': 1080, 'is_gif': False, 'hls_url': 'https://v.redd.it/br1r1wo0lcof1/HLSPlaylist.m3u8?a=1760158802%2CMTYxYzczNDFjOWRlN2ZlZDkxNTBlMjhlNzMwNGY5NzBkZjBjZDUxODhiZDg0Yjc1NDhhOWQyNmIyN2FhZmU4YQ%3D%3D&v=1&f=sd', 'dash_url': 'https://v.redd.it/br1r1wo0lcof1/DASHPlaylist.mpd?a=1760158802%2CMjBlMjM5ZTBkYTBlNTU4ZWY5OWMxYzBhMDEyM2NiNGZlNzYzMmFmODRlZjg2MjRkZDFmNTMwNmE4NzYyYTdhOQ%3D%3D&v=1&f=sd', 'duration': 29, 'has_audio': True, 'bitrate_kbps': 5000, 'fallback_url': 'https://v.redd.it/br1r1wo0lcof1/DASH_1080.mp4?source=fallback', 'scrubber_media_url': 'https://v.redd.it/br1r1wo0lcof1/DASH_96.mp4', 'transcoding_status': 'completed'}}",191,Pro Tip for New Players: Shoot Down Air Vehicles!,jturnerbu7,False,False,False,"{'images': [{'id': 'b2piamczZDBsY29mMaILAzU1-f8UL1W5tUpq0Cl5B3xuaCvtXKN3XKnfJ-Aw', 'source': {'url': 'https://external-preview.redd.it/b2piamczZDBsY29mMaILAzU1-f8UL1W5tUpq0Cl5B3xuaCvtXKN3XKnfJ-Aw.png?format=pjpg&auto=webp&s=066a780db6ca9e8e1fc78a6f2f55480d21188a63', 'width': 1920, 'height': 1080}, 'variants': {}, 'resolutions': [{'url': 'https://external-preview.redd.it/b2piamczZDBsY29mMaILAzU1-f8UL1W5tUpq0Cl5B3xuaCvtXKN3XKnfJ-Aw.png?width=108&crop=smart&format=pjpg&auto=webp&s=ad1faa5219ec307cedaebb39479d5706e3639c64', 'width': 108, 'height': 60}, {'url': 'https://external-preview.redd.it/b2piamczZDBsY29mMaILAzU1-f8UL1W5tUpq0Cl5B3xuaCvtXKN3XKnfJ-Aw.png?width=216&crop=smart&format=pjpg&auto=webp&s=4ec9f5c44cfeab12fc4c8cb3ccc9960b7469ed92', 'width': 216, 'height': 121}, {'url': 'https://external-preview.redd.it/b2piamczZDBsY29mMaILAzU1-f8UL1W5tUpq0Cl5B3xuaCvtXKN3XKnfJ-Aw.png?width=320&crop=smart&format=pjpg&auto=webp&s=5e26706dfbc09ade8d847d536303387bff4620c4', 'width': 320, 'height': 180}, {'url': 'https://external-preview.redd.it/b2piamczZDBsY29mMaILAzU1-f8UL1W5tUpq0Cl5B3xuaCvtXKN3XKnfJ-Aw.png?width=640&crop=smart&format=pjpg&auto=webp&s=09d0a34079d96e62b5738a09e902dfccf65db636', 'width': 640, 'height': 360}, {'url': 'https://external-preview.redd.it/b2piamczZDBsY29mMaILAzU1-f8UL1W5tUpq0Cl5B3xuaCvtXKN3XKnfJ-Aw.png?width=960&crop=smart&format=pjpg&auto=webp&s=16a2473da0575539fff06f41ebc57a657048cf97', 'width': 960, 'height': 540}, {'url': 'https://external-preview.redd.it/b2piamczZDBsY29mMaILAzU1-f8UL1W5tUpq0Cl5B3xuaCvtXKN3XKnfJ-Aw.png?width=1080&crop=smart&format=pjpg&auto=webp&s=1da4a80c1a97937edda7026621352d2e6569c4ac', 'width': 1080, 'height': 607}]}], 'enabled': False}",False,"Enemy aircraft giving you troubles? No problem! Just pull out an RPG and take it out!

Don’t bother using AA missiles, Liz missiles, SOFLAM, or hacking, etc… All of that stuff is completely useless against any half-competent pilot that will easily avoid those things because they know to simply duck when getting locked onto… Instead, you are better off just whipping out the RPG and getting your hands dirty! 

This will likely also be the optimal strategy going into BF6, especially considering that the RPGs in the new game are deadly accurate. Plus on top of that, the aircraft are also much slower and more clunky in terms of maneuverability. This makes it so that in BF6 the movement of aircraft is significantly easier to predict, meaning that it will also be significantly easier to line-up shots.

Happy hunting, No-Pats and soon-to-be Pats!",False,/r/battlefield2042/comments/1ndfr59/pro_tip_for_new_players_shoot_down_air_vehicles/,battlefield2042,1757514550.0,28,0.93,Video
1ndfl6f,https://www.youtube.com/watch?v=AnEqZAyCOyQ,"{'type': 'youtube.com', 'oembed': {'html': '<iframe width=""356"" height=""200"" src=""https://www.youtube.com/embed/AnEqZAyCOyQ?feature=oembed&enablejsapi=1"" frameborder=""0"" allow=""accelerometer; autoplay; clipboard-write; encrypted-media; gyroscope; picture-in-picture; web-share"" referrerpolicy=""strict-origin-when-cross-origin"" allowfullscreen title=""BF6 datamined menu/campaign music""></iframe>', 'type': 'video', 'title': 'BF6 datamined menu/campaign music', 'width': 356, 'height': 200, 'version': '1.0', 'author_url': 'https://www.youtube.com/@cowslaw', 'author_name': 'cowslaw', 'provider_url': 'https://www.youtube.com/', 'provider_name': 'YouTube', 'thumbnail_url': 'https://i.ytimg.com/vi/AnEqZAyCOyQ/hqdefault.jpg', 'thumbnail_width': 480, 'thumbnail_height': 360}}",20,BF6 datamined menu/campaign music,cowslaw,False,False,False,"{'images': [{'id': 'hBDHiuhyK_TPp9nUIZwAamb6J9hYK2agOT9MKQMzs0A', 'source': {'url': 'https://external-preview.redd.it/hBDHiuhyK_TPp9nUIZwAamb6J9hYK2agOT9MKQMzs0A.jpeg?auto=webp&s=e56e1751973d623c9a6ea9435c34bbd5cbbbac24', 'width': 480, 'height': 360}, 'variants': {}, 'resolutions': [{'url': 'https://external-preview.redd.it/hBDHiuhyK_TPp9nUIZwAamb6J9hYK2agOT9MKQMzs0A.jpeg?width=108&crop=smart&auto=webp&s=e8c2123e11530546c649a837b303ae04b5efaff0', 'width': 108, 'height': 81}, {'url': 'https://external-preview.redd.it/hBDHiuhyK_TPp9nUIZwAamb6J9hYK2agOT9MKQMzs0A.jpeg?width=216&crop=smart&auto=webp&s=93c30092d6d6bce326e2172993cda222bb099031', 'width': 216, 'height': 162}, {'url': 'https://external-preview.redd.it/hBDHiuhyK_TPp9nUIZwAamb6J9hYK2agOT9MKQMzs0A.jpeg?width=320&crop=smart&auto=webp&s=7127f8bac8d54b08cd4fb7fc8aee1720d8e06604', 'width': 320, 'height': 240}]}], 'enabled': False}",False,,False,/r/Battlefield/comments/1ndfl6f/bf6_datamined_menucampaign_music/,Battlefield,1757514150.0,18,0.84,Battlefield 6
1ndfaeo,https://www.reddit.com/r/Battlefield/comments/1ndfaeo/2042_ea_launcher_rewards_for_bf6_available_when_i/,,1,2042 (EA launcher) rewards for bf6 available when i purchase bf6 on steam?,Z0tteke,1757515934.0,True,False,,False,I linked my steam account to EA launcher and played BF2042 through EA. I want to purchase BF6 on steam because that's my biggest and foremost go to library for gaming. But will the battlepass rewards for BF6 be available on BF6 when i purchase it on steam?,False,/r/Battlefield/comments/1ndfaeo/2042_ea_launcher_rewards_for_bf6_available_when_i/,Battlefield,1757513465.0,9,0.67,Battlefield 6
1ndeu3g,https://v.redd.it/wiwg6hynecof1,"{'reddit_video': {'width': 1920, 'height': 1080, 'is_gif': False, 'hls_url': 'https://v.redd.it/wiwg6hynecof1/HLSPlaylist.m3u8?a=1760158802%2CMWZhNGI5NzA3N2QxODQzNWMzZTlmN2Y0Y2UzZjBiMTcxMzhiNWVmMmUwYzVkOTZiNGJhOTI5NWY5NjUxMTE2Mg%3D%3D&v=1&f=sd', 'dash_url': 'https://v.redd.it/wiwg6hynecof1/DASHPlaylist.mpd?a=1760158802%2CMjk3NTE4MTZjY2RjYzE1YzQwYjY4Y2I1ZDJmYzAzNmNhYWI3MGUyYWI4OWNjN2MyYjBmYThhZDgzYWQ1NWE3MQ%3D%3D&v=1&f=sd', 'duration': 164, 'has_audio': True, 'bitrate_kbps': 5000, 'fallback_url': 'https://v.redd.it/wiwg6hynecof1/DASH_1080.mp4?source=fallback', 'scrubber_media_url': 'https://v.redd.it/wiwg6hynecof1/DASH_96.mp4', 'transcoding_status': 'completed'}}",1263,BF6 character skin thumbnails,cowslaw,False,False,False,"{'images': [{'id': 'eW1ycnZlOXJlY29mMXpXU2kqCYP1YT0ljivx3rOg34dIuYj0c3967jrCbNjU', 'source': {'url': 'https://external-preview.redd.it/eW1ycnZlOXJlY29mMXpXU2kqCYP1YT0ljivx3rOg34dIuYj0c3967jrCbNjU.png?format=pjpg&auto=webp&s=83eb26f1ccd594d3067a7700eac92d6382cb6856', 'width': 1920, 'height': 1080}, 'variants': {}, 'resolutions': [{'url': 'https://external-preview.redd.it/eW1ycnZlOXJlY29mMXpXU2kqCYP1YT0ljivx3rOg34dIuYj0c3967jrCbNjU.png?width=108&crop=smart&format=pjpg&auto=webp&s=540f0a593f47cdfc708b3ea9f5159562cb8912c0', 'width': 108, 'height': 60}, {'url': 'https://external-preview.redd.it/eW1ycnZlOXJlY29mMXpXU2kqCYP1YT0ljivx3rOg34dIuYj0c3967jrCbNjU.png?width=216&crop=smart&format=pjpg&auto=webp&s=bc4385d283ac87257c0f0266162bc6280c9cfe44', 'width': 216, 'height': 121}, {'url': 'https://external-preview.redd.it/eW1ycnZlOXJlY29mMXpXU2kqCYP1YT0ljivx3rOg34dIuYj0c3967jrCbNjU.png?width=320&crop=smart&format=pjpg&auto=webp&s=cd77c6cab69a4812587ac094294ecfff3b487d57', 'width': 320, 'height': 180}, {'url': 'https://external-preview.redd.it/eW1ycnZlOXJlY29mMXpXU2kqCYP1YT0ljivx3rOg34dIuYj0c3967jrCbNjU.png?width=640&crop=smart&format=pjpg&auto=webp&s=4c2a64ba2b4c5974f2d3eabdfe6eff6c796a5ace', 'width': 640, 'height': 360}, {'url': 'https://external-preview.redd.it/eW1ycnZlOXJlY29mMXpXU2kqCYP1YT0ljivx3rOg34dIuYj0c3967jrCbNjU.png?width=960&crop=smart&format=pjpg&auto=webp&s=54a7e5a056afabddd2b6ccc0656938437850da53', 'width': 960, 'height': 540}, {'url': 'https://external-preview.redd.it/eW1ycnZlOXJlY29mMXpXU2kqCYP1YT0ljivx3rOg34dIuYj0c3967jrCbNjU.png?width=1080&crop=smart&format=pjpg&auto=webp&s=8e9d53845f863f89ce1add01c2e5bbc4b0f0d82d', 'width': 1080, 'height': 607}]}], 'enabled': False}",False,,False,/r/Battlefield/comments/1ndeu3g/bf6_character_skin_thumbnails/,Battlefield,1757512419.0,361,0.97,Battlefield 6
1ndemxt,https://i.redd.it/iebi0v5bdcof1.jpeg,,4139,This is 100% pointed at the Cod community lol,OrdinaryBoat8000,False,False,False,"{'images': [{'id': 'QbA3vvPlH2NHoP12V1T6eKZvgxM-03mMYNBrC-hzgvM', 'source': {'url': 'https://preview.redd.it/iebi0v5bdcof1.jpeg?auto=webp&s=b69257f1af0d7d54262a53d88a4d7383fb065f0c', 'width': 750, 'height': 815}, 'variants': {}, 'resolutions': [{'url': 'https://preview.redd.it/iebi0v5bdcof1.jpeg?width=108&crop=smart&auto=webp&s=62d417f67bdb36433cf9402229d577828e27bcb3', 'width': 108, 'height': 117}, {'url': 'https://preview.redd.it/iebi0v5bdcof1.jpeg?width=216&crop=smart&auto=webp&s=0a04738a1c2debe8d874883fe40158e44d745ef0', 'width': 216, 'height': 234}, {'url': 'https://preview.redd.it/iebi0v5bdcof1.jpeg?width=320&crop=smart&auto=webp&s=c455ea89a10aeba76dcf271b4e1ba662f271d986', 'width': 320, 'height': 347}, {'url': 'https://preview.redd.it/iebi0v5bdcof1.jpeg?width=640&crop=smart&auto=webp&s=7ecff72e78cc9a1cb9692f5f59f174e1132909dd', 'width': 640, 'height': 695}]}], 'enabled': True}",False,"(I will not take a side, I just know it’s a thing)",False,/r/COD/comments/1ndemxt/this_is_100_pointed_at_the_cod_community_lol/,COD,1757511932.0,423,0.94,discussion
1ndebtq,https://www.reddit.com/r/GameTrade/comments/1ndebtq/hbattlefield_6_phantom_edition_assassins_creed/,,0,[H]Battlefield™ 6 Phantom Edition + Assassin's Creed & Borderlands 4  [W] Paypal or USDT,Candi80,False,True,False,,False,"I have 200 Confirmed trades on Reddit Hardwareswap and 30 + Trades on Heatware.

[https://www.reddit.com/r/IGSRep/comments/1ics9a7/candi80s\_igs\_rep\_page/](https://www.reddit.com/r/IGSRep/comments/1ics9a7/candi80s_igs_rep_page/)

1: Borderland 4 for $50

Nvidia GPU required to redeem.



2: BF6 Phantom Edition + Assasins Creed for 95$ (I can activate this for you for extra $5)

Battlefield™ 6 Phantom Edition (Full Download Details ARV: $99.99)

Assassin's Creed® Shadows Digital Deluxe Edition (Full Download Details ARV: $89.99 +)

Intel 13, 14 and Ultra CPUs required to redeem.

Featured Software

Canvid (Subscription ARV: US$45.00)

VEGAS Pro 365 (Subscription ARV: US$19.99)

XSplit Premium Suite (Subscription ARV: US$60.00)

Intel® Gamer Days Platinum Offer Total Value: $314.97

Thanks",False,/r/GameTrade/comments/1ndebtq/hbattlefield_6_phantom_edition_assassins_creed/,GameTrade,1757511178.0,1,0.33,
1nde2g0,https://www.reddit.com/r/MouseReview/comments/1nde2g0/good_mouse_and_keyboard_for_a_hardcore_casual/,,0,"Good mouse and keyboard for a hardcore, casual gamer",ImmediateTrust3674,False,True,False,,False,"I want to know the best mouse and keyboard for me and the website to get it from. Also, when I mean casual, I mean games like Skyrim, Cyberpunk 2077 etc where I’d be sitting and playing for hours comfortably (I do play fps shooting games too like R6, BF6, COD etc, but I’d prefer a gaming mouse much suited for casual gaming rather than one strictly for fps shooting games).

My hands are quite small, but I have normal sized, adult small male hands (no defect) and I want a mouse that won’t put any strain on my hands (like between my palm region). As for a keyboard, I’d prefer a 75% mechanical keybaord with a volume knob which you can turn/rotate to adjust.",False,/r/MouseReview/comments/1nde2g0/good_mouse_and_keyboard_for_a_hardcore_casual/,MouseReview,1757510505.0,4,0.5,Help
1nddyid,https://v.redd.it/cq70bmv68cof1,"{'reddit_video': {'width': 1920, 'height': 1080, 'is_gif': False, 'hls_url': 'https://v.redd.it/cq70bmv68cof1/HLSPlaylist.m3u8?a=1760158802%2CYWQwYmJjZTAwNGRjNjNlYTNiOTZjNWExN2Q2YzVlNTI2NWNmYTMwNWVhMjVmNjk3M2NlZGYwNzA3NTRjMmY0ZQ%3D%3D&v=1&f=sd', 'dash_url': 'https://v.redd.it/cq70bmv68cof1/DASHPlaylist.mpd?a=1760158802%2CMzliMTZlYWIyMDZlOTk2MTU0NDZjZDUyNWYxMjZiZjkzYTUxMmRmNGNiYmUzYWJmZWNlNDVjNDc5MmE1NTFkOQ%3D%3D&v=1&f=sd', 'duration': 21, 'has_audio': True, 'bitrate_kbps': 5000, 'fallback_url': 'https://v.redd.it/cq70bmv68cof1/DASH_1080.mp4?source=fallback', 'scrubber_media_url': 'https://v.redd.it/cq70bmv68cof1/DASH_96.mp4', 'transcoding_status': 'completed'}}",19,2042 Moment,SimbaPlant,False,False,False,"{'images': [{'id': 'dWNwNjkwcjY4Y29mMdcp-YTRlmSGQ3W6Bg54JvbWBOfwA9kFl-Ewckeb2edN', 'source': {'url': 'https://external-preview.redd.it/dWNwNjkwcjY4Y29mMdcp-YTRlmSGQ3W6Bg54JvbWBOfwA9kFl-Ewckeb2edN.png?format=pjpg&auto=webp&s=0ae3a397723137538de21a4b31eaa0874ac92010', 'width': 1024, 'height': 576}, 'variants': {}, 'resolutions': [{'url': 'https://external-preview.redd.it/dWNwNjkwcjY4Y29mMdcp-YTRlmSGQ3W6Bg54JvbWBOfwA9kFl-Ewckeb2edN.png?width=108&crop=smart&format=pjpg&auto=webp&s=8af6ec0b5ce597973f4d684831d907abb5e7f1e8', 'width': 108, 'height': 60}, {'url': 'https://external-preview.redd.it/dWNwNjkwcjY4Y29mMdcp-YTRlmSGQ3W6Bg54JvbWBOfwA9kFl-Ewckeb2edN.png?width=216&crop=smart&format=pjpg&auto=webp&s=dd6b70123b0c16ff7e99ef06d5e0aa1e13e1b961', 'width': 216, 'height': 121}, {'url': 'https://external-preview.redd.it/dWNwNjkwcjY4Y29mMdcp-YTRlmSGQ3W6Bg54JvbWBOfwA9kFl-Ewckeb2edN.png?width=320&crop=smart&format=pjpg&auto=webp&s=df5614f0157ba4bd2746dd637ff941f6fe67f205', 'width': 320, 'height': 180}, {'url': 'https://external-preview.redd.it/dWNwNjkwcjY4Y29mMdcp-YTRlmSGQ3W6Bg54JvbWBOfwA9kFl-Ewckeb2edN.png?width=640&crop=smart&format=pjpg&auto=webp&s=eba282f2a4d3dcd3b775a28ceed52f6dc00fcb0b', 'width': 640, 'height': 360}, {'url': 'https://external-preview.redd.it/dWNwNjkwcjY4Y29mMdcp-YTRlmSGQ3W6Bg54JvbWBOfwA9kFl-Ewckeb2edN.png?width=960&crop=smart&format=pjpg&auto=webp&s=4178e7811fb60bebaa8e4824266fa5909a74278d', 'width': 960, 'height': 540}]}], 'enabled': False}",False,"I have not touched battlefield since BF4.

since i just recently bought a Series X, i decided i would try it out before BF6 drops. 2042 not really my kinda of BF game, but the sound with Wartapes coming through my home theater system was my blowing. Also this felt so bad ass even tho this was the enemy😂",False,/r/Battlefield/comments/1nddyid/2042_moment/,Battlefield,1757510227.0,4,0.75,Battlefield 2042
1nddpv2,https://v.redd.it/jifoocpd6cof1,"{'reddit_video': {'width': 1280, 'height': 536, 'is_gif': False, 'hls_url': 'https://v.redd.it/jifoocpd6cof1/HLSPlaylist.m3u8?a=1760158802%2COTUzZDFlYTVhNzU4ZTc4NzM2ZTg5YzRhM2JiNTA2OTM0NTUxZWIxMGVlNWEyMjcyYTMwZDBiY2QyZTIzMjYyYQ%3D%3D&v=1&f=sd', 'dash_url': 'https://v.redd.it/jifoocpd6cof1/DASHPlaylist.mpd?a=1760158802%2CYTk2MWU3NzMzN2QxOTFmMzk3ZWRjNzU2YTM1NGFhNTU0Njk2NGQ2NGFkYmY1NDI1MjZjZjAxYjgwZmE5MzlkOQ%3D%3D&v=1&f=sd', 'duration': 786, 'has_audio': True, 'bitrate_kbps': 2400, 'fallback_url': 'https://v.redd.it/jifoocpd6cof1/DASH_720.mp4?source=fallback', 'scrubber_media_url': 'https://v.redd.it/jifoocpd6cof1/DASH_96.mp4', 'transcoding_status': 'completed'}}",353,BF6 new menu intro and background music,cowslaw,False,False,False,"{'images': [{'id': 'bTM0aDhoNmc2Y29mMbOcQ4hVlWDw9F3CVDIn5sJnMsyHisct3BeGFV6iPs-4', 'source': {'url': 'https://external-preview.redd.it/bTM0aDhoNmc2Y29mMbOcQ4hVlWDw9F3CVDIn5sJnMsyHisct3BeGFV6iPs-4.png?format=pjpg&auto=webp&s=f0363878cd01a3524c10ef18de386cbb3e494e3a', 'width': 1921, 'height': 804}, 'variants': {}, 'resolutions': [{'url': 'https://external-preview.redd.it/bTM0aDhoNmc2Y29mMbOcQ4hVlWDw9F3CVDIn5sJnMsyHisct3BeGFV6iPs-4.png?width=108&crop=smart&format=pjpg&auto=webp&s=309082a44d00d7ece2275c17f601bab1f5db1c40', 'width': 108, 'height': 45}, {'url': 'https://external-preview.redd.it/bTM0aDhoNmc2Y29mMbOcQ4hVlWDw9F3CVDIn5sJnMsyHisct3BeGFV6iPs-4.png?width=216&crop=smart&format=pjpg&auto=webp&s=ddcddc9bd306aaaaa2b179d02597ac39256f6726', 'width': 216, 'height': 90}, {'url': 'https://external-preview.redd.it/bTM0aDhoNmc2Y29mMbOcQ4hVlWDw9F3CVDIn5sJnMsyHisct3BeGFV6iPs-4.png?width=320&crop=smart&format=pjpg&auto=webp&s=0765c5c9c5a7df0784a0545b5fffaef3be8ee004', 'width': 320, 'height': 133}, {'url': 'https://external-preview.redd.it/bTM0aDhoNmc2Y29mMbOcQ4hVlWDw9F3CVDIn5sJnMsyHisct3BeGFV6iPs-4.png?width=640&crop=smart&format=pjpg&auto=webp&s=5044c3a692759cda3039eef5a7141292c8bf0fdd', 'width': 640, 'height': 267}, {'url': 'https://external-preview.redd.it/bTM0aDhoNmc2Y29mMbOcQ4hVlWDw9F3CVDIn5sJnMsyHisct3BeGFV6iPs-4.png?width=960&crop=smart&format=pjpg&auto=webp&s=585bbeead64daa9e68cde5313f34c871d3bd8141', 'width': 960, 'height': 401}, {'url': 'https://external-preview.redd.it/bTM0aDhoNmc2Y29mMbOcQ4hVlWDw9F3CVDIn5sJnMsyHisct3BeGFV6iPs-4.png?width=1080&crop=smart&format=pjpg&auto=webp&s=8df63ba340d4b41880c94f46f5e602b2fd735f0c', 'width': 1080, 'height': 452}]}], 'enabled': False}",False,,False,/r/Battlefield/comments/1nddpv2/bf6_new_menu_intro_and_background_music/,Battlefield,1757509625.0,38,0.99,Battlefield 6
1ndd74a,https://www.reddit.com/r/Battlefield/comments/1ndd74a/the_battlefield_mainline_universe_must_be_a_hell/,,142,The Battlefield mainline universe must be a hell to live in,Little_Papaya_2475,False,True,False,,False,"I was thinking about this for a long while but if we count the 5 mainline games that are all apart of one universe being bf3,bf4,BF6,BF2042,BF 2142 then you gotta realize how awful it must be to live in a universe with a continuous streak of large scale wars, first you've got the war of 2014 in bf3 with the American battle against the PLR and russia, then 6 years later you've got another mass scaled war with the U.S vs China vs Russia, and then 7 years later you've got the war that is being shown in BF6 with America and Nato fighting the most likely global Pax Armata coalition then from 2030-2040 their is massive global disasters with several nations collapsing with the final nail being the black out which then causes the war of 2042 between America and Russia that last all the way until 2049 in the lore. Then less then a century later a global ice age happens and it's another war again. Truly I would not wanna live in the Battlefield universe

https://preview.redd.it/l92tiqka2cof1.jpg?width=740&format=pjpg&auto=webp&s=37b5c5e3b328b401d3faf7c533bb33d4a79716c8

https://preview.redd.it/pw7sc1ac2cof1.jpg?width=1292&format=pjpg&auto=webp&s=a08880b3fd66fa106b75c8c3a742ca95886bc8a0

https://preview.redd.it/4pv8n43e2cof1.jpg?width=640&format=pjpg&auto=webp&s=300be37eca5d30ec8395857988e36566a217ab01

https://preview.redd.it/xnzsoyvf2cof1.png?width=1231&format=png&auto=webp&s=d932f81227c5cf064cd2a8efe5abfe17f3b97e6c

https://preview.redd.it/ubljwzzg2cof1.jpg?width=1100&format=pjpg&auto=webp&s=84ed0bbe6070c5810e7016d81d1eabbbd55d989e

",False,/r/Battlefield/comments/1ndd74a/the_battlefield_mainline_universe_must_be_a_hell/,Battlefield,1757508308.0,79,0.96,Discussion
1ndcrnd,https://v.redd.it/bpd4z2iqybof1,"{'reddit_video': {'width': 1920, 'height': 1080, 'is_gif': False, 'hls_url': 'https://v.redd.it/bpd4z2iqybof1/HLSPlaylist.m3u8?a=1760158802%2CZDgwZjU1NmVhM2M5Y2Q0M2U0M2Q1OTg3NGMxNjRjNmRiMjJmNGM1NzBkNjgyMzMyNjM1YmIzOTE5YzQ4ZmY1ZQ%3D%3D&v=1&f=sd', 'dash_url': 'https://v.redd.it/bpd4z2iqybof1/DASHPlaylist.mpd?a=1760158802%2CMzE1YzY5OGJlMTEyNTYxNjlhMzA4NjE4NTJiYTY5Nzc4OTk3ZjUzMzM2NGNiNDg2YmMxMjdjNjU4NWI2NjlhNw%3D%3D&v=1&f=sd', 'duration': 9, 'has_audio': True, 'bitrate_kbps': 5000, 'fallback_url': 'https://v.redd.it/bpd4z2iqybof1/DASH_1080.mp4?source=fallback', 'scrubber_media_url': 'https://v.redd.it/bpd4z2iqybof1/DASH_96.mp4', 'transcoding_status': 'completed'}}",3,My experience in the bf6 beta,furgeeked24,False,False,False,"{'images': [{'id': 'dnV1cHZxYnN5Ym9mMch5TsyVN0mDhYmELg8zeUxA1EjPb1EqL8LgQLfx8zBh', 'source': {'url': 'https://external-preview.redd.it/dnV1cHZxYnN5Ym9mMch5TsyVN0mDhYmELg8zeUxA1EjPb1EqL8LgQLfx8zBh.png?format=pjpg&auto=webp&s=376dde7aa1bf64f9c12f575679714f850ff52fa3', 'width': 720, 'height': 405}, 'variants': {}, 'resolutions': [{'url': 'https://external-preview.redd.it/dnV1cHZxYnN5Ym9mMch5TsyVN0mDhYmELg8zeUxA1EjPb1EqL8LgQLfx8zBh.png?width=108&crop=smart&format=pjpg&auto=webp&s=087eaf979c72a58d96cee8299e1c7bc307f17b1a', 'width': 108, 'height': 60}, {'url': 'https://external-preview.redd.it/dnV1cHZxYnN5Ym9mMch5TsyVN0mDhYmELg8zeUxA1EjPb1EqL8LgQLfx8zBh.png?width=216&crop=smart&format=pjpg&auto=webp&s=2e3ba234f7ff80b4a431ef858239f770b3f9575d', 'width': 216, 'height': 121}, {'url': 'https://external-preview.redd.it/dnV1cHZxYnN5Ym9mMch5TsyVN0mDhYmELg8zeUxA1EjPb1EqL8LgQLfx8zBh.png?width=320&crop=smart&format=pjpg&auto=webp&s=f23a22f8f1bbd7b3a2ce00e2056da1b3e09f842f', 'width': 320, 'height': 180}, {'url': 'https://external-preview.redd.it/dnV1cHZxYnN5Ym9mMch5TsyVN0mDhYmELg8zeUxA1EjPb1EqL8LgQLfx8zBh.png?width=640&crop=smart&format=pjpg&auto=webp&s=f18bab2a366812f1c9faa3e106c4ec358e430602', 'width': 640, 'height': 360}]}], 'enabled': False}",False,,False,/r/Battlefield/comments/1ndcrnd/my_experience_in_the_bf6_beta/,Battlefield,1757507129.0,0,0.8,Battlefield 6
1ndci28,https://i.redd.it/9wb5jg06wbof1.png,,0,It just occurred to me that the BF6 theme colour is about as different to BF2042 as possible. Trying to say something there EA? 😂,itscalledANIMEdad,False,False,False,"{'images': [{'id': 'og8Io0B8DPDUYoniYDxjFom0h-IP4dI_kgJsDOl4dpk', 'source': {'url': 'https://preview.redd.it/9wb5jg06wbof1.png?auto=webp&s=58255a3a181e04bd1013626a48e0e7f7b0cb5c12', 'width': 301, 'height': 206}, 'variants': {}, 'resolutions': [{'url': 'https://preview.redd.it/9wb5jg06wbof1.png?width=108&crop=smart&auto=webp&s=4b4fd40f60493172b892e61ff3aea7c009a93473', 'width': 108, 'height': 73}, {'url': 'https://preview.redd.it/9wb5jg06wbof1.png?width=216&crop=smart&auto=webp&s=d241e6e22444c5a22c61c218359bf8488b549b8c', 'width': 216, 'height': 147}]}], 'enabled': True}",False,,False,/r/Battlefield/comments/1ndci28/it_just_occurred_to_me_that_the_bf6_theme_colour/,Battlefield,1757506393.0,3,0.5,Rumor/Uncomfirmed
1ndchel,https://www.reddit.com/gallery/1ndchel,,11,BF6 Rush Rework Concept for Beta Maps,KimiBleikkonen,False,False,False,,False,"Slide 1 is my rework for Rush on Iberian Offensive, the one that felt the worst in the beta. Slide 2 shows the original beta sectors by DICE with very tiny sectors that only use 40% of the already small map. The last sector was a completely disaster with defender spawns and deadzones right next to the MCOMs. 

(Blue boxes are the attacker spawns for each sector, defender spawn left out to prevent visual clutter. Map borders & dead zones are rough estimates for orientation only, would need a more detailed map to get their exact placement right)

The rework is inspired by Grand Bazaar's circular Rush layout (attached at the end for reference) which uses the full map (despite its small size and non-linear Conquest layout) and allows for more breathing space for both attack and defense. The use of both the outer green space in the South as well as the C flag from Conquest makes the map way more interesting and allows for a change of pace & scenery compared to the small tight alleys in the North. There is an option to introduce an LAV for the attackers for the final stage with the green area & large street allowing for it if the MCOMs prove hard to get to.

Slide 3 is my rework for Rush on Empire State, Slide 4 for the DICE original from the beta. Similar to Iberian Offensive, we use the full map, there's no reason not to include the massive building on the north of the map as well as the green area in the north east which introduces a change of scenery and open flanking route. The first stage is untouched, but after that distances are increased and points of interest like the fire station (A2) are incorporated. We move north for the 3rd stage and come back to the basketball court (B4) and the original final A spot.

Slide 5 is my rework for Cairo. Slide 6 is the original DICE beta Cairo. Cairo has a very natural progression through the map, so the changes I made were boundaries for flanking and vehicles (tank or armored jeep depending on the stage) as well as better spacing of the sectors. Unlike the beta map, we use the large road between C and E as a flanking route in stage 2 as well as the extremely well designed D flag for a close quarters sector before returning to the big streets for sector 4.

I thought Liberation Peak played mostly fine. There are definitely things to tweak, but no drastic overhaul is needed, so I focused on the other three beta maps. Inclusion of some air vehicles on this map would already go a long way to make it feel more like Rush and less like Squad Rush.

Many people said the maps and their size are the issue and I disagree - the maps are fine, just like Grand Bazaar, they just need to be used properly. When Rush was one of the most popular modes of BF, it was a full walkthrough of the map, not just tiny parts of it. Opening up the map borders allowed for flanking, and letting defenders push attackers back without strict deadzones resulted in a Frontlines-like back and forth where winning gunfights mattered. 

Regarding player count, I think 24-32 is the sweet spot for Rush but the reworked map layouts with more breathing space would also allow for Portal servers with more players if some people like that chokepoint experience of Rush 128 and what not.

(screenshots from beta Rush layouts by MoiDawg on YT)",False,/r/Battlefield/comments/1ndchel/bf6_rush_rework_concept_for_beta_maps/,Battlefield,1757506345.0,2,0.74,Battlefield 6
1ndc9y6,https://v.redd.it/8lyn0i2zubof1,"{'reddit_video': {'width': 1920, 'height': 1080, 'is_gif': False, 'hls_url': 'https://v.redd.it/8lyn0i2zubof1/HLSPlaylist.m3u8?a=1760158802%2CN2Y5OGU0MjliYjFhNTQ5NTg2NjNiMjEyZWE1ZmI2MmEzZTU4YmExMDQxNDNmOWY0MjJiZjM4MjVkNzVkZGExZg%3D%3D&v=1&f=sd', 'dash_url': 'https://v.redd.it/8lyn0i2zubof1/DASHPlaylist.mpd?a=1760158802%2CZTUyMGE2NWFlYTBjYjVjYzIzNTdmZDZiZjI3NGE1MmEyOTdlYTY5NzFiOTdiYmEyMzU3OGQ1YzI0NmI1ZTM5Yg%3D%3D&v=1&f=sd', 'duration': 16, 'has_audio': True, 'bitrate_kbps': 5000, 'fallback_url': 'https://v.redd.it/8lyn0i2zubof1/DASH_1080.mp4?source=fallback', 'scrubber_media_url': 'https://v.redd.it/8lyn0i2zubof1/DASH_96.mp4', 'transcoding_status': 'completed'}}",28,Battlefield 6 Fighter Jet Races?,AltruisticEditor4862,False,False,False,"{'images': [{'id': 'czJ2d3B5enl1Ym9mMcWMe4doCZvvwcbI_8wPeWiQibpo5dsqLu7hCdjUX21h', 'source': {'url': 'https://external-preview.redd.it/czJ2d3B5enl1Ym9mMcWMe4doCZvvwcbI_8wPeWiQibpo5dsqLu7hCdjUX21h.png?format=pjpg&auto=webp&s=f706d8b66175969f2252d58dae8d0b4c00984087', 'width': 1920, 'height': 1080}, 'variants': {}, 'resolutions': [{'url': 'https://external-preview.redd.it/czJ2d3B5enl1Ym9mMcWMe4doCZvvwcbI_8wPeWiQibpo5dsqLu7hCdjUX21h.png?width=108&crop=smart&format=pjpg&auto=webp&s=78cdf15f80ba34bfa582c783a1c162b12c14b09e', 'width': 108, 'height': 60}, {'url': 'https://external-preview.redd.it/czJ2d3B5enl1Ym9mMcWMe4doCZvvwcbI_8wPeWiQibpo5dsqLu7hCdjUX21h.png?width=216&crop=smart&format=pjpg&auto=webp&s=da44a8cdcb15b4fc4b116de21f1a09726bfeb0c5', 'width': 216, 'height': 121}, {'url': 'https://external-preview.redd.it/czJ2d3B5enl1Ym9mMcWMe4doCZvvwcbI_8wPeWiQibpo5dsqLu7hCdjUX21h.png?width=320&crop=smart&format=pjpg&auto=webp&s=50f9628e83a147f6657e0619a44acc92ab0ee44b', 'width': 320, 'height': 180}, {'url': 'https://external-preview.redd.it/czJ2d3B5enl1Ym9mMcWMe4doCZvvwcbI_8wPeWiQibpo5dsqLu7hCdjUX21h.png?width=640&crop=smart&format=pjpg&auto=webp&s=abf6a43cdf9a24a45a696c9d35130a20e31bb5ee', 'width': 640, 'height': 360}, {'url': 'https://external-preview.redd.it/czJ2d3B5enl1Ym9mMcWMe4doCZvvwcbI_8wPeWiQibpo5dsqLu7hCdjUX21h.png?width=960&crop=smart&format=pjpg&auto=webp&s=fe9234b76c3981365782d3e282ada540953ff8ed', 'width': 960, 'height': 540}, {'url': 'https://external-preview.redd.it/czJ2d3B5enl1Ym9mMcWMe4doCZvvwcbI_8wPeWiQibpo5dsqLu7hCdjUX21h.png?width=1080&crop=smart&format=pjpg&auto=webp&s=45f2dd9e49152553ab6a0ddec82968892dabeb03', 'width': 1080, 'height': 607}]}], 'enabled': False}",False,With the toolset of portal and BF6 map design I’m more than certain that there will top gun style racing in the mountains. Very cool. ,False,/r/Battlefield6/comments/1ndc9y6/battlefield_6_fighter_jet_races/,Battlefield6,1757505767.0,5,0.95,Discussion
1ndc7ek,https://www.reddit.com/r/LookingForGamers/comments/1ndc7ek/english_speaking_discord_server_for_hkasia/,,1,English Speaking discord server for HK/Asia,trufix5,False,True,False,,False,"Hello all!

I have a discord server looking for more english speaking gamers in HK/Asia. With BF6 coming out soon, the primary focus is to get squads up and running for teamwork and coordination to dominate. The server is for any genre of gaming: FPS/MMO/MOBA/RPG/Board/DnD etc. 

We are looking to build a friendly community of like minded gamers. Please DM me if interested!",False,/r/LookingForGamers/comments/1ndc7ek/english_speaking_discord_server_for_hkasia/,LookingForGamers,1757505582.0,0,1.0,
1ndase4,https://www.reddit.com/r/Battlefield/comments/1ndase4/remove_cross_play_being_turned_on_naturally_for/,,0,Remove cross play being turned on naturally for BF6,Adventurous_Mode_808,False,True,False,,False,"While it does expand the overall player base count this comes at the cost of removing total playerbase for the console only playerbase and from what i've heard PC players often dislike console players on their team due to low skill or a perceived lack of PTFO.   
I don't think anyone would be bemoaning the loss of crossplay by it being turned off naturally for console players besides those that want to stomp casual matches.   
I bet if you asked most crossplaying individuals they are either kids who don't know how to navigate settings, people too tired after work to care about the match really, those that don't know it can be turned off or those playing with friends on PC.   
I bet if you asked those that didn't know a good chunk would ask how to turn crossplay off!",False,/r/Battlefield/comments/1ndase4/remove_cross_play_being_turned_on_naturally_for/,Battlefield,1757501087.0,22,0.4,Battlefield 6
1ndaosj,https://www.reddit.com/r/Battlefield/comments/1ndaosj/have_dice_addressed_doritos_yet/,,1,Have DICE addressed doritos yet?,Corsair833,False,True,False,,False,"Super excited for BF6; the only thing which made the beta less enjoyable for me was the doritos on every player, it made it feel like I was playing hunt the dot rather than finding players and then shooting them - my question is, do we know whether DICE have addressed this yet? Would be a shame if they release it with loads of big red dots everywhere, thanks!",False,/r/Battlefield/comments/1ndaosj/have_dice_addressed_doritos_yet/,Battlefield,1757500745.0,27,0.52,Battlefield 6
1nd9wdy,https://i.redd.it/ni40aidm7bof1.jpeg,,0,"another day, another post of being done!",jamesterfire,False,False,False,"{'images': [{'id': 'ftLrTD2ZomufMC9QgBPrQSHfbBAiyoVtkVmVAdTWccs', 'source': {'url': 'https://preview.redd.it/ni40aidm7bof1.jpeg?auto=webp&s=98d66f0b25e8b32043b744ba24746263ac67dd76', 'width': 1000, 'height': 567}, 'variants': {}, 'resolutions': [{'url': 'https://preview.redd.it/ni40aidm7bof1.jpeg?width=108&crop=smart&auto=webp&s=c17a4f90d7db4b6474c3f93c9132e5222e927ae1', 'width': 108, 'height': 61}, {'url': 'https://preview.redd.it/ni40aidm7bof1.jpeg?width=216&crop=smart&auto=webp&s=28df1ebe7aabe4e7cbff2585a71080d35a78d983', 'width': 216, 'height': 122}, {'url': 'https://preview.redd.it/ni40aidm7bof1.jpeg?width=320&crop=smart&auto=webp&s=185933a00ab33e8ccea7afb7703f432c4ea6d3de', 'width': 320, 'height': 181}, {'url': 'https://preview.redd.it/ni40aidm7bof1.jpeg?width=640&crop=smart&auto=webp&s=0b2091b830d04ab6fc525e6ef00d02bb8157639e', 'width': 640, 'height': 362}, {'url': 'https://preview.redd.it/ni40aidm7bof1.jpeg?width=960&crop=smart&auto=webp&s=f147f21de753612523230aa1ee8add13f441cd24', 'width': 960, 'height': 544}]}], 'enabled': True}",False,"had some fun playing two matches of pure bc2 in portal. overall, i had some fun with this game. but its time i take a break and wait for the big one on oct 10. GG 2042. ",False,/r/battlefield2042/comments/1nd9wdy/another_day_another_post_of_being_done/,battlefield2042,1757497986.0,3,0.33,Discussion
1nd9t12,https://www.reddit.com/gallery/1nd9t12,,6,"Were the Baltic Firestorms of 2028 caused by NXC(the leaked accelerant causing the BF6 battle royale in 2027), and was Pax Armata involved?",HearMeOut-13,False,False,False,,False,"**Arguments Supporting the NXC Chemical Accelerant Theory:**

The timeline creates a direct causal chain: California R&D facility breach (2027) -> Baltic Firestorms begin (2028). The one-year gap allows sufficient time for technology transfer, weaponization, or rogue deployment following the facility compromise. California's fragmented forest patches created natural firebreaks that contained NXC spread. The Baltic region's continuous agricultural landscape from Kyiv to Berlin provided uninterrupted fuel corridors, explaining the continental scale of destruction.

**Chemical Persistence Evidence** Normal fires don't burn for two continuous years. The extended duration indicates NXC functions as a persistent chemical accelerant that continues consuming organic matter over time, rather than standard combustion that burns available fuel and extinguishes.

The California installation is explicitly described as a ""classified military R&D facility"" conducting weapons development. NXC flamefront testing represents logical military research into area denial weapons and tactical fire deployment systems.

Multiple ""unidentified PMC groups"" attacked the facility specifically to prevent ""secrets from falling into the wrong hands."" This suggests industrial espionage with clear intent to acquire and potentially deploy the NXC technology elsewhere. And since PMCs are mentioned, we can NOT exclude that maybe Pax Armata participated in the raid, and possibly transferred NXC to Europe..

Both scenarios show identical environmental aftermath: persistent air pollution, water contamination, and long-term ecological damage. The Baltic description of contamination claiming ""just as many lives as the fires themselves"" matches expectations for chemical rather than natural fire effects.

The Baltic region contained(and still contains irl) Europe's ""Breadbasket"", deliberately targeting agricultural heartland maximizes economic disruption and refugee displacement, suggesting intentional rather than accidental deployment.

Please look at Image 1, Notice how the fire forms a wall-like barrier in the background, which matches the ""ring of fire"" mechanics from both the WWII Firestorm Project and the BF6 battle royale NXC flamefront. This isn't depicting normal wildfire behavior. 

The water reflection shows this is happening near a river or lake, but the fire continues unimpeded. indicating NXC doesn't extinguish with water contact like normal fires would. This chemical persistence would explain the ""contaminated water"" mentioned in the Baltic Firestorms aftermath.

  
Sources:  
[https://theexodusarchives.com/codex/home](https://theexodusarchives.com/codex/home)  
[https://old.reddit.com/r/Battlefield/comments/1kti0m0/bf\_labs\_datamining\_the\_battle\_royale\_mode\_new/](https://old.reddit.com/r/Battlefield/comments/1kti0m0/bf_labs_datamining_the_battle_royale_mode_new/)  
  
\--------------------------



My personal headcanon is, during the 2027 NATO-Pax Armata conflict, NATO somehow manages to wound PA badly, however, during a raid on a California RnD facility, PA manages to obtain NXC, an accelarent that burns brighter than fire, by 2028, if they are on their last legs, they might need to perform a scorched earth tactic, not the first time Blackburn believed in killing many to save even more, so they deploy NXC, destroying the breadbasket of Europe, causing the 2nd great depression, the collapse of the EU and NATO.

Now, HOW did the wounded Pax Armata disperse NXC?

Swedish airspace and potentially airbases would allow PA aircraft, including those Swedish Gripens, to conduct aerial dispersal operations across the Baltic agricultural corridor without NATO interference. Sweden's geographic position makes it an ideal staging ground: central access to the entire Kyiv-Berlin agricultural belt that got devastated.",False,/r/Battlefield/comments/1nd9t12/were_the_baltic_firestorms_of_2028_caused_by/,Battlefield,1757497630.0,10,0.67,Battlefield 6
1nd9d8k,https://www.reddit.com/gallery/1nd9d8k,,639,The leaks of bf6 drones,Double_Proposal_3316,False,False,False,,False,,False,/r/Battlefield/comments/1nd9d8k/the_leaks_of_bf6_drones/,Battlefield,1757495938.0,104,0.97,Battlefield 6
1nd94lb,https://www.reddit.com/r/buildapc/comments/1nd94lb/first_time_gaming_pc_feedbacksanity_check/,,0,First time gaming PC feedback/sanity check,donnybrasco1,False,True,False,,False,"Hi,

I am about to build my first gaming PC ever and seeking some feefback on the selected parts, viewed  both isolated and in combination.

**Planned Usage**  
I will use this computer exclusively for gaming as I work on my Mac. I have a 5k2k ultrawide 120Hz monitor (Dell U4025QW).

**Expectation**  
I want to play tripple A titles (especially BF6) fully utilizing my monitors capabilities for the next couple years.

**Budget**  
Budget is not that tight. But I don't have that much time to play so I'd rather not buy everything maxed out but rather upgrade a bit earlier (if that makes sense).

**My approach when picking parts**  
I like Nvidia. 5090 seems a bit over the top. But I wanted to splurge a bit since I never could afford a very good gaming PC when I was younger. So I went with the 5080 and selected the processor around it by recommendations online.

Case and fans where selected to look sleek and minimal while offering some lighting without the typical gaming RGB rainbow thing. I really like the form factor of the case but am a bit worried that it might be too small in the long run.

Motherboard, RAM, PSU, SSD where chosen like ""it's compatible, it's black, the manufacturer is reputable, done"".

**Part List**

[PCPartPicker Part List](https://de.pcpartpicker.com/list/mzvVNz)

|Type|Item|Price|
|:-|:-|:-|
|**CPU**|[AMD Ryzen 7 9800X3D 4.7 GHz 8-Core Processor](https://de.pcpartpicker.com/product/fPyH99/amd-ryzen-7-9800x3d-47-ghz-8-core-processor-100-1000001084wof)|€449.00 @ Amazon Deutschland|
|**CPU Cooler**|[Fractal Design Lumen S24 RGB V2 56 CFM Liquid CPU Cooler](https://de.pcpartpicker.com/product/dgXV3C/fractal-design-lumen-s24-rgb-v2-56-cfm-liquid-cpu-cooler-fd-w-l1-s2412)|€113.24 @ Amazon Deutschland|
|**Motherboard**|[ASRock B850M Pro-A WiFi Micro ATX AM5 Motherboard](https://de.pcpartpicker.com/product/FFdMnQ/asrock-b850m-pro-a-wifi-micro-atx-am5-motherboard-b850m-pro-a-wifi)|€139.90 @ Alza|
|**Memory**|[ADATA XPG Lancer Blade 32 GB (2 x 16 GB) DDR5-6000 CL30 Memory](https://de.pcpartpicker.com/product/Gk88TW/adata-xpg-lancer-blade-32-gb-2-x-16-gb-ddr5-6000-cl30-memory-ax5u6000c3016g-dtlabbk)|€115.90 @ Alza|
|**Storage**|[Crucial P3 Plus 2 TB M.2-2280 PCIe 4.0 X4 NVME Solid State Drive](https://de.pcpartpicker.com/product/yGZ9TW/crucial-p3-plus-2-tb-m2-2280-nvme-solid-state-drive-ct2000p3pssd8)|€117.89 @ Cyberport|
|**Video Card**|[PNY OC GeForce RTX 5080 16 GB Video Card](https://de.pcpartpicker.com/product/7z7MnQ/pny-oc-geforce-rtx-5080-16-gb-video-card-vcg508016tfxpb1-o)|€1086.99 @ Alternate|
|**Case**|[Fractal Design Pop Mini Air MicroATX Mid Tower Case](https://de.pcpartpicker.com/product/gx3gXL/fractal-design-pop-mini-air-microatx-mid-tower-case-fd-c-por1m-06)|€89.80 @ Amazon Deutschland|
|**Power Supply**|[MSI A1000G PCIE5 1000 W 80+ Gold Certified Fully Modular ATX Power Supply](https://de.pcpartpicker.com/product/ZDt9TW/msi-a1000g-pcie5-1000-w-80-gold-certified-fully-modular-atx-power-supply-mpg-a1000g-pcie-5)|€149.90 @ Amazon Deutschland|
|**Custom**|[Fractal Design FD-A-USBC-001 Pop Accessory USB-C 10Gbps Cable -...](https://de.pcpartpicker.com/product/PjrRsY/placeholder)|€11.36|
|*Prices include shipping, taxes, rebates, and discounts*|||
|**Total**|**€2273.98**||
|Generated by [PCPartPicker](https://pcpartpicker.com) 2025-09-10 11:01 CEST+0200|||

**Is this okay to order or am I doing something fundamentally wrong?**",False,/r/buildapc/comments/1nd94lb/first_time_gaming_pc_feedbacksanity_check/,buildapc,1757494981.0,5,0.5,Build Help
1nd8dwo,https://www.reddit.com/r/Battlefield6/comments/1nd8dwo/solocoop_mode/,,0,Solo/Co-op mode,Murders_Inc2556,False,True,False,,False,Hot take. I think Jackfrags said it in his latest YT video but I do not want to see Solo/Co-op mode in BF6 like we have in 2042. Or make it so you can't unlock weapon attachments and vehicle upgrades by just mowing down AI bots.,False,/r/Battlefield6/comments/1nd8dwo/solocoop_mode/,Battlefield6,1757492012.0,8,0.33,Discussion
1nd8dvu,https://www.reddit.com/r/Battlefield/comments/1nd8dvu/solocoop_mode/,,0,Solo/Co-op mode,Murders_Inc2556,False,True,False,,False,Hot take. I think Jackfrags said it in his latest YT video but I do not want to see Solo/Co-op mode in BF6 like we have in 2042. Or make it so you can't unlock weapon attachments and vehicle upgrades by just mowing down AI bots.,False,/r/Battlefield/comments/1nd8dvu/solocoop_mode/,Battlefield,1757492010.0,5,0.33,Battlefield 6
1nd7oeo,https://www.reddit.com/r/OLED_Gaming/comments/1nd7oeo/9070_xt_1440p_or_4k_for_27_inches/,,6,9070 XT - 1440p or 4K for 27 inches,noradmil,False,True,False,,False,"Hey all,

I need help deciding between a 1440p or 4K OLED display at 27 inches. I have a gaming PC with a **5700X3D** and a **9070 XT**, and I’m struggling to choose the right OLED monitor. Here’s a breakdown of my usage:

* **40%** PC or PS5 Pro gaming
* **40%** productivity work
* **20%** web browsing / videos, etc.

I typically sit about 80–90 cm (31–35 inches) from the screen. Initially, I was leaning toward a 4K display for the extra resolution, as it helps with text clarity and reduces fringing. On the other hand, I also value smooth gameplay. I’m not a competitive player and would be satisfied with frame rates above 90 fps, but I know my current setup isn’t exactly a 4K powerhouse. I’m concerned I might be too ambitious in going for 4K and could end up making the wrong choice.

On PC, I’ll mainly be playing shooters like **BF6** and **Arc Raiders**, while the PS5 Pro will be used more for single-player titles.

I’m considering the following monitors:

* **1440p** – ASUS ROG Strix OLED XG27ACDNG
* **4K** – ASUS ROG Strix OLED XG27UCDMG

I’d appreciate any comments or suggestions, including alternative monitor recommendations. Thank you!",False,/r/OLED_Gaming/comments/1nd7oeo/9070_xt_1440p_or_4k_for_27_inches/,OLED_Gaming,1757489127.0,71,0.76,Discussion
1nd7i89,https://i.redd.it/3roo60zueaof1.jpeg,,1443,Me when BF6 launches,EddyEnde,False,False,False,"{'images': [{'id': '--PgZIZG5LqHwShYC0l9ONEhHUN585uhdgTGcI-0MU0', 'source': {'url': 'https://preview.redd.it/3roo60zueaof1.jpeg?auto=webp&s=719d57807c0b743392ba133934f5d1d5f112443c', 'width': 603, 'height': 414}, 'variants': {}, 'resolutions': [{'url': 'https://preview.redd.it/3roo60zueaof1.jpeg?width=108&crop=smart&auto=webp&s=3bb4c6ea40b571bcc9a6eacaeb1525ec7f2e07fe', 'width': 108, 'height': 74}, {'url': 'https://preview.redd.it/3roo60zueaof1.jpeg?width=216&crop=smart&auto=webp&s=8aa6d935f49704b89f813f41a5f746cf7afe550f', 'width': 216, 'height': 148}, {'url': 'https://preview.redd.it/3roo60zueaof1.jpeg?width=320&crop=smart&auto=webp&s=3af87c3aa350b738fff0c9c56d7f10584048d497', 'width': 320, 'height': 219}]}], 'enabled': True}",False,,False,/r/Battlefield/comments/1nd7i89/me_when_bf6_launches/,Battlefield,1757488437.0,75,0.98,Meme
1nd7fhj,https://www.reddit.com/r/BattlefieldV/comments/1nd7fhj/late_for_the_party_but_its_like_a_whole_new_game/,,13,"Late for the party, but it's like a whole new game on PS5 and 4K tv",DDinoFartOnMyFace,1757488746.0,True,False,,False,"I used to play this game alot years ago on PS4 and HDTV. Few days ago I gave BF5 a try on PS5 after I finally got a 4K tv and it looks great and runs so good (and way lower screen latency) that it almost feels like a whole new game... However BF6 turns out to be, I'm not in rush to play it anymore as I'm loving BF5 like this. ",False,/r/BattlefieldV/comments/1nd7fhj/late_for_the_party_but_its_like_a_whole_new_game/,BattlefieldV,1757488131.0,4,1.0,Discussion
1nd7bb8,https://www.reddit.com/gallery/1nd7bb8,,4,Birthday PC,Hungry_Librarian_541,False,False,False,,False,"For my 21st B-Day i had to spoil myself with my first gaming pc coming from rtx 3060 laptop.
So i got a: i5 14th RTX 5070 16gb ddr5 1 tb ssd ~ $1,200 after tax then i went to best buy and got a 2tb ssd for $120 & FB marketplace another 16gb ram for $22 then found this 1440p 165hz Dell monitor for $70 open box making my new setup $1,412 (i already had second monitor 1080p 240 hz for $150 like 3 years ago) + free BF6 im too lazy for cable management ill fix it later. But i think this is one hell of a deal u could get from walmart right now.",False,/r/pcmasterrace/comments/1nd7bb8/birthday_pc/,pcmasterrace,1757487693.0,3,0.75,Build/Battlestation
1nd77j3,https://i.redd.it/p8xu61l2caof1.jpeg,,12,Can I use the BF6 Redemption code on a qualifying product that was part of the deal but I didn’t buy during the promotional period?,Familiar_Possible857,False,False,False,"{'images': [{'id': 'Ts1tiq1v7FqLP9azdGAdnOKMhcq5b9BA5XCSBfVlZpU', 'source': {'url': 'https://preview.redd.it/p8xu61l2caof1.jpeg?auto=webp&s=8e8ba189d7c9f2e56dad58fa37e51d4fd7f75190', 'width': 640, 'height': 332}, 'variants': {}, 'resolutions': [{'url': 'https://preview.redd.it/p8xu61l2caof1.jpeg?width=108&crop=smart&auto=webp&s=dcb0b74c027ac024f6dca78c6433d76b9bf657eb', 'width': 108, 'height': 56}, {'url': 'https://preview.redd.it/p8xu61l2caof1.jpeg?width=216&crop=smart&auto=webp&s=29a3754cc064fae89f98f0e8bf7daa8d907d94d5', 'width': 216, 'height': 112}, {'url': 'https://preview.redd.it/p8xu61l2caof1.jpeg?width=320&crop=smart&auto=webp&s=eb540f33f1b792660653faa7f5a6e05723c99155', 'width': 320, 'height': 166}, {'url': 'https://preview.redd.it/p8xu61l2caof1.jpeg?width=640&crop=smart&auto=webp&s=5e32bec822edd597b72d96135ec710de9fa9f57e', 'width': 640, 'height': 332}]}], 'enabled': True}",False,"I am currently trying to build my second PC and have been consistently eyeing the Arc B580 as a GPU as it was in my price range. I decided to try and do a “full Intel build” by purchasing a 14600k as it was both $40 and came with the BF6 Intel bundle at the time. Unfortunately, I returned the 14600k as I failed to do my research on proper motherboards for it and was disappointed to see that its older chip meant an almost non-existent upgrade path. But now I am left with the BF6 bundle and redemption key in my email inbox without a proper way to redeem it since it needs to scan my computer to find the qualifying Intel products. My question is if the redemption key is specific to the Intel item I bought (the 14600k cpu) or if I could buy something like the white ASRock STEEL LEGEND Arc B580 which was a qualifying product during the promotional period right now and still be able to redeem BF6 with the redemption key? Thanks for your time in looking at (and hopefully responding to) this post!",False,/r/IntelArc/comments/1nd77j3/can_i_use_the_bf6_redemption_code_on_a_qualifying/,IntelArc,1757487302.0,6,0.93,Discussion
1nd6n8m,https://www.reddit.com/r/buildapc/comments/1nd6n8m/system_wont_post_with_gpu_installed/,,0,System won't POST with GPU installed,Parthros,False,True,False,,False,"**Parts List:**

* [Intel Core Ultra 7 265K](https://www.amazon.com/dp/B0DFK2MH2D)
* [Gigabyte Z890M Gaming X](https://www.amazon.com/dp/B0DJP9FZYK)
* [32GB G.SKILL Ripjaws M5 RGB DDR5 6400 RAM](https://www.amazon.com/dp/B0D7NLY41D)
* [2TB WD_BLACK SN7100 SSD](https://www.newegg.com/western-digital-2tb-sn7100-nvme/p/N82E16820250275)
* [Cooler Master MWE Gold 750 W PSU](https://www.amazon.com/dp/B08M9LDLXH)
* [EVGA GTX 1660 Super](https://www.evga.com/products/specs/gpu.aspx?pn=a78bf14d-fb8a-4f02-85a5-ae186a19f852) (placeholder until I buy a modern GPU - known good, tested in another PC)

The system POSTs & boots completely fine without a GPU installed.  As soon as I install my GPU and plug HDMI into it, it gets stuck on the VGA light.  Out of curiosity, I tried removing the PCIE power cable from the GPU, and DID get video out - a message saying ""please connect all power cables to your GPU.""  After reconnecting the PCIE power to my GPU, it gets stuck at the same spot - VGA light on, no POST.

The only BIOS setting I have changed so far is enabling XMP so my RAM is running at 6400 MT/s.  I've read elsewhere this *might* be related to secure boot, which I believe is enabled by default on this motherboard (I will need it enabled to play BF6 though, so I'm really hoping to leave it on).

Any suggestions for further troubleshooting steps before I start to try swapping out parts?

Thanks in advance!",False,/r/buildapc/comments/1nd6n8m/system_wont_post_with_gpu_installed/,buildapc,1757485176.0,8,0.5,Solved!
1nd65nc,https://www.reddit.com/r/pcmasterrace/comments/1nd65nc/honest_opinions_on_the_intel_arc_b580/,,2,Honest opinions on the Intel ARC B580,connor_beswick96,False,True,False,,False,"Hey guys! I recently upgraded my 9600K to a 14600K (DDR4 for the time being)

This is paired with an RTX 2070 Super, it's been my ride or die for years but I want to upgrade to better suit my system. I plan on giving this GPU to a friend as her 3050 is lacking with the games she wants to play.

My thoughts are, since I'm gonna have a max budget of around £250-300, how would an Intel ARC B580 fair with a 14600K?

There's barely any cards around that price near me that would be a significant upgrade, and I like the idea of 12GB of VRAM on the B580 for a little future proofing.

I'm using an old 144hz 1080p panel but I do intend on upgrading to 1440p at some point.

Main games I'm playing are Battlefield 4 and 2042, as well as BF6 when it releases (NO PRE ORDERS STAY STRONG KINGS)

Let me know your experiences and opinions, cheers everyone!",False,/r/pcmasterrace/comments/1nd65nc/honest_opinions_on_the_intel_arc_b580/,pcmasterrace,1757483379.0,4,1.0,Hardware
1nd5sye,https://v.redd.it/e3v93ym34qnf1,,4,New BF6 Badlands map footage ( I think you’ll like this A LOT Mr.Acting Man),CKY975,False,False,False,"{'images': [{'id': 'bW9jb3o2cjM0cW5mMZw7dVFFLy9s7-bge7D6Jjmd-WvZrv4w0UhscbvWygpm', 'source': {'url': 'https://external-preview.redd.it/bW9jb3o2cjM0cW5mMZw7dVFFLy9s7-bge7D6Jjmd-WvZrv4w0UhscbvWygpm.png?auto=webp&s=5b67c043f603493779963c8d4c4bef1c11c5741f', 'width': 1440, 'height': 793}, 'variants': {}, 'resolutions': [{'url': 'https://external-preview.redd.it/bW9jb3o2cjM0cW5mMZw7dVFFLy9s7-bge7D6Jjmd-WvZrv4w0UhscbvWygpm.png?width=108&crop=smart&auto=webp&s=a80717adc23b67de09ee5dcec4355792804a260f', 'width': 108, 'height': 59}, {'url': 'https://external-preview.redd.it/bW9jb3o2cjM0cW5mMZw7dVFFLy9s7-bge7D6Jjmd-WvZrv4w0UhscbvWygpm.png?width=216&crop=smart&auto=webp&s=8bb5a3c7020953dc78665ee499c0f5e2a71d218c', 'width': 216, 'height': 118}, {'url': 'https://external-preview.redd.it/bW9jb3o2cjM0cW5mMZw7dVFFLy9s7-bge7D6Jjmd-WvZrv4w0UhscbvWygpm.png?width=320&crop=smart&auto=webp&s=9a251b90438df8ec38e3ff643cd3eca147d76c57', 'width': 320, 'height': 176}, {'url': 'https://external-preview.redd.it/bW9jb3o2cjM0cW5mMZw7dVFFLy9s7-bge7D6Jjmd-WvZrv4w0UhscbvWygpm.png?width=640&crop=smart&auto=webp&s=07d50903c01a656e09cb575ec49ed35b211ee880', 'width': 640, 'height': 352}, {'url': 'https://external-preview.redd.it/bW9jb3o2cjM0cW5mMZw7dVFFLy9s7-bge7D6Jjmd-WvZrv4w0UhscbvWygpm.png?width=960&crop=smart&auto=webp&s=086ca102edd7097bbb39cfe330f228d253e76e62', 'width': 960, 'height': 528}, {'url': 'https://external-preview.redd.it/bW9jb3o2cjM0cW5mMZw7dVFFLy9s7-bge7D6Jjmd-WvZrv4w0UhscbvWygpm.png?width=1080&crop=smart&auto=webp&s=71370ca821fc1a39fa76803ea75ee42ee897b4b9', 'width': 1080, 'height': 594}]}], 'enabled': False}",False,,False,/r/TheActMan/comments/1nd5sye/new_bf6_badlands_map_footage_i_think_youll_like/,TheActMan,1757482075.0,0,0.84,
1nd5o3y,https://www.reddit.com/r/PSNFriends/comments/1nd5o3y/25yr_gamer_looking_for_friends/,,7,25yr Gamer looking for friends,No-Profile2857,False,True,False,,False,"i have over 350 games, mainly i’m playing both Elden rings , Ready or not , helldivers2 and more. I plan on getting BD4 and BF6 when they release. And i can buy any game to be honest just give me a list and i’ll cop them. 


add me - Woahlonestar ",False,/r/PSNFriends/comments/1nd5o3y/25yr_gamer_looking_for_friends/,PSNFriends,1757481580.0,10,0.89,
1nd5dtk,https://www.reddit.com/r/Battlefield6/comments/1nd5dtk/xbox_crash_fix/,,6,Xbox Crash Fix,Arctos_DB,False,True,False,,False,"A large amount of people on Xbox Series X were having constant crashes while playing the beta, myself included. None of the common fixes would work, and it didn’t seem like anyone could find a solution. I noticed that most of my new-gen games would crash consistently, while their older counterparts ran fine. 

When you launch a next-gen optimized game the console’s power draw spikes so the GPU and CPU are suddenly pulling close to their maximum rated wattage. If the input power dips even slightly, the internal power supply can’t maintain clean output, and the system crashes to dashboard, freezes, or powers off. 

Series S didn’t have this issue because it doesn’t perform at the same level as the Series X, and the BF6 beta is one of the worst offenders because it is truly a new-gen game and pushes the limits more than older titles that were just upgraded. 

For me, the issue was using a cheap power strip and not plugging directly into the wall, but having a damaged cable/outlet could cause the same issue.  Four years of having the same console and strip with no issues, but I guess the newest games are beginning to push the SX’s limits. This may not have been what caused everyone else to crash, but because all of the descriptions of the crashing were so similar to mine, maybe this will help some people out.",False,/r/Battlefield6/comments/1nd5dtk/xbox_crash_fix/,Battlefield6,1757480559.0,2,0.8,Discussion
